SEQN,SBP,RIDAGEYR,RIAGENDR,RIDRETH3,BMXBMI
73557.0,112.66666666666667,69.0,1.0,4.0,26.7
73558.0,157.33333333333334,54.0,1.0,3.0,28.6
73559.0,142.0,72.0,1.0,3.0,28.9
73560.0,104.66666666666667,9.0,1.0,3.0,17.1
73561.0,137.33333333333334,73.0,2.0,3.0,19.7
73562.0,157.33333333333334,56.0,1.0,1.0,41.7
73564.0,122.66666666666667,61.0,2.0,3.0,35.7
73566.0,122.0,56.0,2.0,3.0,26.5
73567.0,141.33333333333334,65.0,1.0,3.0,22.0
73568.0,104.66666666666667,26.0,2.0,3.0,20.3
73570.0,102.66666666666667,9.0,2.0,7.0,17.4
73571.0,126.0,76.0,1.0,3.0,34.4
73572.0,90.0,10.0,2.0,4.0,19.7
73573.0,93.33333333333333,10.0,1.0,4.0,20.0
73574.0,121.33333333333333,33.0,2.0,6.0,22.8
73576.0,109.33333333333333,16.0,1.0,4.0,23.2
73577.0,119.33333333333333,32.0,1.0,1.0,28.9
73578.0,122.66666666666667,18.0,1.0,1.0,35.6
73579.0,111.33333333333333,12.0,2.0,3.0,15.5
73580.0,121.0,38.0,2.0,4.0,35.9
73581.0,133.33333333333334,50.0,1.0,6.0,23.6
73582.0,97.33333333333333,23.0,2.0,4.0,18.6
73584.0,109.33333333333333,13.0,1.0,3.0,25.3
73585.0,104.0,28.0,1.0,6.0,30.1
73587.0,112.0,14.0,1.0,6.0,38.7
73588.0,99.33333333333333,11.0,1.0,4.0,15.7
73589.0,120.0,35.0,1.0,3.0,26.2
73592.0,120.0,29.0,1.0,1.0,31.0
73594.0,120.66666666666667,23.0,1.0,2.0,24.7
73595.0,142.66666666666666,58.0,1.0,2.0,31.2
73596.0,128.66666666666666,57.0,2.0,6.0,38.3
73598.0,112.0,20.0,1.0,1.0,31.8
73599.0,118.0,13.0,2.0,3.0,17.8
73600.0,149.33333333333334,37.0,1.0,4.0,36.8
73601.0,100.66666666666667,12.0,1.0,1.0,20.9
73603.0,118.0,35.0,1.0,6.0,34.9
73604.0,115.33333333333333,69.0,2.0,3.0,24.2
73605.0,93.33333333333333,13.0,1.0,3.0,21.1
73606.0,120.0,16.0,1.0,3.0,26.9
73607.0,122.0,75.0,1.0,3.0,38.9
73609.0,96.0,11.0,2.0,1.0,17.7
73610.0,131.33333333333334,43.0,1.0,3.0,28.9
73613.0,126.66666666666667,60.0,2.0,4.0,39.1
73614.0,107.33333333333333,55.0,2.0,3.0,21.6
73615.0,140.66666666666666,65.0,2.0,2.0,26.0
73616.0,124.66666666666667,62.0,2.0,3.0,24.0
73618.0,104.66666666666667,54.0,2.0,3.0,32.7
73619.0,104.0,36.0,2.0,1.0,27.3
73621.0,136.0,80.0,1.0,3.0,24.6
73622.0,144.66666666666666,72.0,1.0,3.0,28.9
73623.0,120.66666666666667,32.0,1.0,3.0,26.3
73624.0,102.66666666666667,31.0,2.0,3.0,28.3
73626.0,160.0,72.0,2.0,4.0,26.7
73628.0,108.66666666666667,80.0,1.0,3.0,23.6
73629.0,107.33333333333333,26.0,2.0,4.0,36.5
73630.0,106.66666666666667,13.0,1.0,6.0,20.4
73631.0,161.33333333333334,56.0,2.0,4.0,39.1
73632.0,114.0,23.0,1.0,1.0,31.7
73633.0,140.0,43.0,2.0,3.0,30.5
73638.0,140.0,63.0,2.0,7.0,24.8
73639.0,123.33333333333333,71.0,1.0,3.0,30.3
73640.0,134.0,67.0,2.0,4.0,22.1
73642.0,128.0,57.0,2.0,3.0,37.8
73643.0,131.33333333333334,62.0,1.0,6.0,25.8
73644.0,88.66666666666667,8.0,1.0,7.0,14.4
73645.0,123.33333333333333,54.0,2.0,3.0,29.2
73647.0,115.33333333333333,61.0,2.0,2.0,27.7
73648.0,105.33333333333333,16.0,2.0,4.0,21.1
73652.0,176.0,54.0,2.0,4.0,36.4
73653.0,99.33333333333333,10.0,2.0,4.0,16.8
73654.0,122.66666666666667,46.0,1.0,3.0,36.2
73655.0,133.33333333333334,44.0,1.0,4.0,31.2
73656.0,118.66666666666667,54.0,1.0,3.0,28.0
73658.0,108.0,35.0,1.0,6.0,24.2
73659.0,149.0,70.0,2.0,3.0,46.1
73660.0,117.33333333333333,59.0,1.0,6.0,24.7
73661.0,110.0,25.0,1.0,4.0,21.0
73662.0,193.33333333333334,39.0,1.0,3.0,23.4
73663.0,111.33333333333333,25.0,1.0,3.0,33.0
73665.0,133.33333333333334,59.0,1.0,1.0,35.1
73666.0,120.0,70.0,1.0,6.0,26.3
73667.0,108.66666666666667,24.0,1.0,3.0,29.1
73668.0,112.66666666666667,30.0,2.0,3.0,32.3
73670.0,138.0,71.0,2.0,1.0,34.8
73671.0,138.66666666666666,49.0,1.0,4.0,21.3
73672.0,138.0,73.0,1.0,3.0,27.0
73673.0,115.33333333333333,45.0,1.0,3.0,19.3
73674.0,100.66666666666667,45.0,2.0,3.0,21.5
73675.0,127.33333333333333,29.0,1.0,6.0,25.3
73676.0,119.0,44.0,1.0,3.0,37.6
73677.0,106.0,61.0,2.0,4.0,36.4
73678.0,131.33333333333334,51.0,1.0,3.0,33.7
73680.0,111.33333333333333,12.0,1.0,3.0,18.0
73681.0,98.66666666666667,9.0,2.0,4.0,18.8
73684.0,116.66666666666667,64.0,1.0,6.0,24.8
73687.0,87.33333333333333,8.0,1.0,3.0,15.4
73688.0,122.66666666666667,58.0,1.0,3.0,33.6
73690.0,167.33333333333334,77.0,2.0,3.0,21.4
73691.0,120.0,14.0,1.0,3.0,18.9
73692.0,132.66666666666666,65.0,1.0,2.0,23.8
73693.0,182.0,78.0,2.0,3.0,35.2
73694.0,114.0,66.0,2.0,3.0,26.8
73696.0,82.0,8.0,2.0,3.0,18.3
73697.0,94.0,57.0,2.0,3.0,22.5
73698.0,127.33333333333333,23.0,1.0,3.0,29.1
73699.0,98.0,20.0,1.0,3.0,22.7
73701.0,110.66666666666667,47.0,1.0,6.0,24.6
73702.0,156.66666666666666,48.0,2.0,3.0,46.2
73703.0,99.33333333333333,38.0,2.0,2.0,26.1
73704.0,92.66666666666667,8.0,2.0,3.0,15.3
73705.0,100.0,10.0,1.0,3.0,16.5
73706.0,138.0,54.0,1.0,3.0,30.8
73707.0,124.0,45.0,1.0,4.0,32.2
73708.0,114.66666666666667,69.0,1.0,1.0,25.9
73709.0,161.33333333333334,64.0,1.0,4.0,30.9
73712.0,114.0,18.0,1.0,6.0,27.3
73714.0,102.0,29.0,2.0,3.0,26.4
73715.0,104.66666666666667,38.0,2.0,3.0,34.6
73716.0,114.0,25.0,1.0,3.0,26.3
73717.0,166.0,78.0,1.0,4.0,32.5
73718.0,134.0,53.0,1.0,4.0,26.5
73719.0,94.0,11.0,2.0,1.0,25.2
73720.0,128.66666666666666,48.0,1.0,4.0,40.9
73722.0,148.66666666666666,80.0,2.0,4.0,24.6
73723.0,129.33333333333334,77.0,1.0,3.0,33.4
73724.0,116.66666666666667,26.0,1.0,4.0,19.2
73725.0,154.66666666666666,80.0,2.0,3.0,25.1
73726.0,143.0,67.0,2.0,1.0,23.6
73728.0,98.0,16.0,1.0,3.0,21.2
73729.0,118.0,46.0,1.0,3.0,36.2
73730.0,114.66666666666667,48.0,1.0,1.0,26.4
73731.0,96.66666666666667,12.0,1.0,7.0,18.0
73732.0,158.0,80.0,1.0,3.0,22.5
73733.0,112.0,23.0,2.0,1.0,32.0
73735.0,116.0,29.0,2.0,2.0,37.6
73736.0,103.33333333333333,55.0,1.0,4.0,30.5
73738.0,124.0,29.0,1.0,4.0,44.5
73739.0,112.0,46.0,2.0,3.0,27.5
73740.0,115.33333333333333,57.0,2.0,6.0,27.0
73741.0,140.0,47.0,2.0,1.0,33.4
73742.0,106.66666666666667,11.0,2.0,7.0,22.8
73746.0,117.0,64.0,2.0,3.0,19.1
73747.0,193.33333333333334,80.0,2.0,2.0,30.1
73749.0,110.0,29.0,1.0,3.0,23.8
73750.0,104.0,9.0,1.0,7.0,15.3
73751.0,115.0,61.0,2.0,3.0,30.5
73752.0,88.66666666666667,8.0,2.0,3.0,18.5
73753.0,86.0,11.0,2.0,3.0,17.4
73754.0,106.66666666666667,15.0,1.0,1.0,21.6
73755.0,134.0,75.0,1.0,1.0,22.8
73756.0,118.66666666666667,56.0,1.0,3.0,25.6
73757.0,96.66666666666667,29.0,2.0,1.0,37.5
73758.0,100.66666666666667,15.0,2.0,3.0,26.5
73759.0,112.0,9.0,2.0,1.0,27.2
73760.0,124.66666666666667,64.0,1.0,3.0,21.3
73761.0,101.33333333333333,17.0,1.0,1.0,17.2
73763.0,114.0,31.0,2.0,2.0,39.7
73764.0,106.0,13.0,1.0,6.0,21.1
73765.0,106.0,54.0,1.0,1.0,22.2
73766.0,135.33333333333334,75.0,2.0,3.0,36.0
73767.0,100.66666666666667,35.0,2.0,6.0,19.0
73769.0,120.0,42.0,1.0,2.0,28.5
73770.0,120.0,50.0,2.0,3.0,40.3
73772.0,104.0,21.0,2.0,1.0,27.3
73773.0,93.0,39.0,2.0,1.0,23.4
73775.0,108.0,14.0,2.0,4.0,20.6
73776.0,106.66666666666667,19.0,2.0,2.0,22.5
73778.0,140.0,62.0,1.0,1.0,52.3
73779.0,116.0,62.0,1.0,3.0,18.1
73780.0,148.0,78.0,1.0,3.0,24.1
73781.0,118.66666666666667,48.0,2.0,3.0,30.2
73782.0,112.0,68.0,1.0,3.0,23.2
73783.0,95.0,26.0,1.0,3.0,24.9
73785.0,123.33333333333333,46.0,1.0,6.0,26.2
73786.0,108.0,18.0,2.0,3.0,29.7
73787.0,91.33333333333333,71.0,1.0,4.0,28.2
73788.0,115.33333333333333,9.0,2.0,2.0,21.8
73790.0,140.0,59.0,1.0,3.0,30.2
73792.0,136.66666666666666,68.0,2.0,3.0,28.9
73793.0,100.66666666666667,10.0,1.0,1.0,16.3
73795.0,150.66666666666666,59.0,1.0,3.0,29.9
73797.0,119.33333333333333,57.0,2.0,3.0,64.7
73798.0,111.33333333333333,11.0,1.0,2.0,17.6
73799.0,115.33333333333333,10.0,2.0,1.0,23.0
73800.0,124.66666666666667,54.0,2.0,3.0,54.2
73801.0,110.0,46.0,2.0,2.0,23.0
73802.0,100.66666666666667,18.0,2.0,6.0,19.2
73804.0,104.66666666666667,55.0,1.0,1.0,30.8
73805.0,122.66666666666667,30.0,2.0,3.0,49.9
73806.0,131.33333333333334,63.0,1.0,4.0,32.2
73807.0,116.0,50.0,2.0,3.0,27.8
73808.0,147.33333333333334,53.0,2.0,3.0,33.5
73809.0,135.33333333333334,52.0,2.0,3.0,25.6
73810.0,117.33333333333333,48.0,1.0,2.0,26.9
73811.0,141.33333333333334,64.0,1.0,3.0,31.8
73813.0,106.66666666666667,34.0,2.0,3.0,26.3
73815.0,133.33333333333334,72.0,2.0,4.0,25.0
73816.0,134.66666666666666,64.0,1.0,2.0,27.8
73820.0,122.0,56.0,1.0,3.0,28.6
73821.0,79.0,56.0,2.0,3.0,28.9
73822.0,105.33333333333333,13.0,2.0,4.0,18.2
73823.0,116.0,35.0,1.0,4.0,21.7
73824.0,106.0,11.0,1.0,4.0,18.3
73825.0,125.33333333333333,64.0,2.0,6.0,27.2
73826.0,94.0,14.0,2.0,1.0,19.7
73827.0,103.33333333333333,11.0,2.0,1.0,19.7
73831.0,111.33333333333333,48.0,2.0,7.0,34.5
73833.0,93.33333333333333,34.0,2.0,6.0,18.5
73834.0,108.0,64.0,1.0,6.0,22.2
73835.0,117.33333333333333,13.0,1.0,1.0,23.5
73836.0,82.0,9.0,2.0,3.0,15.8
73837.0,101.33333333333333,29.0,1.0,3.0,28.6
73839.0,136.0,68.0,1.0,3.0,35.4
73840.0,118.0,77.0,2.0,3.0,31.2
73841.0,105.33333333333333,13.0,1.0,1.0,22.6
73842.0,152.66666666666666,53.0,1.0,1.0,30.4
73843.0,119.33333333333333,42.0,1.0,6.0,28.3
73845.0,130.66666666666666,70.0,2.0,3.0,39.1
73846.0,110.66666666666667,24.0,2.0,4.0,34.4
73847.0,132.0,34.0,1.0,3.0,29.6
73848.0,119.33333333333333,65.0,2.0,3.0,41.1
73849.0,104.66666666666667,16.0,2.0,3.0,19.5
73850.0,116.0,30.0,1.0,3.0,22.8
73851.0,108.0,48.0,2.0,1.0,27.9
73853.0,114.0,13.0,1.0,3.0,15.4
73858.0,112.66666666666667,52.0,1.0,4.0,26.6
73859.0,119.33333333333333,38.0,1.0,4.0,31.5
73860.0,152.0,53.0,1.0,4.0,22.6
73861.0,158.0,77.0,1.0,3.0,34.7
73862.0,151.33333333333334,61.0,2.0,3.0,44.2
73863.0,128.66666666666666,26.0,1.0,6.0,22.2
73864.0,109.33333333333333,62.0,2.0,3.0,31.5
73865.0,123.33333333333333,48.0,1.0,3.0,20.9
73866.0,126.0,47.0,2.0,2.0,50.9
73868.0,116.0,32.0,1.0,7.0,28.2
73870.0,136.0,38.0,1.0,3.0,30.3
73872.0,118.0,63.0,2.0,6.0,28.1
73873.0,138.0,80.0,1.0,6.0,26.1
73875.0,122.66666666666667,43.0,1.0,2.0,28.2
73878.0,129.33333333333334,45.0,2.0,4.0,25.4
73879.0,146.66666666666666,58.0,2.0,3.0,19.3
73880.0,125.33333333333333,50.0,2.0,3.0,41.6
73881.0,119.33333333333333,38.0,1.0,2.0,36.5
73882.0,114.0,25.0,2.0,3.0,26.6
73883.0,106.66666666666667,67.0,1.0,1.0,39.9
73884.0,116.66666666666667,43.0,1.0,1.0,30.7
73886.0,130.66666666666666,64.0,2.0,2.0,31.2
73887.0,122.0,16.0,1.0,3.0,30.8
73888.0,137.33333333333334,56.0,1.0,3.0,33.0
73889.0,108.0,15.0,1.0,2.0,18.6
73890.0,118.66666666666667,16.0,1.0,4.0,42.1
73892.0,98.0,15.0,1.0,6.0,21.5
73897.0,96.0,11.0,2.0,4.0,15.3
73898.0,92.0,9.0,1.0,3.0,16.3
73899.0,125.33333333333333,57.0,1.0,4.0,42.3
73900.0,104.0,66.0,1.0,3.0,26.6
73901.0,113.33333333333333,54.0,1.0,3.0,24.7
73902.0,98.0,28.0,2.0,6.0,22.9
73904.0,120.66666666666667,17.0,1.0,1.0,20.9
73905.0,98.66666666666667,12.0,1.0,1.0,20.1
73906.0,106.0,34.0,2.0,1.0,28.9
73907.0,114.0,8.0,2.0,3.0,25.4
73908.0,108.0,67.0,1.0,3.0,29.9
73910.0,116.0,51.0,1.0,6.0,22.2
73913.0,134.0,26.0,1.0,4.0,22.8
73914.0,110.66666666666667,52.0,2.0,7.0,24.8
73915.0,86.66666666666667,14.0,2.0,3.0,29.4
73916.0,131.33333333333334,27.0,1.0,3.0,32.4
73917.0,97.33333333333333,8.0,1.0,3.0,14.0
73918.0,121.33333333333333,32.0,1.0,4.0,23.2
73919.0,151.33333333333334,61.0,1.0,4.0,31.1
73920.0,126.0,18.0,1.0,1.0,21.1
73924.0,92.66666666666667,39.0,2.0,3.0,24.9
73925.0,107.33333333333333,60.0,1.0,2.0,28.7
73926.0,139.33333333333334,64.0,1.0,1.0,30.9
73928.0,123.33333333333333,23.0,1.0,4.0,32.9
73930.0,136.66666666666666,70.0,2.0,4.0,34.4
73931.0,119.0,37.0,2.0,1.0,32.0
73932.0,112.0,30.0,1.0,3.0,26.4
73933.0,101.33333333333333,10.0,2.0,7.0,18.7
73934.0,140.0,31.0,1.0,4.0,29.7
73935.0,130.0,63.0,1.0,2.0,24.2
73937.0,92.66666666666667,41.0,2.0,1.0,22.4
73938.0,106.66666666666667,53.0,2.0,3.0,26.8
73941.0,117.33333333333333,28.0,1.0,4.0,26.1
73943.0,98.0,19.0,1.0,2.0,21.2
73945.0,138.66666666666666,66.0,1.0,3.0,37.6
73949.0,130.66666666666666,48.0,1.0,1.0,32.0
73951.0,116.66666666666667,14.0,1.0,2.0,20.9
73952.0,114.66666666666667,42.0,1.0,1.0,39.2
73953.0,111.33333333333333,13.0,2.0,4.0,19.7
73954.0,118.66666666666667,45.0,2.0,3.0,23.9
73955.0,116.0,31.0,2.0,4.0,29.0
73957.0,103.33333333333333,26.0,2.0,6.0,23.0
73958.0,106.66666666666667,16.0,2.0,4.0,36.7
73960.0,104.66666666666667,11.0,2.0,3.0,14.9
73962.0,156.66666666666666,49.0,1.0,4.0,31.9
73963.0,110.66666666666667,16.0,1.0,6.0,24.5
73964.0,158.0,45.0,1.0,4.0,29.9
73967.0,94.0,9.0,1.0,6.0,19.6
73968.0,110.66666666666667,15.0,1.0,4.0,20.8
73970.0,92.0,10.0,1.0,2.0,18.6
73971.0,98.66666666666667,15.0,2.0,4.0,32.6
73973.0,144.0,75.0,2.0,4.0,29.5
73974.0,118.66666666666667,34.0,1.0,1.0,31.2
73975.0,128.0,64.0,2.0,3.0,25.4
73976.0,110.0,11.0,2.0,7.0,23.5
73977.0,106.66666666666667,30.0,1.0,6.0,24.5
73978.0,97.33333333333333,10.0,2.0,6.0,17.0
73979.0,121.33333333333333,61.0,2.0,3.0,25.9
73980.0,113.33333333333333,43.0,1.0,2.0,22.0
73981.0,125.0,36.0,2.0,6.0,28.0
73982.0,101.33333333333333,13.0,1.0,4.0,26.4
73983.0,109.0,18.0,2.0,4.0,30.1
73985.0,124.66666666666667,43.0,2.0,2.0,38.4
73987.0,124.66666666666667,56.0,1.0,1.0,34.9
73990.0,144.0,50.0,2.0,6.0,25.5
73991.0,92.0,8.0,2.0,1.0,23.2
73992.0,117.33333333333333,20.0,1.0,3.0,18.4
73993.0,130.0,57.0,1.0,3.0,26.7
73994.0,135.33333333333334,36.0,1.0,7.0,26.8
73995.0,100.66666666666667,40.0,2.0,6.0,23.5
73996.0,88.66666666666667,17.0,2.0,3.0,21.2
73997.0,107.33333333333333,17.0,1.0,1.0,22.0
73998.0,98.66666666666667,32.0,2.0,4.0,28.0
73999.0,120.66666666666667,66.0,1.0,3.0,26.2
74000.0,113.33333333333333,14.0,1.0,3.0,17.3
74001.0,109.33333333333333,48.0,1.0,4.0,42.4
74002.0,142.0,63.0,1.0,4.0,39.0
74003.0,114.66666666666667,68.0,2.0,4.0,35.0
74004.0,124.0,31.0,2.0,4.0,31.2
74005.0,129.33333333333334,23.0,1.0,3.0,20.7
74006.0,152.0,34.0,2.0,4.0,35.7
74007.0,97.33333333333333,71.0,2.0,3.0,33.3
74008.0,126.0,49.0,2.0,3.0,31.4
74010.0,126.66666666666667,40.0,1.0,3.0,28.9
74011.0,122.0,55.0,1.0,4.0,29.6
74012.0,157.33333333333334,68.0,2.0,1.0,30.4
74013.0,122.0,56.0,2.0,3.0,23.1
74014.0,140.66666666666666,60.0,1.0,1.0,28.7
74016.0,117.33333333333333,49.0,1.0,6.0,22.6
74017.0,107.33333333333333,18.0,2.0,6.0,31.9
74018.0,127.33333333333333,22.0,1.0,4.0,35.0
74019.0,106.66666666666667,17.0,2.0,1.0,19.2
74021.0,117.33333333333333,16.0,1.0,1.0,25.4
74022.0,114.66666666666667,66.0,2.0,1.0,30.8
74023.0,102.0,19.0,1.0,3.0,26.4
74025.0,111.0,45.0,1.0,3.0,27.7
74026.0,98.66666666666667,11.0,1.0,2.0,15.0
74027.0,118.66666666666667,42.0,1.0,4.0,20.5
74028.0,113.33333333333333,57.0,2.0,4.0,20.8
74029.0,122.66666666666667,22.0,1.0,4.0,25.2
74031.0,99.0,19.0,2.0,4.0,19.0
74032.0,112.66666666666667,47.0,2.0,3.0,31.9
74033.0,156.0,80.0,1.0,3.0,24.2
74037.0,103.0,20.0,1.0,1.0,21.3
74038.0,152.66666666666666,54.0,2.0,4.0,38.4
74039.0,107.33333333333333,10.0,2.0,4.0,21.3
74041.0,126.0,60.0,1.0,1.0,27.4
74042.0,104.66666666666667,41.0,2.0,6.0,32.2
74043.0,106.66666666666667,14.0,2.0,1.0,22.9
74044.0,157.33333333333334,73.0,1.0,3.0,18.0
74045.0,147.33333333333334,38.0,1.0,1.0,42.7
74046.0,94.0,41.0,2.0,3.0,23.7
74047.0,113.33333333333333,40.0,2.0,1.0,26.4
74048.0,96.66666666666667,80.0,1.0,3.0,26.4
74049.0,106.0,62.0,2.0,4.0,16.8
74050.0,107.33333333333333,44.0,2.0,3.0,25.1
74051.0,124.0,20.0,2.0,6.0,27.7
74053.0,90.66666666666667,10.0,2.0,4.0,15.0
74054.0,122.0,40.0,2.0,3.0,23.9
74055.0,138.0,57.0,1.0,1.0,26.1
74056.0,130.0,38.0,1.0,2.0,29.9
74057.0,131.33333333333334,63.0,2.0,4.0,47.2
74058.0,124.66666666666667,60.0,2.0,4.0,34.2
74059.0,103.33333333333333,57.0,1.0,3.0,28.2
74060.0,83.33333333333333,8.0,2.0,3.0,14.3
74061.0,98.0,12.0,2.0,4.0,17.6
74062.0,141.0,67.0,2.0,6.0,31.7
74064.0,99.33333333333333,17.0,1.0,6.0,16.1
74065.0,162.66666666666666,71.0,2.0,3.0,23.0
74066.0,174.0,56.0,1.0,2.0,28.8
74070.0,102.66666666666667,59.0,2.0,3.0,40.7
74072.0,134.0,63.0,1.0,4.0,24.3
74075.0,129.33333333333334,59.0,1.0,4.0,38.6
74077.0,120.0,26.0,1.0,3.0,27.3
74078.0,122.0,63.0,1.0,3.0,23.9
74081.0,139.33333333333334,80.0,1.0,3.0,30.2
74083.0,137.33333333333334,67.0,2.0,4.0,30.1
74085.0,130.0,80.0,2.0,3.0,32.1
74087.0,132.0,59.0,2.0,1.0,25.9
74089.0,104.66666666666667,11.0,1.0,4.0,19.1
74090.0,164.0,80.0,2.0,3.0,26.4
74091.0,104.0,19.0,2.0,7.0,29.8
74095.0,99.33333333333333,12.0,2.0,2.0,16.8
74096.0,135.33333333333334,53.0,1.0,3.0,26.9
74097.0,112.66666666666667,40.0,2.0,3.0,37.0
74099.0,128.0,44.0,1.0,1.0,28.7
74100.0,112.0,69.0,1.0,4.0,31.7
74101.0,120.66666666666667,34.0,2.0,7.0,27.7
74102.0,122.66666666666667,18.0,2.0,4.0,43.8
74103.0,104.0,17.0,2.0,2.0,27.1
74104.0,106.0,8.0,2.0,7.0,16.5
74106.0,93.33333333333333,10.0,2.0,4.0,18.4
74109.0,132.0,59.0,2.0,3.0,24.9
74110.0,137.33333333333334,60.0,1.0,2.0,24.3
74111.0,129.33333333333334,61.0,2.0,6.0,23.9
74112.0,116.0,28.0,2.0,2.0,39.9
74113.0,118.66666666666667,17.0,1.0,3.0,28.1
74114.0,104.66666666666667,9.0,2.0,4.0,14.9
74115.0,112.0,27.0,1.0,1.0,25.3
74116.0,114.66666666666667,25.0,1.0,2.0,30.3
74117.0,95.33333333333333,8.0,2.0,4.0,15.6
74118.0,108.66666666666667,35.0,2.0,1.0,27.3
74119.0,116.66666666666667,32.0,2.0,1.0,36.1
74120.0,127.33333333333333,80.0,1.0,3.0,31.2
74121.0,89.33333333333333,9.0,2.0,3.0,12.9
74122.0,121.0,71.0,2.0,3.0,20.2
74123.0,111.33333333333333,21.0,2.0,2.0,23.5
74124.0,114.0,28.0,2.0,2.0,23.0
74125.0,113.33333333333333,39.0,2.0,3.0,35.5
74126.0,144.66666666666666,53.0,2.0,4.0,42.6
74127.0,112.66666666666667,33.0,2.0,4.0,28.1
74128.0,139.33333333333334,71.0,2.0,4.0,26.9
74130.0,102.66666666666667,12.0,1.0,4.0,14.5
74131.0,98.66666666666667,24.0,2.0,1.0,29.5
74132.0,125.33333333333333,62.0,2.0,4.0,33.1
74133.0,95.33333333333333,14.0,2.0,1.0,21.5
74134.0,126.0,51.0,2.0,6.0,21.3
74137.0,103.33333333333333,17.0,1.0,1.0,21.6
74138.0,155.33333333333334,69.0,1.0,1.0,32.4
74139.0,150.66666666666666,63.0,2.0,6.0,21.1
74140.0,96.0,8.0,2.0,1.0,24.6
74141.0,115.33333333333333,71.0,2.0,3.0,43.0
74142.0,104.66666666666667,61.0,1.0,4.0,40.4
74143.0,125.33333333333333,30.0,1.0,3.0,26.1
74144.0,120.0,51.0,1.0,1.0,31.1
74146.0,123.33333333333333,50.0,1.0,4.0,23.9
74147.0,110.66666666666667,79.0,2.0,3.0,36.2
74148.0,116.0,42.0,2.0,3.0,30.9
74149.0,115.33333333333333,54.0,2.0,1.0,27.3
74150.0,105.33333333333333,20.0,2.0,3.0,21.9
74153.0,136.66666666666666,59.0,2.0,3.0,27.9
74154.0,145.33333333333334,52.0,2.0,4.0,49.2
74158.0,126.66666666666667,19.0,2.0,4.0,22.5
74159.0,128.66666666666666,32.0,1.0,4.0,30.6
74160.0,102.0,66.0,2.0,2.0,33.3
74161.0,110.0,16.0,2.0,7.0,23.2
74163.0,106.0,11.0,2.0,1.0,16.7
74164.0,105.33333333333333,38.0,2.0,1.0,24.5
74166.0,119.33333333333333,28.0,2.0,3.0,22.9
74168.0,104.66666666666667,14.0,1.0,1.0,19.7
74169.0,106.66666666666667,22.0,1.0,4.0,35.6
74170.0,154.66666666666666,56.0,1.0,4.0,31.6
74171.0,100.0,17.0,1.0,6.0,20.0
74172.0,94.66666666666667,33.0,2.0,3.0,25.6
74173.0,128.0,43.0,2.0,2.0,19.8
74175.0,126.66666666666667,80.0,2.0,3.0,28.9
74176.0,128.66666666666666,51.0,2.0,6.0,21.0
74178.0,120.0,53.0,2.0,4.0,29.7
74179.0,106.0,17.0,1.0,4.0,22.8
74180.0,168.66666666666666,63.0,2.0,3.0,31.8
74181.0,104.66666666666667,38.0,1.0,3.0,35.3
74182.0,98.66666666666667,12.0,1.0,1.0,17.1
74183.0,112.66666666666667,11.0,2.0,2.0,23.3
74184.0,138.0,55.0,2.0,6.0,19.9
74185.0,91.33333333333333,11.0,2.0,3.0,24.3
74187.0,118.66666666666667,23.0,2.0,4.0,28.2
74188.0,142.0,80.0,1.0,3.0,23.8
74190.0,117.33333333333333,56.0,2.0,3.0,27.3
74191.0,134.0,39.0,2.0,4.0,27.3
74195.0,117.33333333333333,26.0,2.0,3.0,45.1
74196.0,100.0,36.0,2.0,3.0,31.0
74197.0,108.0,26.0,1.0,4.0,27.8
74198.0,133.33333333333334,66.0,2.0,2.0,29.4
74199.0,98.66666666666667,22.0,2.0,4.0,18.8
74203.0,124.0,51.0,2.0,4.0,24.6
74205.0,175.33333333333334,65.0,1.0,6.0,22.2
74206.0,106.0,16.0,1.0,7.0,18.9
74207.0,118.0,32.0,2.0,3.0,27.6
74209.0,106.66666666666667,9.0,2.0,4.0,28.9
74211.0,174.66666666666666,74.0,2.0,2.0,33.9
74214.0,112.0,47.0,2.0,2.0,28.7
74215.0,94.66666666666667,9.0,2.0,1.0,17.8
74218.0,96.0,10.0,1.0,4.0,19.8
74219.0,123.33333333333333,74.0,1.0,6.0,21.9
74221.0,148.66666666666666,34.0,2.0,4.0,44.6
74222.0,114.0,45.0,1.0,3.0,23.8
74224.0,132.66666666666666,66.0,1.0,3.0,22.9
74225.0,122.0,67.0,2.0,2.0,30.4
74226.0,112.0,20.0,2.0,6.0,18.1
74227.0,120.0,78.0,2.0,4.0,34.1
74229.0,98.0,17.0,2.0,4.0,18.9
74230.0,126.66666666666667,44.0,1.0,1.0,28.9
74231.0,135.33333333333334,67.0,2.0,4.0,31.1
74232.0,94.0,29.0,2.0,3.0,19.2
74233.0,115.33333333333333,19.0,2.0,1.0,19.8
74235.0,105.33333333333333,27.0,2.0,1.0,39.8
74237.0,121.33333333333333,51.0,2.0,3.0,47.7
74239.0,115.33333333333333,35.0,2.0,3.0,22.7
74240.0,166.0,74.0,2.0,4.0,32.5
74241.0,132.0,72.0,1.0,3.0,29.6
74242.0,114.0,9.0,2.0,7.0,37.0
74243.0,125.33333333333333,33.0,2.0,1.0,37.5
74245.0,96.0,11.0,2.0,2.0,16.1
74247.0,109.33333333333333,74.0,1.0,3.0,21.1
74249.0,115.33333333333333,16.0,2.0,6.0,21.1
74251.0,108.0,20.0,1.0,3.0,22.9
74252.0,110.0,18.0,2.0,3.0,22.1
74253.0,138.66666666666666,77.0,1.0,4.0,23.6
74254.0,135.33333333333334,71.0,1.0,3.0,39.3
74256.0,117.0,17.0,1.0,6.0,23.5
74259.0,102.66666666666667,39.0,2.0,2.0,29.4
74260.0,148.0,52.0,2.0,4.0,26.0
74262.0,140.66666666666666,70.0,2.0,3.0,27.4
74263.0,88.0,8.0,2.0,7.0,19.2
74264.0,129.33333333333334,46.0,2.0,1.0,33.9
74265.0,107.33333333333333,36.0,2.0,2.0,21.8
74268.0,152.66666666666666,62.0,2.0,3.0,24.4
74271.0,108.66666666666667,13.0,1.0,1.0,37.1
74273.0,111.33333333333333,16.0,1.0,3.0,18.9
74274.0,96.0,16.0,1.0,4.0,22.6
74275.0,94.0,29.0,2.0,7.0,20.9
74276.0,112.0,62.0,2.0,1.0,44.9
74277.0,113.0,16.0,1.0,1.0,26.1
74278.0,100.0,42.0,2.0,6.0,22.1
74279.0,112.66666666666667,21.0,2.0,3.0,20.9
74280.0,115.33333333333333,80.0,2.0,3.0,24.4
74281.0,118.0,27.0,1.0,3.0,21.3
74283.0,123.33333333333333,49.0,2.0,1.0,28.3
74284.0,156.66666666666666,58.0,1.0,4.0,42.7
74285.0,116.66666666666667,30.0,2.0,7.0,22.4
74286.0,106.0,10.0,2.0,4.0,15.2
74287.0,120.66666666666667,60.0,1.0,4.0,36.2
74288.0,103.33333333333333,15.0,2.0,1.0,14.9
74290.0,117.33333333333333,48.0,1.0,3.0,38.4
74292.0,105.0,63.0,2.0,3.0,24.6
74293.0,124.0,27.0,2.0,3.0,47.8
74295.0,114.0,26.0,1.0,6.0,21.3
74296.0,117.33333333333333,26.0,1.0,3.0,25.9
74297.0,98.66666666666667,9.0,1.0,2.0,17.0
74298.0,167.33333333333334,80.0,2.0,3.0,27.9
74300.0,122.0,46.0,1.0,4.0,30.0
74301.0,110.0,50.0,2.0,3.0,32.4
74302.0,138.0,62.0,1.0,2.0,37.5
74304.0,118.66666666666667,80.0,1.0,3.0,31.4
74305.0,137.33333333333334,71.0,1.0,3.0,22.9
74306.0,118.66666666666667,62.0,1.0,1.0,33.3
74308.0,79.33333333333333,11.0,1.0,3.0,14.1
74310.0,110.0,60.0,2.0,6.0,27.8
74312.0,125.33333333333333,22.0,1.0,3.0,19.7
74313.0,146.0,80.0,2.0,3.0,18.9
74314.0,112.66666666666667,50.0,1.0,6.0,26.1
74316.0,97.33333333333333,17.0,2.0,4.0,24.2
74317.0,108.0,33.0,1.0,3.0,24.4
74318.0,137.33333333333334,52.0,2.0,3.0,19.8
74319.0,136.0,68.0,2.0,6.0,19.7
74322.0,99.33333333333333,18.0,1.0,1.0,18.8
74323.0,112.66666666666667,27.0,2.0,3.0,20.2
74324.0,145.0,79.0,2.0,3.0,43.1
74325.0,142.0,12.0,1.0,7.0,21.3
74326.0,110.66666666666667,16.0,1.0,4.0,33.2
74328.0,112.66666666666667,44.0,1.0,2.0,28.5
74329.0,117.33333333333333,46.0,1.0,6.0,21.7
74331.0,139.33333333333334,33.0,1.0,4.0,38.5
74332.0,112.0,18.0,2.0,3.0,48.6
74334.0,95.33333333333333,11.0,2.0,6.0,15.7
74335.0,93.33333333333333,9.0,2.0,1.0,20.1
74338.0,104.66666666666667,43.0,1.0,3.0,28.6
74339.0,110.0,12.0,1.0,1.0,21.3
74340.0,110.66666666666667,41.0,1.0,3.0,25.8
74341.0,138.66666666666666,60.0,1.0,2.0,23.1
74342.0,115.33333333333333,10.0,2.0,4.0,20.9
74344.0,114.66666666666667,18.0,1.0,4.0,30.8
74345.0,112.66666666666667,56.0,1.0,3.0,27.2
74346.0,122.0,70.0,1.0,3.0,26.3
74347.0,116.66666666666667,13.0,1.0,7.0,20.0
74348.0,142.0,45.0,2.0,4.0,28.1
74349.0,107.33333333333333,57.0,2.0,2.0,29.0
74355.0,137.33333333333334,61.0,1.0,3.0,27.6
74356.0,92.0,18.0,2.0,1.0,15.9
74358.0,83.33333333333333,13.0,2.0,1.0,15.9
74359.0,156.0,63.0,1.0,4.0,22.3
74360.0,105.33333333333333,17.0,2.0,4.0,27.7
74361.0,105.33333333333333,10.0,2.0,3.0,27.3
74366.0,102.66666666666667,61.0,2.0,3.0,28.2
74367.0,70.66666666666667,74.0,1.0,3.0,26.4
74368.0,116.66666666666667,53.0,2.0,3.0,35.0
74374.0,128.0,70.0,2.0,6.0,22.6
74375.0,171.33333333333334,63.0,2.0,1.0,22.0
74376.0,130.0,21.0,1.0,4.0,24.3
74378.0,120.0,24.0,1.0,2.0,30.5
74379.0,130.66666666666666,43.0,1.0,4.0,25.5
74381.0,102.66666666666667,25.0,2.0,3.0,23.7
74383.0,126.0,64.0,1.0,2.0,29.7
74384.0,108.66666666666667,25.0,2.0,7.0,33.5
74385.0,129.33333333333334,73.0,1.0,3.0,31.2
74386.0,111.33333333333333,24.0,1.0,7.0,25.9
74388.0,100.0,57.0,1.0,6.0,24.8
74392.0,102.66666666666667,14.0,1.0,3.0,18.6
74393.0,109.33333333333333,26.0,1.0,4.0,25.0
74394.0,111.33333333333333,51.0,2.0,4.0,36.8
74395.0,104.0,77.0,1.0,3.0,35.7
74396.0,92.66666666666667,29.0,2.0,3.0,20.9
74397.0,115.33333333333333,24.0,2.0,3.0,27.9
74398.0,104.0,27.0,1.0,7.0,36.7
74399.0,112.0,31.0,2.0,3.0,40.1
74400.0,110.66666666666667,23.0,1.0,6.0,25.1
74401.0,116.0,19.0,2.0,3.0,25.2
74402.0,124.66666666666667,49.0,2.0,3.0,28.5
74403.0,96.66666666666667,31.0,2.0,4.0,30.7
74407.0,110.0,8.0,2.0,3.0,19.1
74408.0,127.33333333333333,29.0,1.0,2.0,33.7
74410.0,96.66666666666667,9.0,1.0,3.0,14.5
74411.0,125.33333333333333,28.0,1.0,3.0,19.7
74413.0,166.66666666666666,80.0,2.0,3.0,29.0
74415.0,116.66666666666667,17.0,2.0,1.0,24.0
74417.0,136.0,56.0,2.0,4.0,51.3
74418.0,112.66666666666667,23.0,2.0,3.0,27.1
74419.0,147.33333333333334,76.0,2.0,3.0,23.8
74421.0,101.33333333333333,47.0,1.0,3.0,33.6
74422.0,114.66666666666667,29.0,1.0,4.0,24.1
74423.0,117.0,16.0,1.0,6.0,26.6
74424.0,104.0,35.0,2.0,3.0,28.3
74425.0,118.66666666666667,62.0,2.0,3.0,36.7
74427.0,106.0,14.0,1.0,4.0,24.0
74430.0,108.0,11.0,1.0,3.0,15.2
74432.0,127.33333333333333,60.0,1.0,4.0,31.7
74433.0,136.0,22.0,1.0,3.0,27.6
74434.0,125.33333333333333,36.0,2.0,4.0,58.3
74435.0,115.33333333333333,19.0,1.0,4.0,19.3
74436.0,124.0,55.0,1.0,6.0,28.7
74437.0,118.0,35.0,1.0,1.0,26.5
74440.0,107.33333333333333,31.0,2.0,3.0,28.0
74441.0,146.0,38.0,2.0,4.0,24.3
74442.0,122.66666666666667,63.0,1.0,4.0,30.0
74443.0,88.0,11.0,2.0,2.0,16.1
74444.0,96.0,10.0,1.0,4.0,14.2
74445.0,128.66666666666666,47.0,1.0,3.0,30.4
74446.0,119.33333333333333,64.0,2.0,3.0,34.0
74449.0,117.33333333333333,37.0,1.0,4.0,32.0
74450.0,106.0,16.0,1.0,1.0,17.4
74451.0,124.0,77.0,2.0,2.0,29.0
74452.0,94.0,11.0,2.0,1.0,15.5
74454.0,149.0,45.0,1.0,6.0,26.5
74455.0,106.0,38.0,2.0,3.0,26.0
74457.0,97.33333333333333,13.0,1.0,3.0,19.8
74458.0,116.66666666666667,15.0,2.0,1.0,25.2
74459.0,143.33333333333334,61.0,2.0,3.0,43.3
74460.0,119.33333333333333,20.0,2.0,3.0,21.1
74462.0,150.66666666666666,58.0,2.0,4.0,33.0
74463.0,130.66666666666666,45.0,1.0,3.0,29.4
74464.0,124.66666666666667,45.0,1.0,7.0,32.9
74465.0,166.66666666666666,80.0,1.0,1.0,30.8
74466.0,104.0,34.0,1.0,3.0,27.8
74471.0,118.0,16.0,2.0,1.0,32.6
74476.0,118.66666666666667,68.0,2.0,2.0,21.6
74478.0,92.0,8.0,1.0,7.0,16.0
74479.0,121.33333333333333,50.0,2.0,1.0,26.1
74480.0,113.33333333333333,18.0,2.0,1.0,18.6
74481.0,114.66666666666667,35.0,2.0,4.0,38.6
74482.0,86.0,8.0,2.0,1.0,14.1
74484.0,90.66666666666667,11.0,2.0,4.0,21.3
74486.0,120.0,69.0,2.0,4.0,53.5
74487.0,131.33333333333334,78.0,1.0,3.0,30.4
74488.0,108.0,16.0,2.0,3.0,17.7
74489.0,101.33333333333333,36.0,2.0,3.0,25.2
74491.0,94.0,8.0,2.0,4.0,17.5
74492.0,111.33333333333333,10.0,2.0,3.0,20.5
74493.0,117.33333333333333,40.0,1.0,1.0,26.2
74495.0,90.0,8.0,1.0,6.0,13.5
74498.0,129.33333333333334,29.0,1.0,1.0,33.2
74499.0,136.66666666666666,59.0,1.0,4.0,29.1
74501.0,109.33333333333333,10.0,2.0,3.0,20.0
74503.0,122.0,47.0,2.0,1.0,36.6
74504.0,108.66666666666667,43.0,2.0,3.0,20.4
74505.0,106.66666666666667,21.0,2.0,3.0,31.1
74507.0,94.66666666666667,14.0,1.0,1.0,19.7
74508.0,117.33333333333333,80.0,1.0,3.0,25.8
74509.0,121.33333333333333,48.0,2.0,2.0,29.1
74510.0,120.66666666666667,64.0,1.0,3.0,32.2
74511.0,102.0,46.0,1.0,3.0,26.7
74512.0,150.0,80.0,1.0,3.0,29.9
74513.0,105.33333333333333,15.0,1.0,3.0,25.8
74516.0,108.0,16.0,2.0,1.0,21.3
74521.0,115.33333333333333,21.0,2.0,4.0,44.1
74523.0,144.66666666666666,61.0,2.0,1.0,25.8
74524.0,123.33333333333333,47.0,1.0,1.0,27.4
74525.0,113.33333333333333,11.0,1.0,7.0,22.5
74526.0,110.0,58.0,2.0,4.0,26.4
74529.0,112.0,51.0,1.0,1.0,32.5
74531.0,134.0,72.0,1.0,4.0,27.5
74532.0,133.33333333333334,25.0,1.0,1.0,27.1
74534.0,163.0,65.0,1.0,3.0,44.6
74536.0,110.66666666666667,65.0,1.0,2.0,28.2
74537.0,140.66666666666666,23.0,2.0,4.0,31.5
74538.0,152.0,75.0,2.0,3.0,22.4
74539.0,116.66666666666667,55.0,1.0,4.0,38.5
74540.0,106.0,11.0,2.0,2.0,29.9
74542.0,127.33333333333333,46.0,1.0,3.0,21.5
74543.0,120.66666666666667,40.0,1.0,7.0,24.6
74544.0,98.66666666666667,10.0,1.0,4.0,18.0
74545.0,94.0,8.0,2.0,3.0,14.4
74546.0,104.0,27.0,2.0,1.0,37.3
74547.0,134.66666666666666,43.0,1.0,3.0,20.8
74548.0,124.66666666666667,63.0,2.0,2.0,21.6
74549.0,129.33333333333334,55.0,2.0,6.0,21.6
74551.0,108.0,32.0,2.0,3.0,21.6
74552.0,113.33333333333333,44.0,2.0,4.0,33.0
74554.0,107.33333333333333,35.0,2.0,4.0,36.8
74556.0,108.0,23.0,2.0,3.0,34.0
74557.0,104.0,28.0,2.0,3.0,26.7
74559.0,100.66666666666667,19.0,2.0,2.0,23.4
74560.0,130.0,36.0,1.0,3.0,31.8
74562.0,113.33333333333333,62.0,1.0,3.0,28.2
74563.0,99.33333333333333,40.0,2.0,3.0,26.9
74565.0,129.33333333333334,66.0,1.0,2.0,23.9
74566.0,92.66666666666667,55.0,2.0,3.0,40.0
74567.0,112.0,53.0,2.0,3.0,33.3
74570.0,116.66666666666667,63.0,2.0,1.0,26.8
74571.0,129.33333333333334,53.0,1.0,3.0,22.5
74574.0,129.33333333333334,80.0,2.0,3.0,26.4
74575.0,110.66666666666667,16.0,2.0,2.0,26.2
74576.0,142.66666666666666,73.0,2.0,3.0,31.9
74579.0,151.33333333333334,51.0,1.0,6.0,24.5
74580.0,100.0,13.0,2.0,2.0,18.9
74581.0,169.33333333333334,75.0,1.0,1.0,17.7
74583.0,89.33333333333333,60.0,2.0,1.0,41.1
74584.0,85.33333333333333,10.0,1.0,4.0,20.1
74586.0,119.33333333333333,24.0,1.0,7.0,24.7
74587.0,112.66666666666667,66.0,1.0,1.0,27.9
74588.0,128.0,74.0,2.0,3.0,30.2
74589.0,108.0,67.0,1.0,3.0,21.2
74590.0,104.0,30.0,1.0,3.0,21.7
74591.0,137.33333333333334,73.0,1.0,4.0,24.0
74594.0,124.0,53.0,2.0,4.0,35.1
74596.0,146.0,45.0,2.0,4.0,29.2
74598.0,139.33333333333334,58.0,1.0,3.0,32.9
74600.0,147.33333333333334,66.0,2.0,4.0,35.1
74601.0,109.33333333333333,20.0,2.0,4.0,18.7
74602.0,114.66666666666667,18.0,2.0,4.0,28.6
74603.0,91.33333333333333,12.0,1.0,6.0,16.6
74605.0,136.66666666666666,62.0,2.0,3.0,27.6
74606.0,112.66666666666667,9.0,1.0,1.0,21.4
74607.0,119.33333333333333,68.0,1.0,6.0,23.8
74608.0,111.33333333333333,14.0,1.0,1.0,16.0
74609.0,95.33333333333333,46.0,2.0,2.0,26.8
74611.0,142.66666666666666,64.0,1.0,1.0,28.6
74612.0,108.66666666666667,47.0,2.0,1.0,26.1
74613.0,134.0,35.0,2.0,3.0,27.6
74614.0,107.33333333333333,12.0,2.0,1.0,21.4
74616.0,131.33333333333334,19.0,1.0,1.0,45.1
74617.0,120.66666666666667,17.0,1.0,4.0,21.7
74619.0,116.0,80.0,1.0,3.0,25.5
74620.0,100.0,14.0,2.0,4.0,24.6
74623.0,116.66666666666667,46.0,2.0,3.0,22.9
74624.0,127.33333333333333,37.0,2.0,4.0,58.9
74626.0,96.0,15.0,1.0,1.0,24.9
74627.0,108.0,29.0,2.0,3.0,38.8
74628.0,129.33333333333334,63.0,2.0,3.0,19.3
74629.0,92.0,14.0,1.0,1.0,28.4
74630.0,130.0,18.0,1.0,6.0,29.3
74631.0,126.66666666666667,30.0,1.0,2.0,25.9
74632.0,118.0,46.0,1.0,4.0,20.4
74633.0,102.66666666666667,56.0,2.0,2.0,23.6
74636.0,122.0,60.0,2.0,6.0,22.8
74637.0,100.0,11.0,1.0,3.0,26.2
74638.0,118.0,34.0,1.0,2.0,26.4
74639.0,128.66666666666666,51.0,1.0,1.0,28.1
74640.0,124.66666666666667,14.0,1.0,3.0,22.7
74641.0,120.0,33.0,1.0,6.0,31.2
74642.0,138.66666666666666,45.0,2.0,4.0,32.0
74644.0,105.0,20.0,2.0,3.0,23.9
74645.0,135.33333333333334,68.0,2.0,3.0,35.8
74646.0,122.0,49.0,1.0,1.0,20.0
74647.0,107.0,15.0,2.0,3.0,20.5
74650.0,130.66666666666666,56.0,1.0,1.0,33.3
74651.0,102.66666666666667,8.0,1.0,3.0,15.2
74652.0,118.0,40.0,2.0,1.0,34.2
74653.0,112.0,29.0,2.0,2.0,30.6
74654.0,117.33333333333333,62.0,2.0,4.0,32.7
74655.0,94.0,36.0,2.0,6.0,23.6
74656.0,143.33333333333334,62.0,1.0,3.0,37.9
74659.0,96.66666666666667,12.0,1.0,3.0,19.8
74660.0,118.0,38.0,2.0,3.0,38.7
74661.0,168.66666666666666,65.0,1.0,4.0,31.9
74663.0,124.0,52.0,1.0,6.0,18.1
74665.0,102.66666666666667,16.0,1.0,1.0,20.2
74666.0,122.66666666666667,13.0,1.0,6.0,27.2
74668.0,162.0,80.0,2.0,3.0,24.6
74669.0,127.33333333333333,80.0,2.0,3.0,24.2
74670.0,160.0,80.0,2.0,3.0,27.3
74671.0,96.66666666666667,12.0,2.0,2.0,30.7
74672.0,135.33333333333334,17.0,1.0,1.0,21.5
74673.0,108.0,21.0,2.0,3.0,22.2
74674.0,117.33333333333333,67.0,2.0,1.0,36.2
74675.0,108.0,18.0,2.0,3.0,26.2
74677.0,95.33333333333333,11.0,2.0,3.0,19.5
74678.0,104.0,28.0,2.0,6.0,22.6
74679.0,120.66666666666667,39.0,1.0,1.0,31.5
74680.0,115.33333333333333,20.0,1.0,1.0,19.9
74681.0,108.66666666666667,9.0,2.0,4.0,15.7
74682.0,94.66666666666667,17.0,1.0,4.0,18.4
74683.0,109.33333333333333,56.0,2.0,2.0,27.6
74685.0,124.66666666666667,75.0,1.0,6.0,23.1
74686.0,103.33333333333333,32.0,2.0,1.0,34.0
74687.0,114.66666666666667,16.0,1.0,4.0,20.5
74689.0,138.0,25.0,2.0,4.0,36.9
74690.0,111.33333333333333,11.0,1.0,3.0,15.8
74691.0,102.0,12.0,2.0,3.0,15.7
74692.0,109.33333333333333,24.0,1.0,4.0,21.5
74693.0,102.0,37.0,2.0,1.0,27.9
74694.0,95.33333333333333,71.0,1.0,4.0,27.0
74695.0,171.33333333333334,53.0,1.0,4.0,28.7
74696.0,114.66666666666667,62.0,1.0,3.0,33.8
74697.0,130.66666666666666,44.0,1.0,1.0,24.0
74698.0,112.0,34.0,1.0,3.0,21.9
74699.0,122.0,13.0,1.0,3.0,44.3
74700.0,112.66666666666667,11.0,2.0,7.0,18.9
74701.0,118.0,15.0,1.0,3.0,41.0
74702.0,91.0,68.0,1.0,3.0,33.4
74703.0,114.0,32.0,1.0,4.0,35.7
74704.0,118.66666666666667,54.0,2.0,3.0,33.4
74705.0,152.0,74.0,1.0,6.0,24.3
74706.0,100.0,8.0,1.0,4.0,17.0
74707.0,122.0,51.0,1.0,1.0,36.9
74708.0,155.33333333333334,76.0,1.0,6.0,23.0
74709.0,107.0,18.0,1.0,6.0,22.2
74710.0,111.33333333333333,15.0,2.0,3.0,24.3
74711.0,124.0,47.0,2.0,3.0,49.6
74714.0,104.0,72.0,2.0,2.0,38.7
74715.0,88.66666666666667,11.0,1.0,4.0,23.0
74717.0,126.66666666666667,47.0,2.0,6.0,21.8
74718.0,134.66666666666666,52.0,1.0,4.0,35.2
74719.0,104.66666666666667,36.0,2.0,3.0,24.6
74720.0,88.0,11.0,2.0,1.0,16.8
74721.0,107.33333333333333,53.0,2.0,1.0,32.4
74722.0,106.66666666666667,12.0,1.0,4.0,20.5
74723.0,128.0,66.0,1.0,3.0,35.4
74726.0,86.66666666666667,8.0,2.0,1.0,15.5
74728.0,118.0,46.0,1.0,1.0,27.0
74730.0,102.66666666666667,13.0,1.0,7.0,22.3
74731.0,112.66666666666667,27.0,2.0,1.0,32.8
74732.0,122.66666666666667,64.0,2.0,3.0,27.0
74733.0,115.33333333333333,53.0,1.0,3.0,28.5
74734.0,142.0,57.0,2.0,3.0,33.1
74735.0,90.66666666666667,9.0,2.0,4.0,16.0
74737.0,132.0,63.0,2.0,3.0,49.4
74739.0,106.0,14.0,1.0,1.0,23.2
74740.0,98.0,8.0,2.0,3.0,15.2
74741.0,112.0,61.0,1.0,3.0,36.8
74742.0,140.66666666666666,73.0,2.0,3.0,31.5
74743.0,110.0,41.0,1.0,2.0,25.5
74744.0,101.33333333333333,22.0,1.0,4.0,34.6
74745.0,126.66666666666667,33.0,2.0,1.0,32.0
74746.0,136.0,55.0,1.0,3.0,21.7
74747.0,151.33333333333334,64.0,2.0,6.0,20.3
74748.0,130.0,36.0,1.0,4.0,34.8
74749.0,104.0,16.0,2.0,4.0,28.5
74751.0,141.33333333333334,53.0,2.0,4.0,37.1
74752.0,89.33333333333333,10.0,2.0,1.0,21.5
74753.0,106.66666666666667,12.0,1.0,4.0,18.2
74754.0,100.66666666666667,14.0,1.0,4.0,22.8
74755.0,91.33333333333333,8.0,1.0,7.0,16.4
74756.0,124.0,50.0,2.0,6.0,25.8
74759.0,97.33333333333333,11.0,1.0,4.0,16.1
74760.0,138.66666666666666,53.0,1.0,1.0,34.7
74762.0,91.33333333333333,11.0,1.0,1.0,18.6
74763.0,105.33333333333333,33.0,1.0,4.0,26.8
74764.0,111.33333333333333,31.0,1.0,3.0,19.5
74765.0,120.66666666666667,45.0,2.0,3.0,25.3
74766.0,112.66666666666667,21.0,2.0,3.0,22.5
74767.0,94.66666666666667,8.0,2.0,4.0,14.0
74769.0,132.66666666666666,50.0,1.0,3.0,28.6
74771.0,90.66666666666667,10.0,2.0,3.0,18.2
74772.0,132.0,62.0,2.0,3.0,25.2
74773.0,116.0,64.0,1.0,4.0,28.3
74774.0,96.0,19.0,2.0,4.0,19.0
74776.0,114.0,18.0,1.0,2.0,28.9
74778.0,104.66666666666667,18.0,2.0,3.0,21.8
74779.0,122.0,78.0,2.0,6.0,30.6
74781.0,134.66666666666666,51.0,2.0,4.0,39.7
74782.0,147.33333333333334,59.0,2.0,3.0,31.2
74783.0,112.0,13.0,2.0,4.0,22.7
74784.0,110.0,39.0,2.0,1.0,45.5
74785.0,96.66666666666667,12.0,2.0,1.0,18.2
74786.0,119.33333333333333,17.0,2.0,4.0,45.7
74787.0,130.0,45.0,2.0,3.0,38.8
74788.0,104.0,13.0,1.0,4.0,17.1
74789.0,102.0,12.0,2.0,1.0,20.0
74791.0,141.33333333333334,69.0,2.0,6.0,29.0
74794.0,124.0,38.0,1.0,3.0,33.4
74795.0,98.66666666666667,12.0,2.0,1.0,27.5
74796.0,107.33333333333333,14.0,1.0,4.0,22.0
74797.0,138.0,59.0,2.0,7.0,26.6
74800.0,124.66666666666667,28.0,1.0,4.0,20.9
74801.0,100.0,36.0,1.0,3.0,27.7
74802.0,93.33333333333333,18.0,1.0,6.0,24.5
74803.0,109.33333333333333,24.0,2.0,2.0,25.7
74804.0,114.0,51.0,2.0,3.0,29.8
74805.0,88.0,12.0,1.0,2.0,20.5
74806.0,108.0,11.0,1.0,6.0,21.4
74807.0,163.0,80.0,2.0,3.0,23.7
74809.0,96.66666666666667,9.0,1.0,4.0,15.9
74812.0,119.33333333333333,50.0,2.0,3.0,31.0
74813.0,102.0,13.0,2.0,7.0,24.8
74814.0,123.33333333333333,25.0,2.0,3.0,26.9
74815.0,135.33333333333334,62.0,2.0,4.0,25.4
74816.0,127.33333333333333,13.0,1.0,1.0,32.7
74817.0,112.0,45.0,2.0,3.0,22.6
74818.0,124.66666666666667,26.0,1.0,3.0,29.9
74822.0,130.66666666666666,45.0,2.0,3.0,23.6
74823.0,118.66666666666667,67.0,1.0,3.0,48.1
74824.0,97.33333333333333,28.0,2.0,3.0,23.4
74825.0,114.66666666666667,16.0,1.0,1.0,30.3
74828.0,124.0,8.0,1.0,7.0,19.9
74829.0,104.66666666666667,27.0,2.0,1.0,34.2
74830.0,102.66666666666667,12.0,1.0,3.0,18.6
74831.0,126.0,66.0,2.0,3.0,34.6
74832.0,129.33333333333334,21.0,1.0,3.0,23.6
74833.0,107.33333333333333,16.0,1.0,3.0,20.3
74837.0,139.33333333333334,51.0,2.0,3.0,33.6
74838.0,95.33333333333333,8.0,2.0,2.0,13.1
74839.0,132.0,47.0,1.0,3.0,32.1
74840.0,111.33333333333333,10.0,1.0,1.0,27.0
74843.0,157.33333333333334,38.0,2.0,1.0,35.9
74844.0,107.33333333333333,20.0,1.0,4.0,25.6
74845.0,102.0,31.0,2.0,3.0,21.5
74849.0,100.66666666666667,9.0,1.0,2.0,15.6
74851.0,145.33333333333334,80.0,1.0,3.0,22.3
74852.0,100.0,12.0,2.0,4.0,24.0
74854.0,114.0,18.0,2.0,2.0,38.0
74855.0,109.33333333333333,16.0,1.0,4.0,22.3
74857.0,104.0,9.0,2.0,2.0,15.1
74859.0,98.0,55.0,2.0,4.0,27.0
74860.0,100.0,40.0,1.0,6.0,25.5
74861.0,162.0,60.0,1.0,6.0,26.6
74862.0,115.33333333333333,48.0,2.0,3.0,28.6
74864.0,102.66666666666667,11.0,2.0,1.0,22.5
74865.0,115.33333333333333,58.0,1.0,3.0,25.2
74866.0,119.33333333333333,40.0,1.0,3.0,33.4
74867.0,113.33333333333333,53.0,2.0,1.0,21.8
74868.0,113.33333333333333,9.0,2.0,1.0,14.8
74869.0,156.0,66.0,2.0,4.0,35.0
74870.0,86.0,11.0,2.0,4.0,13.3
74871.0,115.0,8.0,1.0,4.0,20.3
74872.0,106.0,50.0,1.0,1.0,28.6
74874.0,116.66666666666667,36.0,1.0,3.0,24.5
74877.0,111.0,14.0,2.0,1.0,19.6
74878.0,133.33333333333334,69.0,2.0,2.0,36.2
74879.0,105.33333333333333,43.0,2.0,6.0,31.5
74880.0,114.66666666666667,39.0,1.0,3.0,31.8
74881.0,108.0,14.0,2.0,3.0,22.9
74882.0,112.0,25.0,1.0,1.0,27.0
74883.0,110.0,24.0,2.0,1.0,38.9
74885.0,112.66666666666667,57.0,2.0,1.0,24.6
74886.0,122.0,18.0,2.0,4.0,28.9
74887.0,108.0,13.0,1.0,4.0,20.3
74889.0,112.0,50.0,1.0,3.0,17.9
74890.0,104.0,30.0,1.0,3.0,26.8
74891.0,116.0,22.0,2.0,4.0,28.9
74893.0,150.66666666666666,70.0,2.0,3.0,31.3
74895.0,114.0,15.0,2.0,3.0,24.2
74897.0,116.66666666666667,46.0,2.0,1.0,32.3
74901.0,134.0,55.0,1.0,3.0,43.2
74902.0,114.66666666666667,22.0,2.0,3.0,24.0
74903.0,113.33333333333333,11.0,1.0,4.0,20.4
74904.0,114.0,48.0,2.0,3.0,25.3
74905.0,116.0,44.0,1.0,3.0,32.4
74907.0,99.33333333333333,48.0,2.0,3.0,27.2
74909.0,146.0,64.0,1.0,2.0,24.8
74910.0,126.0,19.0,2.0,4.0,68.6
74911.0,111.33333333333333,13.0,2.0,1.0,23.3
74912.0,86.66666666666667,12.0,1.0,6.0,15.3
74913.0,114.0,14.0,2.0,4.0,32.6
74914.0,97.33333333333333,9.0,1.0,1.0,17.9
74916.0,111.33333333333333,50.0,2.0,3.0,37.8
74917.0,104.66666666666667,11.0,2.0,3.0,18.8
74918.0,104.66666666666667,49.0,2.0,1.0,28.1
74919.0,149.33333333333334,66.0,2.0,3.0,22.6
74923.0,125.33333333333333,24.0,1.0,4.0,35.1
74927.0,118.66666666666667,17.0,1.0,4.0,42.2
74928.0,122.0,50.0,1.0,1.0,31.1
74929.0,123.33333333333333,66.0,2.0,6.0,30.5
74930.0,106.0,11.0,2.0,3.0,29.6
74931.0,129.33333333333334,53.0,1.0,3.0,26.8
74932.0,119.33333333333333,32.0,1.0,7.0,27.1
74933.0,116.66666666666667,57.0,2.0,4.0,36.8
74934.0,127.33333333333333,14.0,1.0,4.0,22.7
74935.0,119.33333333333333,20.0,1.0,6.0,21.8
74936.0,138.0,48.0,2.0,3.0,51.3
74937.0,126.0,74.0,1.0,3.0,30.6
74938.0,113.33333333333333,52.0,2.0,1.0,27.1
74939.0,96.0,13.0,1.0,6.0,18.7
74940.0,106.66666666666667,80.0,1.0,4.0,28.2
74941.0,181.33333333333334,59.0,2.0,4.0,27.2
74942.0,104.0,44.0,2.0,3.0,30.4
74943.0,130.66666666666666,19.0,1.0,7.0,26.2
74945.0,92.66666666666667,36.0,2.0,3.0,27.4
74946.0,144.66666666666666,62.0,1.0,4.0,27.7
74949.0,92.66666666666667,8.0,1.0,3.0,15.2
74950.0,100.66666666666667,20.0,2.0,1.0,19.2
74951.0,131.33333333333334,46.0,1.0,3.0,31.2
74953.0,116.0,80.0,1.0,3.0,25.4
74954.0,120.0,48.0,2.0,2.0,33.6
74955.0,114.66666666666667,14.0,2.0,6.0,19.8
74958.0,178.0,76.0,2.0,2.0,28.6
74960.0,128.0,63.0,2.0,4.0,17.8
74962.0,114.0,15.0,1.0,1.0,19.1
74963.0,114.66666666666667,39.0,1.0,3.0,24.8
74965.0,120.0,26.0,1.0,7.0,54.0
74968.0,101.33333333333333,10.0,2.0,4.0,16.9
74969.0,93.33333333333333,22.0,1.0,1.0,25.4
74971.0,136.66666666666666,47.0,2.0,6.0,35.8
74972.0,108.66666666666667,36.0,1.0,3.0,22.2
74973.0,97.33333333333333,11.0,2.0,1.0,17.6
74974.0,127.33333333333333,48.0,1.0,3.0,50.2
74977.0,111.33333333333333,20.0,2.0,6.0,17.3
74978.0,144.66666666666666,80.0,2.0,3.0,33.7
74979.0,121.33333333333333,80.0,2.0,3.0,28.6
74980.0,121.0,14.0,1.0,3.0,22.6
74981.0,106.66666666666667,33.0,1.0,1.0,34.8
74982.0,122.0,43.0,1.0,4.0,39.3
74983.0,140.66666666666666,63.0,2.0,1.0,26.1
74984.0,117.33333333333333,64.0,1.0,1.0,25.5
74985.0,140.0,66.0,2.0,1.0,28.2
74986.0,107.33333333333333,17.0,2.0,1.0,19.2
74987.0,101.33333333333333,10.0,2.0,4.0,16.3
74988.0,97.33333333333333,8.0,2.0,3.0,20.1
74989.0,124.66666666666667,80.0,2.0,3.0,26.7
74991.0,106.0,10.0,1.0,4.0,24.4
74992.0,100.66666666666667,14.0,2.0,3.0,20.7
74996.0,109.33333333333333,56.0,1.0,3.0,25.3
74997.0,109.33333333333333,43.0,2.0,3.0,44.2
74998.0,107.33333333333333,38.0,2.0,6.0,37.2
75000.0,116.0,45.0,2.0,1.0,30.7
75002.0,93.33333333333333,46.0,2.0,6.0,27.1
75003.0,142.66666666666666,51.0,2.0,4.0,35.1
75004.0,105.33333333333333,52.0,2.0,6.0,19.6
75007.0,107.33333333333333,18.0,2.0,4.0,24.8
75010.0,148.0,80.0,2.0,4.0,37.1
75011.0,127.33333333333333,69.0,2.0,3.0,29.0
75012.0,172.66666666666666,60.0,1.0,3.0,27.3
75013.0,106.0,63.0,1.0,4.0,27.2
75016.0,131.0,53.0,1.0,4.0,48.8
75017.0,139.33333333333334,54.0,1.0,4.0,16.8
75018.0,118.66666666666667,52.0,2.0,3.0,18.9
75019.0,104.66666666666667,11.0,2.0,3.0,32.8
75020.0,100.0,54.0,2.0,3.0,45.2
75023.0,126.0,27.0,1.0,2.0,26.1
75025.0,125.33333333333333,12.0,2.0,4.0,39.6
75027.0,134.0,42.0,2.0,3.0,25.6
75028.0,98.0,10.0,2.0,3.0,13.3
75029.0,125.33333333333333,23.0,1.0,4.0,22.5
75030.0,106.66666666666667,56.0,2.0,4.0,31.2
75032.0,104.0,23.0,1.0,3.0,21.6
75033.0,118.66666666666667,14.0,2.0,4.0,30.1
75034.0,102.0,19.0,2.0,1.0,17.1
75040.0,124.0,16.0,1.0,4.0,38.7
75041.0,118.0,15.0,2.0,4.0,23.0
75042.0,130.66666666666666,54.0,2.0,4.0,22.8
75043.0,100.0,17.0,2.0,1.0,24.2
75044.0,132.0,60.0,2.0,2.0,33.7
75045.0,114.0,13.0,2.0,1.0,24.2
75047.0,101.33333333333333,38.0,2.0,3.0,43.1
75048.0,121.33333333333333,15.0,1.0,1.0,27.0
75049.0,128.66666666666666,59.0,1.0,3.0,31.0
75050.0,117.33333333333333,15.0,1.0,4.0,36.4
75051.0,114.66666666666667,16.0,1.0,6.0,25.7
75056.0,116.0,53.0,2.0,3.0,16.7
75057.0,115.33333333333333,55.0,2.0,2.0,33.8
75058.0,134.0,66.0,2.0,3.0,29.4
75060.0,154.66666666666666,32.0,1.0,4.0,38.2
75061.0,101.33333333333333,60.0,2.0,3.0,33.3
75063.0,127.0,34.0,1.0,7.0,24.2
75064.0,109.33333333333333,39.0,2.0,1.0,27.6
75065.0,125.33333333333333,76.0,1.0,3.0,33.7
75066.0,110.0,44.0,2.0,4.0,26.9
75068.0,140.66666666666666,72.0,1.0,7.0,31.5
75069.0,104.66666666666667,14.0,1.0,3.0,30.3
75070.0,128.66666666666666,74.0,2.0,1.0,36.0
75071.0,139.33333333333334,33.0,1.0,6.0,35.4
75072.0,97.33333333333333,8.0,2.0,1.0,25.1
75075.0,106.66666666666667,38.0,2.0,6.0,22.7
75076.0,138.0,72.0,1.0,3.0,26.6
75077.0,102.0,11.0,2.0,1.0,18.5
75079.0,98.66666666666667,14.0,2.0,7.0,20.9
75081.0,147.33333333333334,66.0,2.0,1.0,29.7
75082.0,115.33333333333333,12.0,1.0,4.0,21.9
75084.0,124.66666666666667,19.0,1.0,3.0,23.4
75085.0,115.33333333333333,26.0,1.0,1.0,21.2
75086.0,98.0,11.0,1.0,1.0,14.9
75087.0,113.33333333333333,16.0,1.0,3.0,37.3
75088.0,104.66666666666667,39.0,2.0,3.0,27.5
75089.0,129.33333333333334,62.0,2.0,3.0,37.8
75090.0,140.66666666666666,76.0,2.0,3.0,35.1
75092.0,138.0,47.0,1.0,3.0,27.7
75093.0,128.66666666666666,48.0,2.0,4.0,40.2
75095.0,97.33333333333333,9.0,2.0,4.0,19.6
75097.0,116.66666666666667,44.0,2.0,4.0,23.5
75098.0,110.0,25.0,1.0,2.0,32.9
75099.0,120.66666666666667,46.0,1.0,6.0,24.4
75101.0,104.0,15.0,2.0,2.0,21.7
75102.0,96.0,16.0,1.0,6.0,19.1
75103.0,128.66666666666666,55.0,2.0,7.0,26.1
75104.0,106.0,26.0,2.0,3.0,23.8
75105.0,128.0,55.0,1.0,3.0,34.3
75107.0,97.33333333333333,8.0,2.0,3.0,14.4
75108.0,119.33333333333333,80.0,1.0,3.0,30.5
75109.0,133.33333333333334,20.0,1.0,3.0,22.5
75111.0,114.66666666666667,32.0,1.0,6.0,24.2
75112.0,138.0,80.0,1.0,3.0,26.6
75114.0,116.66666666666667,47.0,2.0,6.0,26.4
75117.0,120.0,80.0,1.0,3.0,23.5
75118.0,112.0,64.0,2.0,4.0,34.3
75119.0,101.33333333333333,15.0,1.0,1.0,20.7
75121.0,111.33333333333333,44.0,1.0,2.0,25.5
75123.0,131.33333333333334,35.0,1.0,4.0,37.2
75124.0,134.66666666666666,47.0,1.0,6.0,30.1
75125.0,135.33333333333334,32.0,2.0,3.0,36.5
75127.0,105.33333333333333,59.0,1.0,4.0,30.1
75128.0,105.33333333333333,45.0,1.0,3.0,26.6
75129.0,150.0,80.0,2.0,3.0,24.9
75131.0,115.0,34.0,2.0,6.0,25.4
75132.0,102.0,24.0,1.0,3.0,23.3
75133.0,109.33333333333333,12.0,1.0,4.0,17.7
75134.0,113.33333333333333,33.0,2.0,3.0,26.3
75136.0,116.66666666666667,56.0,1.0,3.0,27.1
75137.0,113.33333333333333,30.0,2.0,1.0,25.1
75138.0,98.0,15.0,2.0,4.0,29.9
75139.0,115.33333333333333,44.0,1.0,6.0,31.3
75140.0,101.33333333333333,34.0,2.0,3.0,37.9
75141.0,111.33333333333333,16.0,2.0,4.0,36.8
75142.0,106.66666666666667,11.0,1.0,6.0,15.8
75143.0,103.33333333333333,15.0,2.0,6.0,14.6
75146.0,185.0,49.0,1.0,4.0,43.1
75147.0,122.0,42.0,1.0,6.0,21.1
75149.0,100.0,39.0,2.0,4.0,24.8
75150.0,107.33333333333333,71.0,2.0,3.0,26.5
75151.0,101.33333333333333,19.0,1.0,3.0,23.7
75154.0,111.33333333333333,19.0,2.0,4.0,20.3
75155.0,115.33333333333333,34.0,2.0,3.0,25.7
75156.0,126.0,42.0,1.0,3.0,36.1
75157.0,140.66666666666666,56.0,1.0,4.0,31.1
75158.0,183.33333333333334,80.0,2.0,3.0,22.9
75159.0,115.33333333333333,68.0,1.0,3.0,27.4
75161.0,102.66666666666667,47.0,2.0,3.0,26.6
75162.0,116.0,54.0,1.0,3.0,25.1
75164.0,124.0,42.0,2.0,3.0,24.6
75165.0,97.33333333333333,10.0,1.0,2.0,21.2
75166.0,102.66666666666667,14.0,1.0,2.0,20.1
75167.0,105.33333333333333,11.0,2.0,4.0,26.0
75169.0,102.66666666666667,11.0,2.0,2.0,18.7
75171.0,92.66666666666667,17.0,2.0,4.0,31.7
75174.0,130.66666666666666,76.0,1.0,4.0,25.6
75175.0,94.0,34.0,1.0,6.0,23.6
75176.0,96.66666666666667,43.0,1.0,4.0,37.6
75177.0,100.66666666666667,9.0,1.0,2.0,20.0
75178.0,118.66666666666667,19.0,2.0,6.0,27.4
75179.0,135.33333333333334,64.0,2.0,4.0,29.7
75181.0,149.33333333333334,59.0,2.0,3.0,36.2
75182.0,86.66666666666667,8.0,1.0,1.0,17.5
75184.0,92.66666666666667,8.0,1.0,6.0,13.6
75185.0,112.66666666666667,18.0,1.0,4.0,24.7
75186.0,110.0,11.0,1.0,4.0,19.2
75187.0,105.33333333333333,40.0,2.0,7.0,18.9
75188.0,121.33333333333333,35.0,2.0,4.0,33.7
75189.0,115.33333333333333,59.0,1.0,6.0,24.4
75190.0,118.0,41.0,1.0,3.0,28.4
75191.0,138.66666666666666,79.0,2.0,1.0,31.0
75193.0,132.0,57.0,2.0,4.0,34.5
75194.0,115.33333333333333,11.0,1.0,2.0,31.1
75195.0,132.0,62.0,2.0,4.0,47.1
75196.0,158.66666666666666,64.0,2.0,3.0,43.2
75201.0,106.66666666666667,11.0,1.0,3.0,17.7
75202.0,128.0,23.0,1.0,4.0,20.2
75203.0,135.33333333333334,69.0,1.0,1.0,29.5
75206.0,96.66666666666667,9.0,1.0,3.0,14.5
75207.0,152.0,65.0,1.0,6.0,24.2
75208.0,103.33333333333333,9.0,1.0,4.0,19.7
75209.0,114.66666666666667,18.0,2.0,6.0,23.8
75211.0,118.66666666666667,37.0,1.0,6.0,24.5
75212.0,111.33333333333333,55.0,1.0,3.0,26.6
75213.0,143.0,40.0,2.0,4.0,35.5
75215.0,98.66666666666667,8.0,2.0,4.0,19.8
75216.0,120.66666666666667,54.0,1.0,3.0,33.7
75217.0,101.33333333333333,54.0,1.0,3.0,28.1
75218.0,94.0,9.0,2.0,6.0,15.2
75220.0,142.66666666666666,39.0,2.0,4.0,35.1
75221.0,145.0,44.0,1.0,3.0,38.2
75222.0,144.66666666666666,65.0,2.0,6.0,26.7
75223.0,104.66666666666667,69.0,2.0,3.0,29.6
75224.0,115.33333333333333,27.0,2.0,4.0,30.0
75225.0,106.66666666666667,14.0,1.0,1.0,26.7
75226.0,86.66666666666667,8.0,2.0,3.0,16.2
75227.0,108.66666666666667,18.0,2.0,6.0,21.3
75231.0,150.66666666666666,79.0,2.0,4.0,27.9
75232.0,114.0,63.0,1.0,1.0,31.2
75234.0,97.33333333333333,14.0,2.0,3.0,18.5
75235.0,100.66666666666667,17.0,2.0,3.0,40.6
75236.0,98.66666666666667,29.0,2.0,6.0,23.9
75237.0,128.66666666666666,54.0,1.0,3.0,41.6
75238.0,106.66666666666667,15.0,1.0,4.0,18.2
75244.0,137.33333333333334,63.0,2.0,4.0,46.4
75248.0,115.33333333333333,15.0,1.0,4.0,20.0
75249.0,109.33333333333333,23.0,2.0,3.0,22.8
75250.0,99.33333333333333,9.0,1.0,6.0,24.6
75251.0,121.33333333333333,22.0,1.0,7.0,31.1
75252.0,147.33333333333334,43.0,1.0,3.0,30.5
75253.0,125.0,15.0,1.0,1.0,42.4
75254.0,125.33333333333333,26.0,1.0,4.0,27.0
75255.0,100.66666666666667,8.0,2.0,6.0,17.5
75256.0,129.33333333333334,44.0,1.0,2.0,30.2
75257.0,130.66666666666666,21.0,1.0,4.0,21.3
75259.0,135.33333333333334,80.0,2.0,3.0,25.5
75260.0,108.0,20.0,2.0,6.0,28.5
75262.0,164.0,80.0,1.0,3.0,28.2
75263.0,110.66666666666667,61.0,2.0,6.0,20.7
75264.0,152.0,80.0,2.0,3.0,30.3
75265.0,97.33333333333333,16.0,2.0,3.0,19.3
75268.0,130.0,28.0,1.0,1.0,24.6
75269.0,122.0,29.0,1.0,4.0,22.5
75270.0,121.33333333333333,24.0,1.0,3.0,32.4
75271.0,100.0,15.0,2.0,6.0,19.9
75272.0,106.66666666666667,13.0,2.0,3.0,21.5
75273.0,128.66666666666666,75.0,1.0,3.0,28.7
75274.0,106.66666666666667,25.0,2.0,6.0,19.2
75277.0,145.33333333333334,70.0,1.0,3.0,48.3
75278.0,112.66666666666667,22.0,1.0,6.0,20.7
75279.0,170.0,68.0,2.0,4.0,17.6
75281.0,104.0,8.0,1.0,4.0,23.4
75282.0,166.0,80.0,2.0,3.0,25.7
75283.0,112.0,29.0,2.0,6.0,25.1
75284.0,109.33333333333333,13.0,2.0,3.0,24.3
75285.0,150.66666666666666,80.0,1.0,3.0,22.7
75286.0,93.33333333333333,13.0,1.0,3.0,19.4
75289.0,118.0,42.0,2.0,3.0,37.4
75290.0,129.0,21.0,1.0,6.0,31.2
75291.0,107.33333333333333,24.0,2.0,4.0,26.9
75292.0,100.0,15.0,1.0,1.0,22.9
75293.0,116.66666666666667,74.0,2.0,4.0,38.8
75294.0,91.33333333333333,11.0,2.0,3.0,14.2
75295.0,113.33333333333333,72.0,2.0,1.0,37.8
75296.0,121.33333333333333,15.0,2.0,1.0,28.0
75297.0,116.0,8.0,1.0,6.0,15.8
75298.0,150.66666666666666,72.0,1.0,4.0,26.0
75299.0,104.66666666666667,80.0,1.0,2.0,26.6
75301.0,154.0,48.0,1.0,3.0,17.3
75302.0,104.0,25.0,2.0,3.0,43.3
75303.0,108.0,17.0,2.0,7.0,34.0
75305.0,146.66666666666666,46.0,2.0,4.0,21.2
75306.0,153.33333333333334,59.0,1.0,6.0,21.4
75307.0,113.33333333333333,26.0,1.0,3.0,36.0
75309.0,104.0,39.0,2.0,1.0,22.9
75310.0,98.0,11.0,2.0,3.0,16.7
75311.0,138.0,74.0,1.0,4.0,27.9
75312.0,114.0,14.0,1.0,4.0,22.0
75315.0,119.33333333333333,67.0,1.0,3.0,28.7
75316.0,86.0,9.0,2.0,1.0,23.7
75318.0,110.0,10.0,2.0,4.0,19.2
75320.0,113.33333333333333,14.0,2.0,4.0,25.8
75321.0,108.0,25.0,1.0,2.0,29.0
75322.0,97.33333333333333,11.0,1.0,7.0,20.5
75324.0,150.0,80.0,2.0,2.0,35.8
75325.0,103.33333333333333,64.0,1.0,3.0,29.8
75326.0,154.0,53.0,2.0,1.0,34.5
75327.0,114.0,34.0,1.0,1.0,30.4
75328.0,116.66666666666667,24.0,1.0,3.0,21.3
75329.0,118.0,43.0,2.0,3.0,35.5
75330.0,120.66666666666667,55.0,1.0,3.0,23.9
75331.0,104.66666666666667,32.0,1.0,3.0,27.4
75332.0,116.66666666666667,28.0,2.0,3.0,43.6
75333.0,110.0,44.0,1.0,1.0,29.6
75335.0,130.0,30.0,1.0,4.0,34.2
75337.0,167.33333333333334,74.0,2.0,4.0,32.4
75338.0,98.66666666666667,77.0,2.0,3.0,22.1
75339.0,106.0,34.0,1.0,3.0,37.0
75340.0,99.33333333333333,22.0,2.0,7.0,24.6
75341.0,100.0,14.0,2.0,3.0,18.4
75342.0,120.0,73.0,1.0,3.0,27.9
75343.0,119.0,80.0,1.0,3.0,31.7
75344.0,109.0,62.0,1.0,3.0,36.7
75345.0,163.0,54.0,2.0,2.0,33.4
75346.0,124.66666666666667,41.0,1.0,3.0,28.6
75347.0,128.0,62.0,2.0,1.0,36.4
75348.0,97.33333333333333,9.0,2.0,4.0,22.6
75349.0,109.33333333333333,54.0,1.0,2.0,24.5
75350.0,148.66666666666666,80.0,2.0,3.0,31.5
75351.0,104.0,29.0,2.0,1.0,21.5
75352.0,116.0,30.0,1.0,2.0,27.9
75353.0,114.0,10.0,2.0,1.0,24.6
75354.0,110.0,18.0,2.0,4.0,23.8
75358.0,110.0,40.0,1.0,1.0,29.6
75359.0,119.33333333333333,51.0,2.0,1.0,34.5
75361.0,132.66666666666666,66.0,1.0,6.0,25.8
75362.0,144.66666666666666,40.0,1.0,2.0,25.6
75364.0,127.33333333333333,61.0,1.0,3.0,24.1
75365.0,102.0,10.0,1.0,7.0,15.5
75366.0,133.33333333333334,46.0,2.0,3.0,35.8
75370.0,112.0,25.0,1.0,3.0,21.6
75371.0,94.0,11.0,2.0,1.0,20.6
75374.0,156.0,53.0,2.0,3.0,21.7
75375.0,179.33333333333334,52.0,1.0,3.0,44.4
75376.0,136.0,41.0,2.0,6.0,21.2
75377.0,115.33333333333333,53.0,1.0,3.0,27.3
75378.0,96.66666666666667,10.0,1.0,4.0,17.2
75379.0,116.66666666666667,53.0,2.0,6.0,28.6
75381.0,128.0,69.0,2.0,3.0,32.0
75382.0,140.0,54.0,1.0,4.0,28.7
75383.0,104.66666666666667,9.0,1.0,4.0,27.2
75384.0,120.66666666666667,61.0,1.0,3.0,29.2
75385.0,136.66666666666666,46.0,2.0,4.0,29.9
75389.0,122.66666666666667,43.0,2.0,4.0,50.7
75390.0,146.66666666666666,36.0,1.0,6.0,28.6
75391.0,106.66666666666667,31.0,2.0,2.0,34.3
75392.0,116.66666666666667,13.0,1.0,2.0,22.5
75393.0,93.33333333333333,30.0,2.0,4.0,31.8
75394.0,93.33333333333333,8.0,1.0,4.0,18.3
75397.0,140.0,62.0,2.0,1.0,33.5
75398.0,88.66666666666667,9.0,2.0,4.0,14.3
75399.0,106.0,27.0,2.0,6.0,31.2
75400.0,140.0,74.0,2.0,3.0,30.5
75403.0,127.33333333333333,27.0,2.0,4.0,45.7
75404.0,108.66666666666667,43.0,1.0,2.0,38.5
75405.0,120.0,19.0,2.0,3.0,44.4
75407.0,109.33333333333333,23.0,2.0,3.0,21.2
75409.0,155.0,47.0,1.0,1.0,26.2
75410.0,101.33333333333333,17.0,2.0,2.0,23.7
75412.0,97.33333333333333,9.0,1.0,6.0,15.5
75413.0,103.33333333333333,18.0,2.0,4.0,16.5
75414.0,119.0,56.0,1.0,6.0,23.5
75415.0,111.33333333333333,24.0,2.0,4.0,28.6
75416.0,116.66666666666667,61.0,1.0,3.0,39.9
75417.0,104.66666666666667,41.0,2.0,2.0,20.2
75418.0,151.33333333333334,64.0,1.0,4.0,27.5
75419.0,102.66666666666667,28.0,2.0,2.0,26.0
75422.0,117.33333333333333,41.0,2.0,3.0,35.3
75423.0,136.0,64.0,2.0,3.0,29.9
75424.0,114.0,42.0,1.0,2.0,27.6
75425.0,108.66666666666667,34.0,2.0,1.0,29.8
75426.0,128.0,24.0,1.0,3.0,25.1
75430.0,104.0,9.0,1.0,7.0,22.7
75431.0,117.33333333333333,16.0,1.0,1.0,22.0
75432.0,115.33333333333333,23.0,1.0,3.0,29.5
75433.0,104.66666666666667,17.0,2.0,3.0,20.9
75434.0,117.33333333333333,31.0,2.0,6.0,30.6
75435.0,112.66666666666667,63.0,2.0,3.0,22.8
75439.0,107.33333333333333,10.0,1.0,3.0,18.1
75440.0,113.0,59.0,1.0,2.0,22.5
75443.0,128.0,74.0,1.0,3.0,34.9
75444.0,120.66666666666667,49.0,2.0,3.0,36.5
75445.0,127.0,21.0,1.0,3.0,33.1
75446.0,112.66666666666667,23.0,1.0,1.0,23.4
75447.0,116.66666666666667,33.0,2.0,3.0,25.4
75449.0,120.0,71.0,2.0,2.0,27.2
75450.0,115.33333333333333,21.0,2.0,4.0,28.0
75451.0,152.0,56.0,1.0,4.0,25.9
75452.0,87.33333333333333,11.0,1.0,4.0,20.4
75453.0,107.33333333333333,11.0,2.0,6.0,17.9
75454.0,122.66666666666667,17.0,1.0,2.0,28.3
75455.0,92.0,10.0,2.0,1.0,19.1
75456.0,92.66666666666667,80.0,1.0,3.0,23.7
75457.0,126.0,27.0,1.0,3.0,20.4
75458.0,113.33333333333333,61.0,1.0,3.0,37.2
75461.0,204.66666666666666,63.0,1.0,4.0,27.6
75462.0,120.66666666666667,51.0,2.0,1.0,37.2
75463.0,129.33333333333334,14.0,1.0,1.0,23.4
75464.0,115.33333333333333,8.0,2.0,2.0,28.5
75465.0,112.0,55.0,2.0,1.0,23.6
75467.0,107.33333333333333,39.0,2.0,3.0,25.8
75468.0,135.33333333333334,54.0,1.0,3.0,34.6
75469.0,110.66666666666667,39.0,2.0,3.0,36.0
75470.0,117.33333333333333,14.0,1.0,4.0,20.5
75472.0,132.66666666666666,61.0,2.0,3.0,41.4
75473.0,108.66666666666667,69.0,2.0,4.0,28.5
75475.0,104.0,13.0,2.0,4.0,36.5
75476.0,102.66666666666667,25.0,2.0,3.0,20.9
75477.0,106.66666666666667,8.0,1.0,1.0,19.1
75479.0,120.66666666666667,66.0,1.0,4.0,27.2
75480.0,107.33333333333333,14.0,1.0,1.0,19.3
75481.0,104.66666666666667,14.0,2.0,4.0,22.9
75482.0,125.33333333333333,52.0,2.0,1.0,29.4
75483.0,123.33333333333333,57.0,1.0,4.0,30.4
75486.0,141.33333333333334,37.0,1.0,1.0,35.2
75487.0,128.0,51.0,1.0,1.0,21.1
75490.0,113.33333333333333,28.0,1.0,3.0,25.8
75491.0,118.66666666666667,57.0,1.0,6.0,27.2
75492.0,111.33333333333333,27.0,1.0,1.0,29.3
75494.0,108.0,10.0,1.0,4.0,24.3
75495.0,132.0,66.0,1.0,4.0,43.1
75496.0,142.66666666666666,72.0,1.0,4.0,23.4
75498.0,176.0,69.0,2.0,3.0,39.3
75499.0,148.66666666666666,60.0,1.0,3.0,28.2
75500.0,135.33333333333334,75.0,2.0,3.0,26.8
75502.0,119.33333333333333,17.0,1.0,6.0,20.4
75503.0,98.66666666666667,9.0,1.0,3.0,17.4
75504.0,112.0,33.0,2.0,3.0,31.4
75505.0,142.66666666666666,67.0,1.0,3.0,23.9
75506.0,118.66666666666667,25.0,2.0,1.0,34.0
75507.0,105.33333333333333,21.0,2.0,1.0,25.0
75508.0,104.0,14.0,1.0,3.0,21.2
75509.0,96.66666666666667,9.0,1.0,1.0,19.3
75510.0,89.33333333333333,8.0,2.0,3.0,16.9
75511.0,124.0,49.0,2.0,3.0,29.9
75512.0,115.33333333333333,17.0,2.0,4.0,20.6
75513.0,105.33333333333333,15.0,2.0,4.0,21.1
75515.0,109.33333333333333,21.0,1.0,1.0,24.7
75518.0,100.0,17.0,2.0,4.0,19.6
75519.0,114.66666666666667,44.0,2.0,4.0,31.7
75520.0,127.0,13.0,1.0,3.0,26.7
75521.0,118.66666666666667,49.0,2.0,1.0,31.1
75523.0,140.0,58.0,1.0,3.0,21.1
75524.0,120.0,48.0,1.0,6.0,27.6
75525.0,92.66666666666667,11.0,1.0,3.0,22.3
75527.0,121.33333333333333,58.0,2.0,3.0,55.7
75528.0,102.66666666666667,39.0,2.0,3.0,35.6
75529.0,126.0,48.0,1.0,3.0,37.5
75531.0,130.66666666666666,37.0,2.0,3.0,52.4
75532.0,116.66666666666667,36.0,1.0,1.0,31.3
75533.0,119.33333333333333,21.0,1.0,6.0,20.7
75534.0,102.66666666666667,20.0,2.0,4.0,33.5
75535.0,126.66666666666667,13.0,1.0,1.0,28.6
75536.0,104.0,21.0,2.0,1.0,20.6
75537.0,111.33333333333333,42.0,2.0,2.0,22.9
75538.0,150.66666666666666,36.0,2.0,1.0,34.2
75539.0,110.0,19.0,2.0,4.0,29.4
75540.0,114.66666666666667,50.0,2.0,3.0,33.3
75542.0,134.66666666666666,74.0,2.0,3.0,27.2
75544.0,115.33333333333333,26.0,1.0,1.0,25.4
75546.0,119.33333333333333,37.0,2.0,4.0,31.4
75547.0,140.0,62.0,2.0,2.0,28.1
75549.0,114.0,38.0,2.0,3.0,18.6
75550.0,112.0,21.0,2.0,6.0,22.6
75552.0,130.66666666666666,80.0,2.0,1.0,35.6
75553.0,117.33333333333333,80.0,2.0,3.0,30.6
75554.0,115.33333333333333,13.0,2.0,4.0,23.4
75555.0,123.33333333333333,58.0,2.0,4.0,77.5
75556.0,119.33333333333333,22.0,1.0,1.0,26.9
75557.0,140.66666666666666,50.0,2.0,3.0,32.8
75558.0,105.33333333333333,37.0,1.0,3.0,30.3
75560.0,102.66666666666667,9.0,1.0,1.0,22.6
75561.0,100.66666666666667,8.0,1.0,1.0,21.9
75562.0,154.0,66.0,1.0,4.0,25.4
75563.0,119.33333333333333,51.0,2.0,6.0,19.7
75565.0,96.0,9.0,1.0,3.0,23.0
75566.0,107.33333333333333,28.0,1.0,1.0,22.3
75567.0,116.0,29.0,2.0,4.0,21.5
75570.0,132.66666666666666,14.0,1.0,2.0,39.0
75571.0,112.0,57.0,1.0,6.0,27.0
75572.0,132.66666666666666,68.0,2.0,1.0,28.5
75573.0,128.0,67.0,2.0,1.0,38.4
75575.0,96.0,8.0,1.0,2.0,22.9
75576.0,134.66666666666666,47.0,1.0,4.0,26.9
75578.0,97.33333333333333,16.0,1.0,2.0,20.7
75580.0,94.66666666666667,12.0,2.0,7.0,26.3
75581.0,126.0,74.0,2.0,3.0,32.5
75583.0,114.66666666666667,12.0,1.0,1.0,31.9
75584.0,109.0,52.0,2.0,4.0,30.8
75585.0,104.66666666666667,31.0,1.0,3.0,25.7
75586.0,117.33333333333333,14.0,2.0,1.0,17.9
75587.0,114.66666666666667,16.0,1.0,3.0,25.6
75588.0,101.33333333333333,32.0,1.0,2.0,33.3
75589.0,94.66666666666667,13.0,2.0,6.0,18.9
75590.0,114.66666666666667,45.0,1.0,6.0,22.4
75591.0,102.0,38.0,1.0,1.0,31.8
75592.0,132.66666666666666,69.0,2.0,6.0,19.3
75594.0,104.0,26.0,2.0,3.0,22.0
75595.0,120.0,21.0,1.0,6.0,26.6
75596.0,128.66666666666666,35.0,1.0,4.0,31.2
75598.0,130.0,62.0,2.0,1.0,29.1
75601.0,115.0,61.0,1.0,1.0,28.4
75602.0,112.66666666666667,14.0,1.0,1.0,25.4
75607.0,116.66666666666667,64.0,1.0,3.0,32.7
75608.0,112.66666666666667,17.0,2.0,2.0,22.4
75609.0,118.0,80.0,2.0,3.0,25.6
75610.0,120.66666666666667,56.0,1.0,3.0,29.2
75611.0,123.0,38.0,2.0,6.0,34.1
75612.0,114.0,61.0,2.0,3.0,21.9
75613.0,122.66666666666667,55.0,2.0,4.0,34.0
75616.0,113.33333333333333,30.0,1.0,3.0,31.8
75618.0,116.66666666666667,13.0,1.0,1.0,27.0
75619.0,118.66666666666667,36.0,1.0,1.0,27.4
75620.0,132.0,52.0,2.0,4.0,18.1
75621.0,118.66666666666667,59.0,2.0,4.0,26.9
75622.0,104.0,8.0,2.0,3.0,16.3
75623.0,93.33333333333333,9.0,1.0,3.0,18.2
75624.0,120.66666666666667,21.0,2.0,2.0,37.0
75625.0,106.66666666666667,60.0,2.0,4.0,42.4
75628.0,134.0,70.0,2.0,3.0,28.2
75629.0,105.33333333333333,9.0,2.0,2.0,32.4
75630.0,136.0,59.0,2.0,1.0,28.3
75631.0,131.33333333333334,72.0,2.0,4.0,27.8
75633.0,82.0,10.0,1.0,1.0,14.5
75634.0,114.66666666666667,13.0,1.0,4.0,17.4
75635.0,125.0,60.0,2.0,4.0,22.2
75636.0,116.0,35.0,2.0,3.0,35.8
75637.0,134.0,70.0,2.0,3.0,39.8
75638.0,111.33333333333333,16.0,2.0,4.0,24.4
75639.0,110.66666666666667,15.0,1.0,4.0,28.4
75640.0,138.0,22.0,2.0,3.0,55.0
75641.0,108.66666666666667,49.0,2.0,3.0,20.7
75643.0,133.0,43.0,2.0,2.0,22.5
75644.0,122.66666666666667,69.0,1.0,6.0,26.5
75646.0,94.0,20.0,1.0,6.0,27.6
75647.0,113.33333333333333,28.0,1.0,1.0,21.3
75648.0,94.0,18.0,2.0,2.0,22.8
75649.0,106.66666666666667,11.0,1.0,3.0,15.9
75650.0,112.66666666666667,13.0,2.0,1.0,27.0
75653.0,133.33333333333334,40.0,1.0,4.0,25.7
75654.0,156.0,49.0,2.0,4.0,34.1
75655.0,121.33333333333333,29.0,1.0,3.0,30.6
75657.0,108.66666666666667,12.0,2.0,3.0,20.3
75658.0,109.33333333333333,8.0,1.0,4.0,31.0
75659.0,112.0,15.0,1.0,4.0,28.7
75660.0,151.33333333333334,59.0,2.0,4.0,32.0
75662.0,101.33333333333333,44.0,2.0,2.0,26.1
75663.0,118.0,54.0,2.0,3.0,23.4
75664.0,144.0,31.0,2.0,4.0,33.8
75665.0,92.66666666666667,12.0,2.0,2.0,22.8
75666.0,128.0,37.0,1.0,4.0,29.1
75667.0,96.0,46.0,2.0,3.0,22.6
75668.0,93.33333333333333,10.0,1.0,1.0,15.1
75669.0,124.66666666666667,64.0,1.0,6.0,22.2
75670.0,106.0,27.0,2.0,1.0,29.2
75671.0,116.0,11.0,1.0,6.0,26.8
75674.0,125.33333333333333,60.0,1.0,4.0,28.3
75677.0,88.0,10.0,2.0,4.0,20.7
75678.0,98.66666666666667,10.0,1.0,2.0,21.5
75679.0,108.0,41.0,2.0,3.0,25.2
75680.0,108.0,15.0,2.0,3.0,33.3
75681.0,97.33333333333333,40.0,2.0,4.0,37.2
75682.0,116.0,29.0,1.0,6.0,31.6
75683.0,120.0,23.0,1.0,1.0,20.4
75684.0,100.66666666666667,33.0,2.0,3.0,28.0
75685.0,110.0,62.0,2.0,4.0,30.8
75686.0,123.33333333333333,41.0,1.0,3.0,32.6
75688.0,118.0,57.0,2.0,2.0,33.1
75689.0,161.0,58.0,1.0,4.0,24.3
75690.0,134.66666666666666,34.0,1.0,1.0,22.5
75691.0,124.0,70.0,2.0,4.0,30.2
75692.0,117.33333333333333,18.0,1.0,3.0,39.5
75695.0,138.0,74.0,2.0,1.0,22.4
75696.0,141.0,80.0,2.0,3.0,26.9
75697.0,92.66666666666667,10.0,2.0,3.0,22.5
75698.0,136.66666666666666,22.0,1.0,3.0,34.8
75699.0,127.0,62.0,2.0,1.0,23.6
75700.0,149.0,68.0,1.0,2.0,24.4
75702.0,113.33333333333333,59.0,2.0,3.0,44.9
75704.0,127.33333333333333,24.0,1.0,1.0,21.0
75705.0,114.66666666666667,50.0,2.0,3.0,23.7
75706.0,142.66666666666666,44.0,2.0,4.0,32.6
75707.0,113.33333333333333,14.0,2.0,2.0,36.5
75709.0,111.33333333333333,30.0,2.0,2.0,21.7
75710.0,122.0,35.0,1.0,3.0,41.1
75712.0,110.0,11.0,1.0,3.0,20.2
75713.0,84.66666666666667,12.0,2.0,6.0,18.5
75714.0,124.0,54.0,1.0,6.0,23.9
75715.0,113.0,12.0,1.0,2.0,15.9
75717.0,135.33333333333334,80.0,2.0,3.0,28.5
75721.0,119.33333333333333,32.0,1.0,3.0,32.6
75722.0,124.66666666666667,15.0,1.0,4.0,19.6
75723.0,113.33333333333333,55.0,2.0,6.0,35.3
75725.0,116.0,24.0,1.0,3.0,23.3
75726.0,118.66666666666667,33.0,1.0,3.0,29.1
75728.0,114.0,10.0,1.0,3.0,25.2
75729.0,100.66666666666667,11.0,2.0,1.0,21.2
75730.0,100.66666666666667,59.0,1.0,3.0,17.9
75731.0,103.33333333333333,8.0,1.0,2.0,17.9
75732.0,110.66666666666667,15.0,1.0,1.0,34.9
75734.0,112.0,18.0,1.0,4.0,20.0
75735.0,138.66666666666666,19.0,1.0,6.0,28.5
75737.0,114.66666666666667,20.0,2.0,1.0,22.4
75739.0,114.0,20.0,1.0,3.0,18.0
75741.0,100.0,11.0,2.0,3.0,20.1
75742.0,126.0,37.0,1.0,2.0,30.2
75743.0,105.33333333333333,36.0,2.0,6.0,25.9
75745.0,111.33333333333333,44.0,2.0,6.0,24.9
75747.0,112.66666666666667,18.0,1.0,6.0,29.0
75749.0,127.33333333333333,69.0,1.0,2.0,27.4
75750.0,121.33333333333333,70.0,1.0,3.0,27.3
75751.0,124.0,47.0,1.0,3.0,28.1
75752.0,96.0,11.0,2.0,3.0,20.1
75753.0,107.33333333333333,19.0,1.0,1.0,19.6
75754.0,119.33333333333333,55.0,1.0,3.0,28.7
75755.0,114.0,41.0,2.0,3.0,31.8
75758.0,108.66666666666667,47.0,1.0,6.0,20.6
75759.0,95.33333333333333,11.0,1.0,2.0,18.8
75760.0,112.0,12.0,2.0,6.0,27.2
75762.0,120.0,61.0,2.0,3.0,31.3
75763.0,122.0,32.0,1.0,2.0,29.3
75766.0,102.66666666666667,16.0,2.0,3.0,22.7
75767.0,84.0,9.0,2.0,1.0,21.4
75768.0,103.33333333333333,46.0,1.0,6.0,20.5
75769.0,117.33333333333333,72.0,1.0,3.0,23.6
75770.0,100.0,10.0,2.0,3.0,21.2
75771.0,130.0,70.0,1.0,3.0,31.6
75772.0,102.0,15.0,2.0,3.0,21.8
75773.0,93.33333333333333,19.0,2.0,3.0,19.3
75774.0,109.33333333333333,80.0,1.0,3.0,25.1
75775.0,97.33333333333333,41.0,1.0,3.0,23.9
75776.0,98.66666666666667,21.0,2.0,3.0,29.8
75777.0,106.0,9.0,1.0,6.0,20.8
75779.0,116.0,29.0,1.0,3.0,56.4
75780.0,200.66666666666666,66.0,1.0,3.0,20.8
75781.0,165.33333333333334,65.0,1.0,3.0,40.4
75784.0,132.0,57.0,1.0,2.0,43.7
75785.0,101.33333333333333,22.0,2.0,4.0,32.0
75786.0,126.66666666666667,54.0,2.0,7.0,32.3
75787.0,126.0,72.0,1.0,3.0,31.6
75788.0,98.0,50.0,2.0,3.0,26.8
75789.0,111.33333333333333,58.0,1.0,3.0,27.5
75790.0,92.66666666666667,28.0,2.0,1.0,27.1
75791.0,102.66666666666667,12.0,2.0,4.0,18.1
75792.0,129.33333333333334,42.0,1.0,3.0,31.2
75794.0,115.33333333333333,8.0,2.0,4.0,20.9
75795.0,140.0,79.0,1.0,1.0,30.6
75796.0,106.66666666666667,14.0,2.0,4.0,38.7
75797.0,107.33333333333333,47.0,2.0,3.0,29.5
75798.0,97.33333333333333,9.0,1.0,1.0,18.2
75799.0,110.0,22.0,2.0,3.0,28.1
75800.0,109.33333333333333,9.0,1.0,1.0,26.6
75802.0,97.33333333333333,15.0,1.0,1.0,24.1
75803.0,119.33333333333333,40.0,1.0,4.0,29.8
75805.0,122.0,53.0,2.0,3.0,16.9
75807.0,101.0,32.0,2.0,3.0,20.7
75808.0,140.66666666666666,75.0,1.0,3.0,27.8
75809.0,102.0,13.0,1.0,3.0,25.7
75811.0,99.33333333333333,8.0,2.0,1.0,26.4
75814.0,112.66666666666667,28.0,1.0,3.0,41.5
75816.0,92.0,17.0,2.0,6.0,18.0
75817.0,114.0,53.0,2.0,6.0,17.5
75819.0,114.0,20.0,1.0,3.0,17.3
75820.0,130.66666666666666,43.0,2.0,6.0,31.0
75822.0,108.66666666666667,34.0,2.0,3.0,19.3
75823.0,104.0,43.0,2.0,7.0,28.6
75824.0,116.0,50.0,2.0,3.0,44.5
75825.0,103.33333333333333,40.0,2.0,6.0,25.0
75826.0,107.33333333333333,70.0,1.0,1.0,33.6
75827.0,99.33333333333333,14.0,2.0,7.0,32.0
75828.0,114.66666666666667,43.0,2.0,3.0,35.9
75830.0,106.0,18.0,2.0,4.0,19.6
75831.0,117.33333333333333,34.0,2.0,3.0,29.4
75832.0,104.66666666666667,14.0,2.0,1.0,20.0
75833.0,112.66666666666667,15.0,1.0,4.0,22.6
75835.0,112.0,31.0,1.0,3.0,25.5
75836.0,110.0,16.0,1.0,7.0,19.1
75837.0,147.33333333333334,55.0,1.0,3.0,24.5
75838.0,111.33333333333333,80.0,1.0,3.0,26.2
75839.0,131.33333333333334,40.0,2.0,4.0,28.1
75840.0,158.0,52.0,1.0,3.0,27.8
75841.0,126.0,41.0,2.0,3.0,28.0
75842.0,124.66666666666667,23.0,1.0,7.0,26.9
75844.0,98.66666666666667,16.0,2.0,3.0,21.3
75845.0,138.66666666666666,59.0,1.0,1.0,33.2
75848.0,124.0,59.0,1.0,3.0,33.8
75850.0,106.0,37.0,2.0,6.0,20.7
75851.0,98.0,11.0,1.0,2.0,20.3
75853.0,122.66666666666667,19.0,2.0,1.0,42.0
75854.0,110.0,18.0,1.0,3.0,23.0
75855.0,98.0,34.0,2.0,3.0,27.4
75856.0,107.33333333333333,28.0,2.0,2.0,28.7
75858.0,114.66666666666667,20.0,2.0,4.0,31.1
75859.0,92.0,11.0,2.0,1.0,20.4
75860.0,135.0,60.0,1.0,6.0,40.7
75861.0,116.66666666666667,52.0,2.0,4.0,27.4
75862.0,95.33333333333333,10.0,2.0,2.0,16.1
75863.0,113.33333333333333,62.0,2.0,7.0,19.5
75866.0,102.66666666666667,12.0,1.0,1.0,20.1
75869.0,117.33333333333333,27.0,1.0,4.0,32.6
75870.0,112.66666666666667,40.0,2.0,2.0,23.6
75871.0,104.0,57.0,2.0,3.0,23.8
75872.0,108.0,21.0,2.0,4.0,26.8
75873.0,106.66666666666667,9.0,1.0,3.0,17.3
75874.0,152.0,57.0,1.0,3.0,32.7
75875.0,111.33333333333333,14.0,1.0,4.0,21.9
75878.0,102.0,12.0,2.0,1.0,20.4
75879.0,127.33333333333333,56.0,1.0,3.0,16.9
75881.0,102.66666666666667,25.0,2.0,1.0,23.3
75882.0,118.66666666666667,54.0,1.0,3.0,28.0
75883.0,108.0,48.0,2.0,3.0,43.0
75885.0,104.0,40.0,1.0,3.0,23.8
75886.0,101.0,12.0,1.0,1.0,28.3
75887.0,157.33333333333334,56.0,2.0,4.0,55.6
75888.0,123.33333333333333,44.0,2.0,3.0,32.2
75890.0,138.66666666666666,43.0,2.0,3.0,31.3
75892.0,128.0,80.0,2.0,3.0,26.2
75893.0,118.66666666666667,49.0,2.0,6.0,26.8
75894.0,128.66666666666666,46.0,2.0,3.0,43.9
75895.0,150.0,55.0,2.0,3.0,32.2
75896.0,106.0,26.0,1.0,3.0,28.6
75898.0,131.33333333333334,24.0,1.0,3.0,27.6
75899.0,107.33333333333333,31.0,2.0,3.0,44.6
75900.0,111.33333333333333,21.0,1.0,6.0,24.2
75901.0,108.66666666666667,19.0,2.0,3.0,18.9
75902.0,111.33333333333333,19.0,1.0,2.0,31.8
75903.0,117.33333333333333,28.0,1.0,4.0,20.4
75904.0,138.0,70.0,2.0,1.0,37.1
75905.0,110.0,39.0,2.0,6.0,18.4
75906.0,114.66666666666667,17.0,1.0,3.0,32.5
75907.0,130.0,40.0,1.0,3.0,27.9
75908.0,114.0,24.0,2.0,4.0,39.4
75909.0,119.33333333333333,77.0,2.0,1.0,34.2
75910.0,101.33333333333333,30.0,1.0,3.0,27.1
75911.0,144.66666666666666,67.0,1.0,4.0,21.6
75912.0,128.0,80.0,1.0,4.0,27.3
75913.0,112.0,32.0,2.0,3.0,36.1
75915.0,146.0,63.0,2.0,1.0,23.1
75919.0,116.66666666666667,23.0,2.0,3.0,32.4
75920.0,102.66666666666667,11.0,1.0,1.0,25.6
75921.0,130.0,76.0,1.0,4.0,30.2
75922.0,136.66666666666666,65.0,2.0,3.0,27.7
75923.0,125.33333333333333,80.0,1.0,3.0,25.0
75924.0,109.33333333333333,30.0,1.0,7.0,14.1
75925.0,137.33333333333334,51.0,1.0,4.0,22.5
75927.0,102.0,30.0,1.0,4.0,20.6
75928.0,133.33333333333334,31.0,2.0,3.0,31.9
75929.0,116.0,23.0,2.0,4.0,28.3
75931.0,114.0,18.0,1.0,6.0,20.9
75932.0,134.66666666666666,41.0,1.0,2.0,42.0
75933.0,121.33333333333333,53.0,2.0,4.0,27.0
75934.0,108.0,46.0,1.0,3.0,26.4
75936.0,102.0,35.0,2.0,1.0,23.6
75937.0,136.66666666666666,77.0,1.0,3.0,31.9
75938.0,121.33333333333333,33.0,2.0,1.0,50.0
75939.0,108.0,13.0,1.0,4.0,21.6
75941.0,89.33333333333333,8.0,1.0,3.0,22.7
75942.0,136.0,78.0,1.0,4.0,23.9
75944.0,116.0,16.0,1.0,6.0,26.1
75945.0,154.0,60.0,1.0,6.0,18.4
75946.0,100.66666666666667,71.0,2.0,3.0,35.0
75947.0,103.33333333333333,13.0,2.0,4.0,23.7
75949.0,103.33333333333333,40.0,2.0,1.0,31.1
75951.0,111.33333333333333,32.0,2.0,4.0,25.1
75952.0,109.33333333333333,36.0,2.0,2.0,27.1
75955.0,136.0,72.0,2.0,6.0,19.4
75956.0,131.33333333333334,80.0,1.0,3.0,25.9
75957.0,130.0,21.0,1.0,1.0,21.5
75958.0,112.66666666666667,29.0,2.0,6.0,25.8
75960.0,135.33333333333334,76.0,1.0,1.0,21.6
75961.0,112.66666666666667,10.0,1.0,1.0,19.1
75962.0,165.33333333333334,64.0,1.0,1.0,30.7
75964.0,158.66666666666666,71.0,1.0,3.0,21.5
75965.0,198.0,64.0,2.0,3.0,31.0
75966.0,116.66666666666667,37.0,2.0,3.0,25.4
75969.0,127.33333333333333,69.0,1.0,6.0,23.5
75970.0,112.0,30.0,1.0,3.0,29.5
75971.0,114.66666666666667,12.0,1.0,4.0,21.7
75973.0,128.0,65.0,1.0,3.0,34.0
75974.0,118.0,71.0,2.0,3.0,28.0
75975.0,110.66666666666667,31.0,1.0,3.0,24.9
75976.0,144.0,67.0,1.0,4.0,31.1
75977.0,108.66666666666667,25.0,1.0,3.0,24.1
75978.0,137.33333333333334,71.0,1.0,3.0,38.2
75980.0,113.33333333333333,31.0,1.0,3.0,23.9
75982.0,148.0,75.0,2.0,3.0,20.3
75984.0,118.0,15.0,1.0,4.0,25.6
75985.0,111.33333333333333,40.0,2.0,3.0,20.2
75986.0,112.66666666666667,55.0,1.0,2.0,22.9
75987.0,134.0,80.0,2.0,3.0,28.0
75988.0,110.0,18.0,1.0,4.0,21.2
75989.0,114.66666666666667,32.0,1.0,4.0,21.0
75991.0,136.66666666666666,80.0,1.0,3.0,32.3
75992.0,106.0,34.0,2.0,3.0,28.5
75993.0,157.33333333333334,48.0,1.0,3.0,25.7
75996.0,124.0,61.0,1.0,4.0,28.2
75997.0,104.66666666666667,20.0,2.0,4.0,17.1
75998.0,172.66666666666666,76.0,2.0,3.0,27.4
75999.0,120.66666666666667,19.0,1.0,6.0,24.4
76001.0,122.0,16.0,1.0,4.0,21.5
76003.0,92.0,10.0,2.0,3.0,19.2
76005.0,112.0,14.0,2.0,1.0,21.3
76006.0,102.66666666666667,32.0,2.0,3.0,28.2
76007.0,95.33333333333333,36.0,2.0,3.0,22.1
76008.0,113.33333333333333,31.0,2.0,7.0,27.6
76009.0,119.33333333333333,11.0,2.0,4.0,18.5
76010.0,167.33333333333334,68.0,1.0,1.0,24.0
76011.0,139.33333333333334,32.0,2.0,2.0,44.8
76012.0,112.66666666666667,59.0,1.0,6.0,26.2
76014.0,108.0,16.0,2.0,2.0,25.5
76015.0,124.0,30.0,2.0,4.0,29.9
76016.0,108.0,79.0,1.0,3.0,25.9
76018.0,116.66666666666667,31.0,1.0,3.0,36.7
76019.0,100.66666666666667,29.0,1.0,2.0,17.3
76020.0,110.66666666666667,32.0,1.0,3.0,25.2
76023.0,120.0,67.0,1.0,4.0,31.2
76024.0,116.0,40.0,2.0,4.0,25.7
76025.0,112.66666666666667,51.0,1.0,3.0,25.3
76026.0,94.0,9.0,2.0,3.0,17.4
76028.0,121.33333333333333,57.0,2.0,4.0,24.9
76030.0,126.66666666666667,32.0,1.0,4.0,24.2
76032.0,126.66666666666667,18.0,1.0,1.0,23.7
76033.0,106.66666666666667,69.0,2.0,2.0,33.7
76034.0,109.33333333333333,20.0,2.0,3.0,43.7
76036.0,141.33333333333334,64.0,1.0,2.0,27.5
76037.0,160.66666666666666,60.0,1.0,1.0,29.4
76038.0,110.0,15.0,2.0,3.0,28.6
76039.0,104.0,26.0,2.0,1.0,36.0
76040.0,126.0,60.0,2.0,4.0,37.7
76041.0,104.66666666666667,52.0,1.0,3.0,32.8
76042.0,103.33333333333333,27.0,2.0,3.0,36.1
76043.0,131.33333333333334,64.0,2.0,1.0,29.8
76044.0,102.0,11.0,1.0,1.0,25.8
76045.0,110.0,12.0,2.0,1.0,28.2
76046.0,121.33333333333333,50.0,1.0,3.0,29.0
76047.0,95.33333333333333,9.0,1.0,3.0,16.4
76048.0,123.33333333333333,49.0,1.0,3.0,29.7
76049.0,126.66666666666667,54.0,1.0,3.0,26.9
76051.0,151.0,50.0,1.0,3.0,28.5
76052.0,97.33333333333333,10.0,2.0,1.0,21.3
76054.0,116.66666666666667,22.0,2.0,6.0,19.2
76055.0,106.0,18.0,2.0,4.0,42.8
76056.0,114.66666666666667,17.0,1.0,4.0,34.6
76057.0,100.0,18.0,1.0,3.0,19.5
76059.0,121.33333333333333,21.0,1.0,4.0,23.4
76060.0,104.0,32.0,2.0,3.0,20.9
76061.0,93.0,10.0,2.0,4.0,31.2
76062.0,144.66666666666666,30.0,1.0,3.0,38.7
76064.0,128.66666666666666,42.0,1.0,3.0,33.6
76067.0,104.0,26.0,1.0,3.0,22.8
76068.0,101.33333333333333,13.0,2.0,4.0,14.9
76069.0,146.66666666666666,44.0,1.0,4.0,30.7
76071.0,108.0,34.0,1.0,3.0,23.5
76072.0,149.33333333333334,73.0,1.0,3.0,25.9
76073.0,116.66666666666667,21.0,1.0,3.0,20.2
76074.0,145.33333333333334,70.0,1.0,4.0,33.5
76075.0,107.33333333333333,35.0,1.0,3.0,35.4
76077.0,110.66666666666667,45.0,2.0,4.0,44.9
76078.0,122.0,48.0,1.0,2.0,27.6
76079.0,111.33333333333333,19.0,2.0,4.0,32.6
76081.0,117.33333333333333,35.0,1.0,3.0,27.1
76082.0,110.66666666666667,30.0,1.0,3.0,20.9
76083.0,110.0,11.0,1.0,3.0,17.8
76084.0,122.66666666666667,48.0,1.0,2.0,30.9
76086.0,108.66666666666667,18.0,1.0,3.0,19.8
76087.0,118.0,55.0,1.0,2.0,30.6
76088.0,130.0,27.0,1.0,3.0,25.6
76089.0,97.33333333333333,17.0,2.0,3.0,33.9
76090.0,116.0,44.0,1.0,3.0,34.6
76091.0,122.0,66.0,2.0,6.0,26.6
76092.0,142.0,74.0,2.0,6.0,22.8
76093.0,96.0,11.0,2.0,3.0,16.8
76094.0,109.33333333333333,18.0,1.0,2.0,22.8
76095.0,136.0,41.0,2.0,7.0,31.9
76096.0,133.33333333333334,37.0,1.0,1.0,21.8
76097.0,117.33333333333333,66.0,2.0,3.0,22.3
76099.0,107.33333333333333,14.0,2.0,7.0,19.3
76101.0,114.0,20.0,2.0,4.0,36.1
76102.0,110.0,16.0,1.0,7.0,18.2
76103.0,116.66666666666667,45.0,2.0,3.0,29.0
76104.0,104.0,45.0,2.0,2.0,20.3
76106.0,107.33333333333333,39.0,1.0,1.0,32.4
76107.0,138.0,59.0,2.0,7.0,25.8
76108.0,112.66666666666667,48.0,1.0,3.0,29.3
76109.0,132.0,36.0,1.0,7.0,67.9
76110.0,106.0,22.0,1.0,3.0,17.0
76112.0,127.33333333333333,63.0,1.0,4.0,29.6
76114.0,125.33333333333333,18.0,1.0,3.0,18.8
76115.0,94.66666666666667,15.0,2.0,6.0,25.2
76116.0,186.66666666666666,68.0,1.0,3.0,35.4
76117.0,136.0,72.0,2.0,3.0,27.8
76118.0,103.33333333333333,60.0,2.0,6.0,23.3
76119.0,106.0,49.0,1.0,4.0,26.5
76120.0,102.0,40.0,1.0,4.0,27.2
76121.0,104.0,11.0,1.0,4.0,20.2
76125.0,98.0,12.0,1.0,3.0,23.6
76126.0,142.0,27.0,2.0,4.0,47.2
76127.0,162.66666666666666,67.0,1.0,4.0,31.6
76128.0,146.66666666666666,74.0,2.0,3.0,34.2
76129.0,132.66666666666666,41.0,2.0,6.0,33.9
76132.0,123.33333333333333,18.0,2.0,2.0,30.2
76133.0,127.0,47.0,2.0,1.0,34.0
76134.0,144.0,58.0,1.0,3.0,27.8
76135.0,140.66666666666666,16.0,1.0,4.0,50.5
76136.0,165.33333333333334,53.0,2.0,2.0,28.6
76137.0,106.66666666666667,56.0,1.0,1.0,26.0
76138.0,118.0,39.0,2.0,4.0,20.9
76139.0,126.66666666666667,76.0,2.0,3.0,28.2
76140.0,99.33333333333333,27.0,2.0,3.0,40.5
76144.0,104.66666666666667,80.0,1.0,3.0,32.4
76145.0,122.66666666666667,60.0,2.0,3.0,38.0
76146.0,117.33333333333333,23.0,2.0,4.0,17.1
76147.0,130.0,54.0,1.0,3.0,37.7
76148.0,136.0,32.0,2.0,4.0,50.5
76150.0,133.33333333333334,58.0,2.0,3.0,38.1
76151.0,128.66666666666666,55.0,1.0,3.0,23.9
76153.0,112.0,16.0,1.0,2.0,28.7
76154.0,120.0,29.0,2.0,3.0,35.6
76155.0,106.66666666666667,10.0,1.0,1.0,17.1
76156.0,138.0,61.0,1.0,4.0,18.5
76158.0,121.33333333333333,72.0,2.0,3.0,28.6
76159.0,134.66666666666666,75.0,1.0,3.0,29.4
76160.0,98.0,25.0,2.0,3.0,22.7
76161.0,119.33333333333333,34.0,1.0,3.0,40.1
76162.0,106.66666666666667,10.0,2.0,2.0,31.1
76164.0,126.0,62.0,2.0,3.0,38.0
76167.0,98.0,42.0,2.0,6.0,17.5
76168.0,159.0,52.0,1.0,3.0,27.5
76169.0,105.33333333333333,43.0,2.0,3.0,30.0
76170.0,98.0,55.0,2.0,6.0,20.7
76171.0,114.0,80.0,1.0,6.0,25.3
76172.0,106.66666666666667,13.0,1.0,1.0,18.8
76173.0,110.0,19.0,1.0,7.0,36.0
76174.0,110.0,21.0,1.0,3.0,20.2
76176.0,104.0,17.0,1.0,4.0,23.2
76178.0,106.0,49.0,2.0,6.0,21.0
76179.0,107.33333333333333,54.0,2.0,3.0,29.5
76180.0,120.66666666666667,55.0,1.0,3.0,33.2
76181.0,136.66666666666666,45.0,2.0,4.0,43.1
76183.0,102.66666666666667,17.0,2.0,3.0,20.7
76184.0,148.66666666666666,59.0,1.0,3.0,48.5
76186.0,127.33333333333333,53.0,2.0,2.0,52.7
76187.0,125.33333333333333,56.0,2.0,3.0,30.4
76188.0,114.66666666666667,74.0,2.0,6.0,24.8
76189.0,114.0,15.0,2.0,1.0,35.3
76191.0,110.0,18.0,2.0,1.0,24.0
76192.0,122.66666666666667,66.0,2.0,3.0,32.5
76193.0,110.66666666666667,39.0,2.0,2.0,35.3
76195.0,89.33333333333333,18.0,1.0,7.0,20.2
76197.0,152.66666666666666,45.0,2.0,4.0,31.5
76198.0,93.33333333333333,11.0,2.0,3.0,19.6
76199.0,101.33333333333333,56.0,2.0,3.0,39.1
76203.0,105.33333333333333,13.0,1.0,3.0,24.6
76204.0,125.33333333333333,45.0,2.0,3.0,24.7
76206.0,120.0,38.0,2.0,1.0,30.4
76208.0,154.0,51.0,1.0,4.0,31.5
76210.0,107.33333333333333,17.0,2.0,1.0,19.7
76211.0,114.66666666666667,17.0,1.0,1.0,21.7
76212.0,100.0,34.0,2.0,1.0,25.0
76213.0,162.66666666666666,78.0,1.0,3.0,26.1
76214.0,100.0,18.0,2.0,1.0,21.1
76215.0,116.66666666666667,43.0,2.0,1.0,47.5
76216.0,115.33333333333333,13.0,1.0,3.0,21.1
76217.0,121.33333333333333,53.0,2.0,1.0,35.9
76218.0,96.66666666666667,36.0,2.0,3.0,30.1
76219.0,95.33333333333333,8.0,1.0,3.0,15.2
76220.0,142.0,56.0,1.0,3.0,25.8
76221.0,117.33333333333333,16.0,2.0,1.0,20.2
76223.0,133.33333333333334,76.0,1.0,3.0,30.1
76224.0,164.0,74.0,2.0,3.0,24.9
76226.0,130.66666666666666,43.0,1.0,7.0,26.1
76227.0,118.0,26.0,2.0,3.0,64.2
76229.0,98.0,17.0,1.0,2.0,24.8
76230.0,114.0,24.0,1.0,3.0,21.9
76231.0,104.66666666666667,25.0,1.0,1.0,29.7
76232.0,102.0,29.0,1.0,1.0,25.8
76233.0,121.33333333333333,54.0,2.0,1.0,32.6
76234.0,102.0,17.0,2.0,1.0,24.3
76235.0,114.66666666666667,76.0,2.0,3.0,24.0
76236.0,111.33333333333333,40.0,2.0,1.0,34.8
76238.0,168.0,61.0,2.0,6.0,34.8
76239.0,106.0,13.0,2.0,1.0,34.2
76240.0,122.66666666666667,35.0,1.0,3.0,37.5
76241.0,118.66666666666667,20.0,1.0,3.0,26.4
76242.0,122.0,19.0,2.0,4.0,19.9
76243.0,134.66666666666666,59.0,2.0,1.0,50.4
76244.0,105.33333333333333,15.0,2.0,7.0,19.9
76245.0,124.0,12.0,2.0,4.0,16.7
76246.0,116.0,44.0,1.0,2.0,21.4
76248.0,103.33333333333333,50.0,1.0,4.0,31.4
76250.0,96.0,11.0,1.0,3.0,18.7
76251.0,100.66666666666667,11.0,2.0,1.0,17.1
76252.0,162.0,70.0,2.0,3.0,29.5
76253.0,102.66666666666667,27.0,2.0,6.0,18.6
76256.0,115.33333333333333,50.0,2.0,3.0,26.7
76258.0,100.66666666666667,11.0,2.0,4.0,18.5
76259.0,84.0,16.0,2.0,6.0,18.6
76260.0,120.66666666666667,15.0,1.0,3.0,34.0
76261.0,126.0,20.0,1.0,6.0,22.7
76264.0,137.33333333333334,80.0,1.0,3.0,20.2
76267.0,162.0,63.0,1.0,4.0,43.1
76269.0,99.0,28.0,2.0,3.0,21.8
76270.0,121.33333333333333,24.0,2.0,3.0,22.6
76271.0,152.66666666666666,61.0,1.0,3.0,27.0
76272.0,103.33333333333333,42.0,2.0,3.0,36.2
76276.0,115.33333333333333,42.0,1.0,1.0,32.2
76277.0,118.66666666666667,80.0,1.0,3.0,31.3
76279.0,116.66666666666667,15.0,2.0,2.0,27.8
76281.0,138.0,49.0,2.0,3.0,15.2
76282.0,148.0,62.0,2.0,2.0,22.1
76284.0,114.66666666666667,29.0,1.0,2.0,29.1
76285.0,110.66666666666667,40.0,1.0,3.0,23.6
76286.0,148.0,59.0,1.0,3.0,28.9
76288.0,102.66666666666667,30.0,2.0,3.0,18.6
76289.0,125.33333333333333,24.0,2.0,6.0,24.4
76290.0,99.33333333333333,42.0,2.0,7.0,36.1
76293.0,102.66666666666667,14.0,1.0,3.0,30.0
76294.0,118.0,72.0,1.0,4.0,32.4
76295.0,119.33333333333333,41.0,1.0,3.0,32.2
76296.0,104.66666666666667,33.0,2.0,6.0,29.5
76298.0,145.33333333333334,57.0,2.0,3.0,38.9
76299.0,109.33333333333333,16.0,2.0,4.0,20.5
76300.0,92.66666666666667,9.0,1.0,1.0,21.6
76301.0,123.0,28.0,2.0,2.0,33.6
76302.0,134.0,49.0,1.0,4.0,27.3
76304.0,113.33333333333333,18.0,2.0,4.0,17.7
76305.0,100.66666666666667,18.0,1.0,3.0,20.3
76306.0,138.0,66.0,1.0,3.0,23.5
76307.0,118.0,41.0,2.0,1.0,21.5
76310.0,101.33333333333333,50.0,2.0,3.0,22.4
76311.0,113.0,16.0,2.0,3.0,22.7
76312.0,152.0,65.0,2.0,4.0,30.9
76314.0,114.0,38.0,2.0,3.0,23.8
76315.0,96.0,10.0,2.0,3.0,23.4
76316.0,121.33333333333333,45.0,2.0,3.0,31.0
76319.0,95.33333333333333,9.0,2.0,4.0,20.6
76320.0,122.0,63.0,2.0,3.0,25.2
76322.0,129.33333333333334,43.0,2.0,1.0,29.0
76323.0,106.0,12.0,2.0,7.0,32.2
76325.0,114.66666666666667,64.0,1.0,2.0,27.5
76326.0,112.0,32.0,1.0,2.0,31.5
76328.0,115.33333333333333,16.0,1.0,3.0,19.2
76334.0,118.0,22.0,1.0,4.0,41.5
76335.0,126.0,65.0,1.0,4.0,29.1
76337.0,106.0,14.0,2.0,6.0,22.1
76340.0,112.66666666666667,16.0,2.0,6.0,23.0
76342.0,109.33333333333333,43.0,2.0,1.0,38.3
76344.0,102.0,11.0,1.0,4.0,22.3
76345.0,88.0,8.0,1.0,3.0,15.1
76347.0,120.66666666666667,32.0,2.0,3.0,41.6
76348.0,101.0,41.0,2.0,6.0,20.8
76349.0,114.0,38.0,1.0,3.0,41.7
76351.0,102.0,43.0,2.0,2.0,35.4
76352.0,110.0,17.0,1.0,3.0,20.4
76354.0,120.0,54.0,1.0,1.0,34.2
76355.0,104.0,14.0,2.0,4.0,39.3
76356.0,102.66666666666667,23.0,2.0,3.0,26.6
76363.0,106.0,73.0,2.0,1.0,29.1
76365.0,140.0,55.0,1.0,4.0,26.0
76366.0,114.0,37.0,2.0,7.0,31.6
76367.0,96.66666666666667,42.0,1.0,3.0,29.6
76369.0,128.66666666666666,31.0,1.0,3.0,23.7
76371.0,116.66666666666667,18.0,1.0,3.0,20.1
76373.0,110.0,20.0,1.0,3.0,21.9
76374.0,105.33333333333333,9.0,1.0,4.0,18.3
76375.0,104.0,30.0,2.0,3.0,30.5
76376.0,138.66666666666666,56.0,2.0,7.0,24.9
76377.0,108.66666666666667,36.0,1.0,3.0,24.7
76380.0,137.33333333333334,58.0,2.0,4.0,20.2
76383.0,135.33333333333334,23.0,1.0,3.0,40.3
76385.0,116.66666666666667,57.0,1.0,6.0,28.0
76387.0,104.66666666666667,25.0,2.0,2.0,21.9
76388.0,131.33333333333334,43.0,2.0,3.0,31.1
76390.0,106.66666666666667,23.0,1.0,2.0,18.8
76391.0,178.0,80.0,2.0,3.0,26.2
76393.0,89.33333333333333,8.0,2.0,4.0,18.6
76394.0,112.66666666666667,12.0,2.0,1.0,25.7
76398.0,112.66666666666667,15.0,2.0,4.0,29.5
76400.0,120.66666666666667,61.0,1.0,2.0,23.5
76401.0,90.0,18.0,2.0,6.0,21.2
76402.0,148.66666666666666,80.0,2.0,4.0,28.3
76403.0,109.33333333333333,59.0,2.0,3.0,24.7
76404.0,120.66666666666667,68.0,2.0,1.0,17.6
76405.0,127.33333333333333,50.0,2.0,3.0,30.9
76406.0,116.66666666666667,36.0,1.0,7.0,21.2
76408.0,140.66666666666666,48.0,1.0,4.0,23.4
76409.0,128.0,20.0,2.0,1.0,28.6
76411.0,138.0,63.0,2.0,2.0,31.2
76413.0,116.0,66.0,2.0,2.0,26.7
76415.0,106.0,25.0,1.0,6.0,17.9
76418.0,116.0,40.0,1.0,4.0,29.5
76422.0,134.66666666666666,69.0,1.0,4.0,25.8
76423.0,126.66666666666667,74.0,2.0,3.0,22.1
76424.0,136.66666666666666,60.0,1.0,3.0,27.7
76425.0,117.33333333333333,29.0,1.0,1.0,29.0
76427.0,136.0,37.0,1.0,6.0,27.4
76429.0,130.66666666666666,63.0,1.0,2.0,21.8
76431.0,110.0,13.0,1.0,1.0,32.7
76432.0,124.0,18.0,1.0,3.0,26.8
76433.0,114.0,44.0,1.0,3.0,27.2
76435.0,140.66666666666666,69.0,2.0,4.0,36.7
76436.0,129.33333333333334,78.0,1.0,3.0,30.6
76437.0,131.33333333333334,64.0,1.0,2.0,27.7
76439.0,122.66666666666667,28.0,1.0,1.0,31.4
76440.0,108.0,49.0,2.0,3.0,25.5
76442.0,119.33333333333333,78.0,2.0,3.0,23.9
76443.0,163.0,63.0,1.0,3.0,31.2
76444.0,92.0,51.0,2.0,3.0,21.9
76446.0,115.33333333333333,46.0,2.0,3.0,25.2
76447.0,126.0,80.0,2.0,3.0,21.8
76451.0,113.33333333333333,34.0,2.0,3.0,25.2
76453.0,125.33333333333333,42.0,2.0,3.0,31.8
76455.0,177.0,69.0,2.0,4.0,34.1
76458.0,102.66666666666667,17.0,1.0,4.0,28.5
76459.0,118.0,33.0,1.0,4.0,35.8
76461.0,100.66666666666667,52.0,2.0,3.0,31.0
76464.0,127.33333333333333,33.0,1.0,3.0,25.3
76465.0,116.0,71.0,2.0,3.0,23.1
76466.0,103.33333333333333,39.0,2.0,2.0,33.3
76468.0,133.33333333333334,73.0,1.0,3.0,26.0
76469.0,150.0,72.0,1.0,1.0,44.8
76470.0,116.66666666666667,49.0,2.0,3.0,22.5
76472.0,128.0,52.0,2.0,6.0,41.3
76474.0,104.0,17.0,2.0,6.0,24.5
76476.0,113.33333333333333,39.0,2.0,3.0,41.9
76477.0,140.0,73.0,2.0,1.0,36.4
76479.0,100.66666666666667,14.0,1.0,3.0,22.3
76480.0,121.33333333333333,24.0,2.0,7.0,41.7
76481.0,141.33333333333334,67.0,2.0,6.0,18.8
76482.0,109.33333333333333,42.0,2.0,4.0,42.2
76483.0,116.0,12.0,1.0,1.0,16.8
76484.0,140.0,63.0,1.0,4.0,26.4
76485.0,100.0,12.0,2.0,1.0,18.4
76486.0,102.66666666666667,24.0,2.0,4.0,28.3
76487.0,104.66666666666667,23.0,2.0,1.0,19.1
76488.0,142.0,41.0,1.0,1.0,20.2
76490.0,110.66666666666667,68.0,2.0,3.0,24.2
76491.0,116.66666666666667,23.0,2.0,3.0,22.7
76493.0,134.66666666666666,38.0,1.0,4.0,32.1
76494.0,121.33333333333333,29.0,1.0,6.0,22.5
76496.0,97.33333333333333,23.0,2.0,1.0,27.3
76500.0,117.33333333333333,20.0,2.0,3.0,21.4
76501.0,99.33333333333333,9.0,2.0,2.0,24.3
76502.0,95.33333333333333,10.0,1.0,6.0,17.9
76503.0,110.66666666666667,15.0,2.0,7.0,28.4
76505.0,118.66666666666667,14.0,1.0,4.0,34.5
76506.0,124.66666666666667,20.0,2.0,3.0,20.6
76508.0,125.33333333333333,55.0,2.0,3.0,32.7
76509.0,102.0,24.0,1.0,6.0,21.2
76510.0,113.33333333333333,52.0,2.0,3.0,30.8
76511.0,107.33333333333333,52.0,2.0,3.0,33.5
76512.0,104.0,13.0,1.0,2.0,20.0
76513.0,106.66666666666667,15.0,1.0,1.0,17.5
76514.0,104.66666666666667,26.0,2.0,6.0,20.4
76515.0,154.0,72.0,2.0,2.0,28.8
76518.0,110.0,47.0,1.0,2.0,29.8
76519.0,118.0,17.0,1.0,4.0,21.3
76520.0,106.66666666666667,9.0,1.0,1.0,14.5
76521.0,116.66666666666667,14.0,2.0,2.0,36.3
76522.0,106.0,13.0,2.0,2.0,23.8
76523.0,95.33333333333333,30.0,2.0,3.0,30.8
76524.0,114.66666666666667,18.0,1.0,2.0,20.8
76525.0,105.33333333333333,17.0,2.0,6.0,18.2
76527.0,126.66666666666667,68.0,1.0,3.0,22.6
76528.0,104.66666666666667,43.0,2.0,6.0,22.4
76529.0,102.66666666666667,18.0,2.0,6.0,19.8
76530.0,154.66666666666666,80.0,2.0,4.0,30.5
76532.0,147.0,38.0,1.0,4.0,34.1
76533.0,182.0,67.0,1.0,4.0,21.8
76534.0,144.0,52.0,1.0,3.0,33.1
76536.0,112.0,37.0,2.0,6.0,29.1
76537.0,112.66666666666667,15.0,1.0,1.0,38.1
76539.0,103.33333333333333,36.0,2.0,3.0,19.5
76540.0,132.0,69.0,1.0,3.0,33.8
76541.0,108.0,26.0,1.0,2.0,27.4
76543.0,108.0,40.0,1.0,3.0,28.1
76544.0,116.66666666666667,10.0,1.0,1.0,30.8
76547.0,116.0,16.0,1.0,6.0,31.1
76548.0,112.66666666666667,62.0,1.0,4.0,33.0
76549.0,132.0,74.0,1.0,4.0,26.6
76550.0,138.66666666666666,70.0,1.0,2.0,25.0
76551.0,102.0,56.0,2.0,6.0,24.6
76552.0,103.33333333333333,31.0,2.0,1.0,32.6
76553.0,97.33333333333333,22.0,1.0,3.0,21.3
76554.0,92.0,10.0,2.0,7.0,12.6
76556.0,124.66666666666667,45.0,1.0,1.0,29.8
76557.0,142.0,54.0,1.0,1.0,27.8
76558.0,142.66666666666666,64.0,2.0,6.0,23.2
76559.0,114.66666666666667,15.0,2.0,3.0,19.2
76560.0,123.33333333333333,57.0,1.0,6.0,21.1
76561.0,149.33333333333334,61.0,1.0,1.0,24.3
76563.0,103.0,16.0,2.0,7.0,24.0
76565.0,117.33333333333333,80.0,2.0,3.0,30.4
76567.0,112.0,20.0,2.0,3.0,22.0
76568.0,130.0,64.0,2.0,4.0,50.8
76569.0,110.0,45.0,1.0,1.0,22.4
76571.0,151.33333333333334,57.0,1.0,2.0,24.3
76574.0,144.66666666666666,38.0,2.0,1.0,35.8
76576.0,130.0,80.0,2.0,3.0,28.0
76577.0,132.66666666666666,23.0,2.0,7.0,26.1
76578.0,106.0,43.0,1.0,1.0,28.5
76579.0,108.0,16.0,2.0,1.0,30.8
76580.0,138.66666666666666,71.0,2.0,4.0,36.0
76581.0,98.0,13.0,2.0,3.0,22.9
76583.0,101.33333333333333,15.0,1.0,4.0,17.0
76584.0,114.66666666666667,49.0,2.0,7.0,23.3
76586.0,112.66666666666667,45.0,2.0,3.0,28.2
76587.0,117.33333333333333,62.0,1.0,1.0,28.8
76588.0,93.33333333333333,13.0,2.0,1.0,17.8
76589.0,118.0,38.0,1.0,3.0,21.2
76590.0,127.33333333333333,67.0,2.0,4.0,33.1
76591.0,105.0,28.0,2.0,3.0,42.1
76593.0,102.0,76.0,1.0,4.0,20.4
76594.0,107.33333333333333,10.0,1.0,3.0,14.2
76595.0,109.33333333333333,11.0,2.0,6.0,16.7
76596.0,119.33333333333333,46.0,2.0,3.0,33.3
76597.0,104.66666666666667,41.0,2.0,3.0,29.3
76598.0,132.0,40.0,1.0,1.0,23.2
76599.0,118.0,63.0,1.0,4.0,32.6
76601.0,110.66666666666667,39.0,1.0,3.0,24.8
76602.0,122.66666666666667,40.0,2.0,4.0,51.5
76603.0,113.33333333333333,12.0,1.0,3.0,19.6
76604.0,116.0,61.0,1.0,3.0,25.9
76605.0,102.0,12.0,1.0,2.0,21.1
76606.0,179.33333333333334,57.0,2.0,6.0,35.0
76608.0,104.0,38.0,2.0,1.0,27.2
76609.0,96.66666666666667,21.0,2.0,6.0,19.5
76611.0,97.33333333333333,16.0,1.0,1.0,21.4
76612.0,134.66666666666666,62.0,1.0,1.0,26.5
76613.0,114.66666666666667,32.0,1.0,6.0,23.2
76614.0,160.0,41.0,2.0,3.0,43.3
76615.0,106.0,69.0,1.0,3.0,22.6
76617.0,117.33333333333333,18.0,1.0,4.0,25.6
76618.0,103.33333333333333,9.0,1.0,4.0,19.0
76619.0,108.0,31.0,2.0,3.0,21.3
76622.0,126.0,22.0,1.0,4.0,26.1
76623.0,133.33333333333334,41.0,1.0,1.0,21.8
76624.0,130.0,51.0,1.0,3.0,19.8
76625.0,125.33333333333333,10.0,1.0,4.0,15.5
76626.0,123.0,51.0,2.0,3.0,27.4
76627.0,132.0,76.0,2.0,3.0,31.3
76629.0,110.0,25.0,1.0,4.0,35.6
76630.0,109.33333333333333,39.0,2.0,6.0,20.9
76631.0,122.66666666666667,80.0,2.0,3.0,37.2
76632.0,116.66666666666667,49.0,1.0,6.0,18.2
76633.0,122.0,48.0,1.0,7.0,24.4
76634.0,113.33333333333333,43.0,2.0,6.0,20.5
76635.0,132.0,59.0,1.0,6.0,23.1
76636.0,108.66666666666667,29.0,2.0,4.0,20.7
76637.0,114.0,42.0,2.0,3.0,35.7
76638.0,150.0,63.0,2.0,2.0,32.8
76639.0,122.66666666666667,43.0,1.0,4.0,20.4
76641.0,113.33333333333333,42.0,2.0,3.0,45.3
76642.0,107.33333333333333,40.0,2.0,6.0,25.1
76643.0,137.33333333333334,41.0,2.0,4.0,35.3
76644.0,104.0,10.0,1.0,1.0,18.8
76645.0,144.0,52.0,1.0,7.0,24.4
76648.0,150.0,74.0,2.0,4.0,30.4
76649.0,112.66666666666667,59.0,1.0,4.0,23.2
76650.0,87.33333333333333,8.0,2.0,3.0,14.8
76653.0,121.33333333333333,66.0,2.0,3.0,27.1
76654.0,141.33333333333334,45.0,2.0,3.0,27.9
76656.0,112.66666666666667,23.0,2.0,3.0,39.8
76657.0,144.0,49.0,2.0,4.0,35.8
76658.0,98.0,9.0,2.0,3.0,17.2
76659.0,118.0,36.0,2.0,3.0,28.0
76660.0,163.33333333333334,74.0,2.0,3.0,22.8
76661.0,100.66666666666667,9.0,2.0,4.0,20.7
76662.0,114.66666666666667,12.0,1.0,1.0,23.0
76663.0,126.0,71.0,1.0,1.0,23.9
76665.0,120.66666666666667,44.0,2.0,3.0,23.3
76666.0,111.33333333333333,65.0,2.0,6.0,26.0
76667.0,118.66666666666667,52.0,2.0,3.0,22.1
76668.0,140.66666666666666,45.0,2.0,3.0,21.1
76669.0,162.0,63.0,1.0,1.0,22.8
76670.0,122.66666666666667,49.0,1.0,3.0,27.1
76671.0,96.0,40.0,2.0,4.0,25.3
76672.0,128.0,45.0,2.0,4.0,28.6
76673.0,114.66666666666667,80.0,1.0,3.0,27.3
76674.0,137.33333333333334,42.0,2.0,3.0,37.2
76675.0,108.66666666666667,48.0,1.0,6.0,24.0
76676.0,124.0,41.0,1.0,2.0,27.2
76677.0,94.0,18.0,2.0,1.0,21.7
76678.0,119.33333333333333,10.0,1.0,3.0,19.3
76679.0,131.33333333333334,69.0,2.0,3.0,37.5
76680.0,112.66666666666667,61.0,2.0,3.0,34.4
76682.0,103.33333333333333,13.0,2.0,4.0,24.9
76683.0,119.33333333333333,15.0,1.0,2.0,35.6
76684.0,108.0,47.0,2.0,3.0,25.9
76686.0,113.33333333333333,34.0,1.0,7.0,27.5
76687.0,109.33333333333333,79.0,1.0,4.0,24.0
76688.0,117.33333333333333,68.0,1.0,3.0,49.4
76690.0,100.0,14.0,2.0,4.0,21.1
76691.0,135.33333333333334,38.0,1.0,2.0,26.1
76692.0,125.33333333333333,58.0,2.0,3.0,43.8
76694.0,92.66666666666667,8.0,1.0,3.0,15.8
76697.0,118.66666666666667,24.0,1.0,7.0,24.4
76698.0,120.0,66.0,2.0,6.0,28.1
76699.0,120.0,16.0,2.0,4.0,20.3
76700.0,122.66666666666667,53.0,1.0,1.0,33.8
76702.0,109.33333333333333,62.0,1.0,4.0,20.9
76703.0,138.0,36.0,1.0,3.0,27.8
76704.0,112.0,50.0,2.0,3.0,29.0
76705.0,139.33333333333334,50.0,2.0,1.0,23.7
76706.0,117.33333333333333,60.0,1.0,2.0,22.9
76707.0,128.0,46.0,2.0,4.0,27.9
76708.0,106.66666666666667,23.0,1.0,4.0,25.0
76709.0,134.66666666666666,74.0,1.0,3.0,43.7
76711.0,114.66666666666667,11.0,1.0,4.0,28.7
76712.0,111.33333333333333,36.0,1.0,3.0,22.5
76714.0,140.66666666666666,72.0,2.0,3.0,43.1
76716.0,130.0,18.0,2.0,3.0,36.5
76718.0,125.33333333333333,40.0,2.0,3.0,21.7
76719.0,142.66666666666666,39.0,2.0,4.0,32.5
76720.0,112.0,15.0,2.0,1.0,24.5
76721.0,92.66666666666667,9.0,2.0,3.0,19.7
76722.0,116.0,73.0,1.0,3.0,30.2
76723.0,108.0,48.0,2.0,3.0,18.7
76724.0,111.33333333333333,13.0,2.0,6.0,17.4
76725.0,104.0,14.0,1.0,3.0,24.2
76728.0,96.0,8.0,1.0,4.0,14.2
76730.0,128.0,58.0,1.0,3.0,29.4
76731.0,129.33333333333334,41.0,1.0,1.0,28.1
76732.0,112.66666666666667,19.0,2.0,1.0,29.9
76733.0,110.0,77.0,1.0,3.0,38.4
76734.0,132.0,80.0,2.0,3.0,35.3
76735.0,106.0,58.0,2.0,3.0,17.3
76736.0,100.0,30.0,2.0,6.0,26.1
76737.0,96.66666666666667,28.0,2.0,3.0,21.3
76738.0,176.0,63.0,2.0,6.0,23.4
76739.0,166.0,80.0,2.0,3.0,23.7
76740.0,107.33333333333333,40.0,2.0,3.0,40.4
76741.0,106.66666666666667,68.0,2.0,3.0,28.0
76742.0,102.0,40.0,1.0,6.0,27.7
76745.0,150.0,70.0,1.0,2.0,28.6
76746.0,113.33333333333333,55.0,1.0,6.0,28.0
76747.0,137.33333333333334,80.0,2.0,3.0,45.2
76750.0,94.0,9.0,2.0,1.0,25.9
76751.0,109.33333333333333,36.0,2.0,1.0,32.9
76753.0,120.0,61.0,1.0,3.0,21.7
76754.0,147.33333333333334,76.0,1.0,4.0,29.0
76755.0,108.66666666666667,42.0,2.0,3.0,37.2
76756.0,157.33333333333334,44.0,1.0,4.0,27.8
76757.0,136.0,79.0,1.0,4.0,19.5
76758.0,105.33333333333333,15.0,1.0,7.0,29.0
76760.0,122.0,16.0,2.0,1.0,45.1
76763.0,106.0,12.0,2.0,1.0,18.7
76764.0,112.0,61.0,2.0,6.0,25.8
76765.0,106.0,13.0,2.0,4.0,22.8
76766.0,100.0,11.0,2.0,4.0,20.6
76767.0,104.66666666666667,25.0,2.0,3.0,30.7
76769.0,98.0,19.0,2.0,2.0,16.9
76771.0,125.33333333333333,33.0,1.0,2.0,28.6
76772.0,102.66666666666667,13.0,2.0,7.0,20.4
76774.0,126.66666666666667,13.0,2.0,4.0,25.1
76777.0,100.0,29.0,1.0,1.0,25.4
76778.0,100.66666666666667,18.0,1.0,1.0,23.8
76779.0,116.0,71.0,2.0,1.0,30.7
76783.0,100.66666666666667,9.0,2.0,4.0,14.5
76784.0,114.66666666666667,11.0,2.0,3.0,23.3
76785.0,110.66666666666667,22.0,1.0,6.0,17.3
76786.0,117.33333333333333,9.0,2.0,3.0,25.2
76787.0,93.33333333333333,11.0,1.0,1.0,17.8
76789.0,140.0,71.0,2.0,3.0,32.6
76791.0,102.66666666666667,15.0,2.0,1.0,39.4
76792.0,120.0,38.0,2.0,6.0,31.9
76793.0,114.0,45.0,2.0,1.0,42.4
76794.0,90.0,12.0,2.0,4.0,17.9
76795.0,106.0,11.0,1.0,4.0,16.6
76796.0,116.0,42.0,2.0,3.0,26.9
76797.0,134.0,60.0,2.0,6.0,16.3
76799.0,89.33333333333333,36.0,1.0,3.0,26.5
76800.0,118.0,18.0,1.0,3.0,24.1
76802.0,128.66666666666666,57.0,1.0,4.0,25.8
76804.0,98.66666666666667,10.0,1.0,3.0,19.0
76805.0,118.66666666666667,56.0,2.0,3.0,21.3
76806.0,102.0,14.0,2.0,3.0,21.7
76807.0,116.66666666666667,72.0,2.0,1.0,26.0
76809.0,228.66666666666666,80.0,1.0,3.0,20.7
76810.0,116.0,54.0,2.0,1.0,32.7
76811.0,103.33333333333333,27.0,2.0,6.0,19.0
76814.0,115.33333333333333,62.0,1.0,3.0,28.5
76815.0,114.66666666666667,44.0,1.0,4.0,33.1
76817.0,138.0,54.0,1.0,4.0,19.6
76818.0,140.66666666666666,80.0,1.0,3.0,24.7
76819.0,125.33333333333333,54.0,2.0,6.0,17.2
76820.0,131.33333333333334,46.0,1.0,4.0,31.1
76821.0,126.66666666666667,18.0,1.0,1.0,26.0
76822.0,108.66666666666667,16.0,2.0,1.0,55.3
76824.0,135.33333333333334,57.0,2.0,3.0,30.2
76825.0,104.0,28.0,1.0,2.0,29.0
76826.0,115.33333333333333,23.0,1.0,3.0,21.0
76828.0,108.0,40.0,2.0,6.0,26.9
76829.0,99.33333333333333,12.0,1.0,4.0,22.5
76830.0,105.33333333333333,10.0,1.0,3.0,25.2
76834.0,98.66666666666667,16.0,2.0,1.0,19.3
76835.0,114.0,40.0,2.0,4.0,19.2
76837.0,118.0,40.0,1.0,6.0,22.7
76840.0,129.33333333333334,61.0,2.0,4.0,31.3
76842.0,172.0,62.0,1.0,1.0,26.0
76843.0,160.66666666666666,59.0,1.0,4.0,38.1
76845.0,91.33333333333333,17.0,1.0,3.0,18.4
76846.0,106.66666666666667,26.0,2.0,2.0,20.6
76847.0,106.0,35.0,2.0,6.0,17.4
76849.0,120.66666666666667,79.0,1.0,3.0,21.4
76851.0,144.0,73.0,2.0,2.0,42.0
76853.0,109.33333333333333,80.0,1.0,3.0,24.7
76854.0,108.0,36.0,1.0,3.0,33.5
76856.0,110.0,20.0,1.0,3.0,27.6
76857.0,97.33333333333333,13.0,1.0,3.0,17.2
76858.0,109.33333333333333,8.0,2.0,7.0,20.1
76859.0,111.33333333333333,32.0,1.0,6.0,28.9
76860.0,118.0,60.0,2.0,4.0,28.1
76863.0,108.0,39.0,2.0,3.0,20.9
76864.0,98.66666666666667,80.0,2.0,3.0,26.5
76865.0,131.33333333333334,18.0,1.0,4.0,26.3
76866.0,99.33333333333333,11.0,1.0,4.0,22.6
76867.0,126.66666666666667,51.0,1.0,4.0,25.7
76868.0,136.0,55.0,1.0,3.0,36.9
76869.0,93.0,16.0,2.0,1.0,27.4
76870.0,123.33333333333333,80.0,2.0,3.0,26.1
76871.0,132.66666666666666,70.0,2.0,6.0,38.9
76872.0,120.66666666666667,66.0,1.0,3.0,30.9
76874.0,90.66666666666667,10.0,1.0,6.0,17.6
76877.0,134.0,52.0,2.0,4.0,39.4
76878.0,140.0,30.0,1.0,3.0,37.2
76880.0,112.0,62.0,2.0,4.0,40.4
76881.0,106.0,11.0,2.0,7.0,21.3
76882.0,109.33333333333333,33.0,2.0,3.0,36.1
76884.0,114.66666666666667,55.0,2.0,4.0,23.6
76885.0,101.33333333333333,51.0,1.0,3.0,31.3
76886.0,112.66666666666667,54.0,1.0,2.0,26.6
76888.0,142.0,80.0,1.0,3.0,35.5
76889.0,148.66666666666666,65.0,2.0,4.0,31.4
76890.0,103.33333333333333,10.0,2.0,2.0,16.5
76891.0,111.33333333333333,20.0,2.0,3.0,36.1
76892.0,118.66666666666667,62.0,1.0,3.0,25.9
76893.0,138.0,60.0,2.0,3.0,28.8
76894.0,101.33333333333333,18.0,2.0,6.0,26.1
76895.0,112.0,14.0,2.0,4.0,21.7
76898.0,104.66666666666667,19.0,1.0,2.0,22.5
76899.0,136.0,60.0,1.0,6.0,23.0
76900.0,108.0,25.0,2.0,1.0,41.5
76901.0,140.0,52.0,2.0,4.0,37.2
76902.0,116.0,56.0,1.0,2.0,28.6
76903.0,129.33333333333334,34.0,1.0,3.0,20.7
76904.0,106.0,17.0,2.0,3.0,18.9
76905.0,103.33333333333333,33.0,2.0,4.0,31.3
76906.0,98.66666666666667,10.0,2.0,4.0,16.7
76907.0,126.66666666666667,32.0,1.0,3.0,25.7
76908.0,118.66666666666667,22.0,2.0,7.0,23.8
76909.0,91.33333333333333,18.0,2.0,3.0,22.5
76910.0,105.33333333333333,10.0,2.0,4.0,23.4
76911.0,130.66666666666666,56.0,2.0,3.0,34.2
76912.0,110.66666666666667,74.0,1.0,1.0,24.4
76914.0,131.0,34.0,2.0,1.0,26.3
76915.0,139.33333333333334,63.0,1.0,4.0,31.6
76916.0,125.33333333333333,15.0,1.0,1.0,23.3
76918.0,114.0,17.0,1.0,3.0,26.5
76919.0,104.0,37.0,1.0,3.0,25.7
76920.0,117.33333333333333,23.0,2.0,7.0,22.5
76921.0,132.0,64.0,1.0,2.0,41.3
76924.0,126.0,19.0,1.0,4.0,21.7
76925.0,118.0,58.0,2.0,3.0,43.2
76927.0,102.66666666666667,11.0,2.0,4.0,23.8
76928.0,96.66666666666667,57.0,1.0,3.0,26.9
76929.0,109.33333333333333,19.0,1.0,7.0,22.0
76931.0,166.66666666666666,80.0,1.0,3.0,21.0
76932.0,165.33333333333334,73.0,1.0,2.0,21.9
76934.0,103.0,41.0,1.0,7.0,25.0
76935.0,136.0,43.0,1.0,2.0,23.8
76936.0,102.0,12.0,2.0,2.0,17.1
76937.0,127.33333333333333,39.0,1.0,3.0,27.9
76938.0,134.66666666666666,16.0,2.0,1.0,36.7
76939.0,94.66666666666667,8.0,2.0,6.0,14.9
76940.0,116.66666666666667,21.0,1.0,3.0,24.5
76941.0,143.0,78.0,2.0,3.0,23.9
76943.0,96.66666666666667,10.0,2.0,3.0,13.5
76944.0,128.0,64.0,1.0,2.0,27.3
76945.0,97.33333333333333,53.0,2.0,3.0,30.4
76948.0,108.66666666666667,11.0,2.0,3.0,19.8
76949.0,97.33333333333333,14.0,2.0,2.0,19.6
76950.0,106.66666666666667,36.0,2.0,3.0,26.7
76951.0,137.0,80.0,2.0,4.0,29.3
76953.0,114.0,41.0,1.0,6.0,25.8
76954.0,129.33333333333334,48.0,1.0,7.0,30.0
76955.0,133.33333333333334,38.0,1.0,4.0,23.5
76956.0,112.66666666666667,16.0,2.0,1.0,35.4
76958.0,98.0,57.0,2.0,2.0,21.1
76959.0,106.0,12.0,1.0,4.0,17.5
76960.0,126.66666666666667,59.0,1.0,6.0,20.2
76963.0,106.66666666666667,39.0,1.0,6.0,24.1
76964.0,110.66666666666667,16.0,1.0,3.0,21.5
76965.0,93.33333333333333,35.0,1.0,6.0,30.1
76966.0,118.0,48.0,2.0,6.0,22.3
76968.0,130.66666666666666,34.0,1.0,1.0,39.2
76969.0,120.0,52.0,1.0,3.0,22.7
76970.0,100.0,19.0,2.0,6.0,22.7
76972.0,122.66666666666667,57.0,1.0,1.0,27.9
76973.0,150.0,65.0,2.0,3.0,25.3
76974.0,114.66666666666667,38.0,2.0,3.0,22.3
76975.0,110.66666666666667,53.0,1.0,6.0,31.3
76976.0,110.0,12.0,2.0,4.0,31.7
76977.0,145.33333333333334,69.0,1.0,4.0,19.3
76978.0,106.66666666666667,18.0,2.0,1.0,36.1
76979.0,118.0,23.0,2.0,7.0,52.4
76982.0,94.0,8.0,2.0,6.0,14.7
76983.0,114.0,11.0,1.0,7.0,21.4
76984.0,136.66666666666666,43.0,1.0,3.0,47.4
76985.0,120.0,80.0,2.0,3.0,36.5
76987.0,139.0,33.0,2.0,1.0,28.0
76988.0,117.33333333333333,67.0,1.0,6.0,25.4
76989.0,104.66666666666667,9.0,2.0,4.0,16.4
76990.0,98.0,21.0,1.0,3.0,21.3
76991.0,182.66666666666666,80.0,2.0,3.0,21.6
76992.0,135.33333333333334,67.0,1.0,2.0,26.1
76993.0,112.66666666666667,16.0,2.0,4.0,26.6
76994.0,122.0,31.0,2.0,3.0,22.2
76995.0,121.33333333333333,15.0,2.0,4.0,27.5
76996.0,118.0,36.0,1.0,1.0,25.2
76997.0,127.33333333333333,18.0,1.0,2.0,22.1
76998.0,116.0,14.0,2.0,1.0,20.3
76999.0,111.33333333333333,19.0,1.0,3.0,23.2
77000.0,115.33333333333333,55.0,2.0,3.0,50.3
77001.0,116.0,40.0,2.0,3.0,34.3
77002.0,120.66666666666667,16.0,1.0,1.0,25.8
77003.0,132.66666666666666,42.0,1.0,6.0,26.8
77004.0,140.0,80.0,2.0,3.0,17.7
77006.0,117.33333333333333,34.0,2.0,2.0,26.5
77007.0,119.33333333333333,45.0,2.0,3.0,32.8
77008.0,114.0,55.0,2.0,3.0,20.3
77009.0,98.0,10.0,1.0,3.0,14.8
77010.0,134.66666666666666,44.0,1.0,1.0,25.6
77011.0,130.0,63.0,2.0,1.0,29.0
77012.0,126.0,80.0,1.0,3.0,30.8
77013.0,106.0,25.0,1.0,3.0,20.8
77014.0,109.33333333333333,52.0,2.0,4.0,26.1
77016.0,109.33333333333333,20.0,2.0,4.0,28.4
77017.0,120.0,34.0,1.0,3.0,32.2
77019.0,108.66666666666667,28.0,2.0,4.0,30.5
77020.0,126.0,47.0,1.0,3.0,31.2
77021.0,126.66666666666667,43.0,1.0,4.0,29.2
77022.0,136.0,54.0,1.0,1.0,21.8
77023.0,121.33333333333333,65.0,2.0,3.0,18.6
77024.0,115.33333333333333,25.0,1.0,4.0,40.5
77025.0,121.33333333333333,55.0,1.0,6.0,22.0
77026.0,96.66666666666667,14.0,2.0,1.0,13.4
77028.0,112.0,54.0,1.0,4.0,31.1
77029.0,109.33333333333333,48.0,1.0,2.0,26.2
77030.0,137.33333333333334,70.0,1.0,4.0,27.3
77032.0,104.66666666666667,57.0,2.0,4.0,37.1
77033.0,136.0,21.0,1.0,4.0,49.1
77035.0,144.0,64.0,1.0,4.0,26.4
77036.0,102.0,12.0,1.0,1.0,23.3
77037.0,114.0,9.0,2.0,1.0,29.1
77038.0,102.0,9.0,1.0,7.0,25.6
77039.0,106.66666666666667,16.0,2.0,1.0,20.7
77040.0,182.66666666666666,80.0,2.0,3.0,21.1
77041.0,153.0,73.0,1.0,4.0,25.3
77045.0,154.0,30.0,1.0,4.0,46.2
77046.0,140.0,62.0,1.0,3.0,27.8
77047.0,103.33333333333333,28.0,1.0,2.0,26.4
77049.0,143.0,66.0,2.0,6.0,30.2
77050.0,141.0,31.0,1.0,3.0,35.9
77051.0,104.0,21.0,2.0,1.0,28.2
77052.0,112.0,12.0,2.0,7.0,17.7
77053.0,99.33333333333333,8.0,1.0,3.0,16.0
77054.0,126.66666666666667,54.0,1.0,6.0,24.8
77057.0,135.33333333333334,80.0,2.0,3.0,22.1
77058.0,101.33333333333333,17.0,2.0,1.0,26.3
77060.0,118.66666666666667,72.0,2.0,4.0,40.6
77063.0,127.0,69.0,2.0,3.0,30.7
77066.0,156.0,62.0,2.0,2.0,42.8
77067.0,144.0,67.0,2.0,3.0,21.5
77068.0,110.66666666666667,15.0,1.0,1.0,17.9
77070.0,108.66666666666667,30.0,1.0,3.0,23.4
77071.0,100.0,14.0,1.0,6.0,18.1
77072.0,151.0,70.0,1.0,3.0,17.0
77073.0,106.66666666666667,67.0,2.0,3.0,34.0
77074.0,110.0,58.0,1.0,4.0,24.2
77075.0,113.0,42.0,2.0,4.0,20.5
77076.0,123.33333333333333,35.0,1.0,4.0,33.7
77077.0,143.33333333333334,50.0,1.0,4.0,74.1
77080.0,104.0,26.0,2.0,3.0,19.5
77081.0,131.33333333333334,67.0,1.0,3.0,32.2
77082.0,105.33333333333333,25.0,2.0,3.0,23.3
77083.0,140.66666666666666,77.0,2.0,3.0,25.4
77086.0,108.0,12.0,2.0,1.0,18.7
77087.0,100.0,10.0,1.0,4.0,14.8
77090.0,130.66666666666666,43.0,2.0,4.0,29.7
77091.0,119.33333333333333,31.0,2.0,1.0,24.8
77094.0,138.66666666666666,57.0,2.0,6.0,27.3
77095.0,117.33333333333333,46.0,1.0,3.0,25.7
77096.0,128.66666666666666,75.0,2.0,3.0,29.4
77097.0,124.0,25.0,1.0,4.0,21.6
77098.0,142.0,34.0,1.0,4.0,24.8
77099.0,102.66666666666667,14.0,1.0,1.0,34.7
77100.0,117.33333333333333,63.0,1.0,1.0,27.4
77101.0,134.0,62.0,2.0,4.0,29.3
77102.0,116.0,12.0,1.0,4.0,20.1
77103.0,136.66666666666666,53.0,2.0,2.0,22.1
77104.0,100.66666666666667,13.0,2.0,4.0,22.6
77105.0,119.33333333333333,76.0,1.0,3.0,28.8
77108.0,106.66666666666667,19.0,1.0,4.0,26.8
77109.0,123.33333333333333,38.0,1.0,1.0,33.1
77111.0,135.33333333333334,61.0,1.0,3.0,49.4
77112.0,102.0,27.0,2.0,1.0,23.9
77113.0,106.0,58.0,2.0,6.0,22.8
77114.0,111.33333333333333,73.0,2.0,1.0,28.3
77116.0,122.66666666666667,21.0,1.0,3.0,19.3
77117.0,107.33333333333333,11.0,2.0,2.0,23.8
77119.0,112.66666666666667,15.0,1.0,2.0,21.1
77120.0,104.0,56.0,2.0,3.0,32.3
77121.0,112.0,42.0,2.0,3.0,29.6
77122.0,104.0,14.0,2.0,2.0,27.0
77123.0,98.0,50.0,2.0,7.0,27.6
77124.0,86.66666666666667,9.0,2.0,2.0,20.2
77126.0,108.66666666666667,70.0,2.0,3.0,28.5
77127.0,116.0,41.0,2.0,4.0,21.9
77128.0,128.66666666666666,19.0,1.0,3.0,30.1
77129.0,112.66666666666667,10.0,2.0,4.0,20.8
77130.0,85.0,16.0,1.0,2.0,21.6
77131.0,105.33333333333333,42.0,2.0,3.0,24.3
77132.0,107.33333333333333,25.0,1.0,6.0,23.2
77135.0,90.66666666666667,10.0,1.0,3.0,13.3
77136.0,118.66666666666667,22.0,2.0,3.0,24.4
77138.0,103.33333333333333,15.0,2.0,4.0,28.0
77139.0,122.66666666666667,71.0,2.0,2.0,28.5
77141.0,95.33333333333333,42.0,2.0,1.0,27.1
77142.0,110.0,68.0,1.0,4.0,22.4
77144.0,111.33333333333333,27.0,2.0,3.0,22.2
77147.0,135.33333333333334,45.0,1.0,6.0,27.4
77149.0,95.33333333333333,11.0,1.0,4.0,23.4
77150.0,119.33333333333333,31.0,1.0,3.0,33.7
77151.0,127.33333333333333,34.0,1.0,3.0,21.0
77152.0,96.0,10.0,1.0,4.0,15.5
77153.0,105.33333333333333,29.0,2.0,3.0,27.4
77154.0,128.0,58.0,2.0,4.0,34.7
77155.0,120.0,22.0,1.0,4.0,32.0
77156.0,121.33333333333333,30.0,1.0,3.0,31.5
77157.0,104.66666666666667,47.0,2.0,3.0,22.3
77158.0,114.0,20.0,1.0,3.0,23.1
77159.0,114.0,38.0,2.0,7.0,40.6
77160.0,131.33333333333334,52.0,1.0,3.0,57.3
77162.0,110.66666666666667,72.0,2.0,3.0,40.3
77163.0,125.33333333333333,66.0,2.0,1.0,38.7
77164.0,131.33333333333334,56.0,2.0,6.0,27.5
77165.0,100.66666666666667,10.0,1.0,2.0,18.7
77167.0,124.0,40.0,2.0,4.0,32.7
77168.0,127.33333333333333,80.0,2.0,3.0,24.5
77169.0,104.66666666666667,10.0,1.0,4.0,15.9
77170.0,130.0,58.0,2.0,2.0,26.2
77171.0,136.0,69.0,2.0,2.0,27.4
77172.0,128.66666666666666,42.0,1.0,6.0,23.5
77174.0,127.33333333333333,22.0,1.0,2.0,28.0
77176.0,98.66666666666667,41.0,2.0,1.0,31.2
77177.0,114.66666666666667,48.0,1.0,3.0,27.8
77178.0,179.33333333333334,80.0,2.0,3.0,28.1
77180.0,93.33333333333333,9.0,1.0,3.0,16.4
77182.0,94.0,9.0,1.0,4.0,15.0
77185.0,94.66666666666667,51.0,2.0,3.0,26.1
77187.0,141.33333333333334,80.0,2.0,3.0,31.6
77188.0,92.66666666666667,8.0,1.0,3.0,14.4
77189.0,96.66666666666667,56.0,2.0,3.0,31.2
77191.0,104.66666666666667,80.0,2.0,3.0,24.5
77192.0,126.66666666666667,57.0,1.0,3.0,32.2
77193.0,100.0,12.0,2.0,3.0,17.1
77194.0,152.66666666666666,60.0,1.0,4.0,29.8
77195.0,104.0,47.0,2.0,2.0,19.8
77196.0,116.0,41.0,1.0,3.0,27.2
77198.0,116.0,70.0,2.0,6.0,20.3
77199.0,110.66666666666667,54.0,2.0,3.0,28.2
77200.0,157.0,68.0,2.0,4.0,38.1
77201.0,117.33333333333333,14.0,1.0,1.0,23.5
77202.0,104.66666666666667,11.0,1.0,3.0,18.9
77203.0,123.33333333333333,11.0,2.0,1.0,19.4
77205.0,136.0,57.0,2.0,6.0,23.4
77206.0,107.33333333333333,20.0,2.0,4.0,23.8
77207.0,124.66666666666667,14.0,1.0,1.0,18.8
77208.0,111.33333333333333,18.0,1.0,3.0,24.5
77210.0,94.66666666666667,13.0,1.0,1.0,20.7
77211.0,122.66666666666667,73.0,1.0,6.0,29.4
77212.0,122.0,80.0,1.0,3.0,32.5
77213.0,110.0,24.0,1.0,3.0,23.4
77214.0,110.0,12.0,1.0,3.0,16.1
77215.0,129.0,38.0,1.0,1.0,35.8
77217.0,108.0,20.0,2.0,3.0,21.4
77220.0,128.0,25.0,2.0,4.0,24.4
77221.0,144.0,39.0,2.0,3.0,31.3
77223.0,124.66666666666667,65.0,2.0,2.0,19.0
77224.0,107.33333333333333,22.0,2.0,3.0,21.3
77225.0,178.66666666666666,43.0,1.0,3.0,33.5
77226.0,96.0,15.0,2.0,6.0,21.6
77228.0,128.0,27.0,1.0,3.0,30.7
77229.0,117.33333333333333,48.0,1.0,4.0,34.6
77232.0,114.0,73.0,1.0,3.0,30.0
77234.0,107.33333333333333,24.0,2.0,4.0,33.2
77235.0,102.66666666666667,32.0,2.0,6.0,24.7
77236.0,112.0,44.0,2.0,3.0,29.8
77237.0,113.33333333333333,21.0,2.0,4.0,29.6
77238.0,130.66666666666666,59.0,1.0,3.0,23.3
77239.0,130.0,36.0,2.0,3.0,70.1
77240.0,108.66666666666667,35.0,1.0,3.0,23.2
77241.0,120.66666666666667,27.0,1.0,2.0,25.6
77244.0,118.0,42.0,1.0,4.0,25.9
77245.0,121.33333333333333,73.0,2.0,6.0,26.7
77246.0,128.66666666666666,68.0,1.0,4.0,24.8
77247.0,128.66666666666666,67.0,2.0,1.0,34.5
77248.0,122.0,22.0,2.0,6.0,28.6
77249.0,112.66666666666667,16.0,1.0,2.0,28.1
77250.0,148.66666666666666,78.0,1.0,1.0,24.8
77251.0,146.0,26.0,2.0,4.0,36.0
77252.0,122.66666666666667,12.0,2.0,4.0,26.5
77254.0,112.0,36.0,1.0,6.0,22.8
77255.0,129.0,60.0,2.0,3.0,63.0
77256.0,118.66666666666667,30.0,1.0,3.0,28.6
77257.0,135.33333333333334,61.0,1.0,2.0,30.6
77259.0,111.33333333333333,24.0,1.0,3.0,21.6
77262.0,100.0,19.0,2.0,1.0,18.8
77263.0,114.66666666666667,44.0,2.0,1.0,30.0
77264.0,96.66666666666667,15.0,2.0,4.0,42.2
77265.0,115.33333333333333,41.0,2.0,4.0,41.3
77268.0,102.0,9.0,2.0,1.0,19.4
77269.0,108.0,19.0,1.0,7.0,40.4
77270.0,116.66666666666667,11.0,1.0,4.0,20.7
77271.0,104.0,16.0,2.0,3.0,39.7
77274.0,97.33333333333333,8.0,1.0,4.0,16.4
77275.0,120.66666666666667,60.0,1.0,2.0,28.9
77277.0,110.0,53.0,1.0,3.0,30.4
77279.0,107.33333333333333,38.0,2.0,3.0,26.0
77280.0,115.33333333333333,42.0,1.0,3.0,25.3
77281.0,115.33333333333333,13.0,2.0,3.0,31.4
77282.0,117.33333333333333,20.0,1.0,6.0,32.9
77284.0,127.33333333333333,65.0,1.0,3.0,22.8
77285.0,105.33333333333333,29.0,2.0,4.0,34.5
77287.0,121.33333333333333,53.0,2.0,6.0,22.2
77289.0,124.66666666666667,24.0,1.0,4.0,28.4
77290.0,134.0,44.0,2.0,4.0,28.5
77292.0,97.33333333333333,8.0,2.0,1.0,15.9
77294.0,101.33333333333333,12.0,2.0,1.0,19.5
77295.0,136.0,30.0,1.0,4.0,42.4
77298.0,105.33333333333333,63.0,1.0,3.0,44.5
77299.0,169.33333333333334,67.0,2.0,4.0,44.0
77300.0,109.33333333333333,24.0,1.0,2.0,31.9
77302.0,112.66666666666667,23.0,1.0,3.0,23.0
77303.0,140.0,60.0,2.0,4.0,25.8
77304.0,98.66666666666667,21.0,2.0,3.0,31.5
77305.0,116.0,58.0,2.0,3.0,26.6
77306.0,124.0,73.0,1.0,2.0,29.1
77308.0,104.0,51.0,2.0,3.0,25.3
77310.0,111.33333333333333,26.0,1.0,1.0,29.8
77311.0,144.0,38.0,1.0,1.0,38.4
77313.0,134.0,67.0,2.0,1.0,32.8
77314.0,159.33333333333334,76.0,1.0,4.0,42.0
77315.0,96.0,20.0,2.0,3.0,25.9
77316.0,114.0,16.0,2.0,2.0,20.1
77318.0,110.0,62.0,1.0,4.0,34.7
77319.0,122.0,51.0,1.0,3.0,30.7
77320.0,102.66666666666667,35.0,2.0,4.0,19.8
77322.0,136.66666666666666,24.0,1.0,4.0,20.7
77323.0,118.66666666666667,28.0,2.0,7.0,23.5
77325.0,98.0,16.0,1.0,2.0,19.5
77326.0,94.0,12.0,1.0,7.0,17.5
77328.0,138.66666666666666,43.0,2.0,6.0,23.5
77331.0,113.33333333333333,54.0,1.0,3.0,26.4
77332.0,130.66666666666666,36.0,1.0,3.0,44.8
77333.0,146.66666666666666,70.0,1.0,3.0,34.9
77335.0,90.66666666666667,10.0,2.0,3.0,15.0
77336.0,162.0,48.0,1.0,4.0,29.1
77337.0,132.0,23.0,2.0,1.0,29.1
77339.0,107.33333333333333,41.0,2.0,7.0,32.5
77340.0,132.66666666666666,39.0,2.0,3.0,27.4
77341.0,88.66666666666667,49.0,2.0,3.0,36.8
77342.0,113.33333333333333,37.0,1.0,3.0,29.8
77346.0,136.0,30.0,1.0,2.0,39.9
77347.0,134.66666666666666,80.0,2.0,3.0,30.7
77348.0,140.66666666666666,78.0,1.0,3.0,25.5
77349.0,102.0,53.0,2.0,6.0,21.8
77350.0,100.66666666666667,12.0,1.0,1.0,14.9
77351.0,146.0,80.0,2.0,2.0,34.0
77353.0,122.0,19.0,2.0,1.0,42.8
77360.0,134.66666666666666,41.0,1.0,3.0,33.6
77362.0,118.66666666666667,75.0,2.0,3.0,40.6
77363.0,91.33333333333333,8.0,2.0,3.0,17.2
77365.0,103.0,23.0,1.0,6.0,21.8
77367.0,104.0,48.0,2.0,4.0,22.8
77368.0,102.0,43.0,2.0,1.0,30.2
77369.0,112.0,21.0,2.0,2.0,47.9
77370.0,102.66666666666667,14.0,1.0,4.0,22.4
77371.0,148.0,70.0,2.0,3.0,25.5
77373.0,117.33333333333333,74.0,2.0,3.0,23.9
77374.0,90.66666666666667,46.0,2.0,4.0,23.8
77376.0,117.33333333333333,60.0,1.0,1.0,26.1
77377.0,120.0,36.0,1.0,1.0,34.9
77379.0,96.0,12.0,1.0,4.0,15.4
77380.0,114.66666666666667,46.0,1.0,3.0,27.6
77381.0,126.0,28.0,1.0,3.0,24.7
77383.0,108.66666666666667,80.0,1.0,4.0,20.7
77384.0,102.0,14.0,2.0,4.0,24.1
77385.0,114.0,52.0,1.0,3.0,26.4
77386.0,102.66666666666667,31.0,2.0,6.0,23.4
77388.0,135.33333333333334,46.0,1.0,4.0,28.4
77391.0,121.33333333333333,36.0,1.0,3.0,36.4
77392.0,111.33333333333333,54.0,2.0,2.0,42.6
77393.0,108.0,63.0,2.0,6.0,18.7
77394.0,136.66666666666666,60.0,2.0,4.0,40.9
77395.0,110.0,18.0,2.0,4.0,23.7
77396.0,98.0,31.0,2.0,3.0,24.1
77398.0,156.66666666666666,62.0,1.0,2.0,25.9
77399.0,124.0,80.0,2.0,3.0,33.8
77400.0,116.66666666666667,80.0,1.0,3.0,28.5
77403.0,108.66666666666667,10.0,1.0,4.0,16.4
77404.0,100.0,8.0,2.0,4.0,24.7
77405.0,103.33333333333333,53.0,2.0,3.0,30.5
77407.0,124.66666666666667,44.0,2.0,3.0,24.7
77408.0,120.0,79.0,2.0,2.0,29.8
77409.0,113.33333333333333,38.0,2.0,3.0,22.7
77411.0,106.66666666666667,44.0,2.0,3.0,22.0
77412.0,106.66666666666667,9.0,2.0,3.0,14.5
77414.0,122.66666666666667,32.0,1.0,1.0,40.2
77415.0,124.66666666666667,72.0,2.0,3.0,33.1
77417.0,111.33333333333333,80.0,1.0,3.0,29.7
77418.0,93.33333333333333,8.0,2.0,4.0,18.2
77419.0,129.33333333333334,24.0,1.0,3.0,26.4
77422.0,170.0,80.0,1.0,6.0,21.1
77423.0,102.66666666666667,74.0,1.0,3.0,27.7
77424.0,107.33333333333333,40.0,2.0,6.0,27.1
77425.0,141.33333333333334,66.0,1.0,4.0,18.6
77426.0,111.33333333333333,14.0,1.0,2.0,28.9
77428.0,120.66666666666667,33.0,2.0,4.0,32.1
77429.0,147.0,76.0,2.0,4.0,34.7
77431.0,94.66666666666667,22.0,2.0,4.0,21.1
77433.0,126.66666666666667,58.0,2.0,6.0,26.2
77435.0,99.33333333333333,10.0,2.0,2.0,19.7
77436.0,136.66666666666666,58.0,2.0,3.0,32.0
77438.0,100.66666666666667,41.0,2.0,1.0,26.1
77439.0,105.33333333333333,14.0,2.0,7.0,30.7
77440.0,109.33333333333333,19.0,1.0,1.0,27.5
77441.0,108.66666666666667,11.0,1.0,2.0,28.3
77442.0,112.66666666666667,17.0,2.0,4.0,21.9
77443.0,114.0,64.0,1.0,3.0,33.1
77444.0,141.33333333333334,63.0,1.0,4.0,20.6
77445.0,124.0,20.0,1.0,3.0,30.6
77446.0,112.66666666666667,26.0,2.0,3.0,26.9
77447.0,90.66666666666667,8.0,2.0,4.0,16.2
77448.0,128.0,26.0,1.0,4.0,19.3
77450.0,110.0,58.0,2.0,6.0,27.2
77451.0,114.66666666666667,61.0,1.0,6.0,25.6
77452.0,116.66666666666667,27.0,1.0,1.0,29.1
77453.0,110.66666666666667,57.0,2.0,7.0,28.5
77455.0,102.66666666666667,18.0,2.0,1.0,25.3
77456.0,156.0,62.0,2.0,1.0,24.4
77457.0,112.0,12.0,1.0,3.0,19.7
77458.0,146.0,50.0,1.0,4.0,30.5
77459.0,103.33333333333333,29.0,1.0,1.0,25.4
77460.0,119.33333333333333,45.0,1.0,1.0,30.9
77461.0,95.33333333333333,20.0,2.0,4.0,18.5
77463.0,106.0,50.0,2.0,1.0,36.4
77464.0,118.66666666666667,36.0,2.0,7.0,45.8
77465.0,92.66666666666667,21.0,2.0,2.0,19.5
77466.0,103.33333333333333,22.0,2.0,3.0,29.1
77468.0,112.66666666666667,54.0,1.0,4.0,29.3
77469.0,131.33333333333334,67.0,2.0,3.0,37.7
77470.0,108.66666666666667,25.0,2.0,3.0,30.0
77471.0,146.66666666666666,62.0,1.0,3.0,30.6
77473.0,94.0,31.0,2.0,6.0,20.7
77474.0,87.33333333333333,14.0,2.0,3.0,19.5
77475.0,126.66666666666667,48.0,1.0,3.0,29.5
77476.0,110.0,9.0,1.0,4.0,21.3
77477.0,112.0,59.0,1.0,6.0,30.0
77481.0,123.33333333333333,54.0,2.0,1.0,41.3
77483.0,102.0,45.0,1.0,3.0,25.6
77484.0,122.66666666666667,40.0,1.0,6.0,24.1
77485.0,108.0,49.0,2.0,4.0,29.1
77487.0,102.66666666666667,18.0,2.0,1.0,20.6
77488.0,154.0,80.0,2.0,3.0,22.5
77489.0,167.33333333333334,74.0,1.0,3.0,30.5
77492.0,107.33333333333333,34.0,1.0,4.0,32.7
77494.0,121.0,80.0,1.0,3.0,25.4
77495.0,100.66666666666667,10.0,1.0,7.0,18.4
77497.0,111.33333333333333,9.0,1.0,4.0,24.7
77498.0,133.33333333333334,59.0,2.0,3.0,24.6
77499.0,104.66666666666667,31.0,1.0,3.0,31.8
77502.0,135.33333333333334,55.0,2.0,3.0,42.0
77503.0,124.66666666666667,59.0,1.0,3.0,28.1
77504.0,105.33333333333333,14.0,2.0,6.0,17.2
77505.0,90.66666666666667,30.0,2.0,3.0,22.1
77507.0,132.66666666666666,43.0,1.0,6.0,28.2
77508.0,108.66666666666667,18.0,2.0,2.0,21.8
77509.0,145.33333333333334,53.0,1.0,4.0,31.5
77511.0,118.0,80.0,1.0,4.0,37.4
77513.0,120.66666666666667,34.0,1.0,2.0,24.7
77515.0,118.0,66.0,2.0,4.0,33.7
77516.0,101.33333333333333,16.0,1.0,4.0,27.2
77517.0,100.66666666666667,15.0,2.0,3.0,42.0
77518.0,92.66666666666667,16.0,1.0,3.0,18.4
77519.0,103.33333333333333,16.0,2.0,1.0,22.9
77520.0,109.33333333333333,80.0,1.0,3.0,25.9
77521.0,121.33333333333333,41.0,1.0,3.0,27.9
77522.0,126.0,80.0,1.0,3.0,21.8
77524.0,127.33333333333333,65.0,2.0,3.0,25.5
77527.0,117.33333333333333,47.0,1.0,2.0,24.4
77528.0,119.33333333333333,40.0,1.0,6.0,28.0
77529.0,146.0,65.0,1.0,4.0,36.5
77532.0,123.33333333333333,15.0,1.0,7.0,24.5
77533.0,126.66666666666667,68.0,2.0,3.0,21.2
77534.0,93.33333333333333,15.0,2.0,3.0,23.0
77535.0,139.33333333333334,72.0,1.0,6.0,23.7
77536.0,174.0,80.0,2.0,3.0,24.7
77537.0,110.0,8.0,1.0,4.0,19.7
77538.0,126.0,23.0,1.0,7.0,23.8
77539.0,105.33333333333333,38.0,2.0,4.0,23.3
77540.0,123.33333333333333,43.0,1.0,6.0,25.9
77541.0,124.0,60.0,1.0,3.0,24.7
77542.0,138.0,42.0,1.0,3.0,31.7
77543.0,104.66666666666667,43.0,1.0,3.0,25.6
77546.0,118.0,20.0,1.0,4.0,33.7
77547.0,155.0,36.0,1.0,3.0,37.4
77548.0,130.66666666666666,69.0,1.0,3.0,27.9
77549.0,98.0,22.0,2.0,3.0,24.1
77550.0,132.66666666666666,26.0,1.0,1.0,43.4
77551.0,126.66666666666667,56.0,2.0,3.0,27.1
77552.0,126.0,59.0,2.0,3.0,32.0
77555.0,87.33333333333333,9.0,1.0,1.0,14.0
77556.0,113.33333333333333,24.0,1.0,4.0,28.9
77557.0,94.66666666666667,8.0,2.0,2.0,20.1
77560.0,132.66666666666666,60.0,2.0,4.0,39.1
77562.0,110.0,65.0,2.0,3.0,33.0
77563.0,123.0,36.0,1.0,6.0,30.1
77569.0,105.33333333333333,48.0,2.0,2.0,32.2
77570.0,114.0,9.0,2.0,1.0,29.1
77571.0,107.33333333333333,18.0,2.0,7.0,20.6
77572.0,121.33333333333333,57.0,1.0,3.0,24.5
77573.0,95.33333333333333,9.0,1.0,1.0,16.1
77574.0,91.0,10.0,1.0,2.0,21.5
77575.0,112.66666666666667,30.0,1.0,3.0,27.6
77577.0,110.0,33.0,2.0,4.0,25.6
77578.0,114.66666666666667,45.0,1.0,1.0,30.0
77579.0,90.66666666666667,15.0,1.0,2.0,23.3
77581.0,112.0,31.0,2.0,3.0,40.4
77582.0,100.0,10.0,1.0,6.0,14.7
77584.0,142.0,35.0,2.0,4.0,44.4
77585.0,135.33333333333334,36.0,1.0,1.0,40.1
77586.0,113.33333333333333,65.0,1.0,3.0,24.0
77587.0,140.66666666666666,20.0,1.0,3.0,37.4
77589.0,140.66666666666666,50.0,2.0,3.0,42.3
77590.0,90.0,9.0,1.0,2.0,15.4
77591.0,134.0,23.0,1.0,4.0,50.1
77592.0,120.66666666666667,52.0,2.0,4.0,34.7
77595.0,113.0,13.0,2.0,4.0,26.0
77596.0,117.33333333333333,49.0,1.0,2.0,23.8
77597.0,112.0,58.0,1.0,1.0,26.5
77598.0,109.33333333333333,79.0,1.0,3.0,20.9
77600.0,127.33333333333333,58.0,2.0,2.0,41.2
77601.0,124.66666666666667,42.0,1.0,3.0,35.3
77602.0,108.0,14.0,1.0,3.0,23.2
77603.0,128.0,56.0,2.0,6.0,28.2
77604.0,137.33333333333334,25.0,1.0,3.0,50.7
77605.0,114.0,55.0,1.0,4.0,24.7
77606.0,106.66666666666667,14.0,1.0,3.0,24.3
77607.0,104.0,42.0,2.0,3.0,33.8
77609.0,104.66666666666667,61.0,2.0,6.0,18.3
77610.0,120.66666666666667,61.0,2.0,3.0,32.5
77611.0,103.33333333333333,35.0,2.0,2.0,22.3
77612.0,128.66666666666666,22.0,1.0,2.0,56.7
77613.0,134.0,19.0,1.0,2.0,25.4
77614.0,99.33333333333333,9.0,2.0,7.0,15.7
77615.0,109.33333333333333,19.0,2.0,2.0,29.1
77616.0,124.0,35.0,2.0,4.0,44.5
77618.0,102.0,25.0,2.0,7.0,21.2
77620.0,106.0,28.0,2.0,3.0,40.2
77621.0,118.66666666666667,68.0,2.0,1.0,38.1
77622.0,131.33333333333334,75.0,2.0,3.0,26.1
77624.0,112.0,57.0,2.0,3.0,28.9
77625.0,111.33333333333333,80.0,2.0,3.0,23.9
77626.0,107.33333333333333,18.0,2.0,1.0,23.8
77630.0,136.0,45.0,1.0,2.0,30.5
77631.0,127.33333333333333,59.0,2.0,6.0,27.7
77632.0,118.0,39.0,1.0,6.0,22.8
77634.0,133.0,67.0,2.0,1.0,30.3
77638.0,106.66666666666667,23.0,2.0,3.0,21.7
77639.0,143.0,28.0,2.0,1.0,51.9
77640.0,141.33333333333334,46.0,1.0,4.0,22.4
77641.0,124.0,16.0,1.0,6.0,18.5
77642.0,138.0,63.0,2.0,3.0,31.5
77643.0,118.66666666666667,24.0,2.0,1.0,36.9
77644.0,109.33333333333333,60.0,1.0,3.0,29.9
77645.0,119.33333333333333,52.0,2.0,1.0,27.7
77646.0,107.33333333333333,18.0,1.0,1.0,28.9
77647.0,154.66666666666666,68.0,1.0,2.0,30.4
77651.0,118.66666666666667,23.0,2.0,3.0,30.5
77653.0,105.33333333333333,29.0,2.0,4.0,29.0
77654.0,138.66666666666666,70.0,2.0,1.0,35.3
77655.0,112.66666666666667,55.0,2.0,2.0,28.8
77656.0,116.66666666666667,40.0,1.0,3.0,25.2
77657.0,97.33333333333333,12.0,2.0,6.0,23.7
77659.0,187.33333333333334,76.0,2.0,3.0,33.3
77660.0,140.66666666666666,66.0,1.0,1.0,29.6
77661.0,186.0,80.0,2.0,4.0,40.8
77662.0,104.66666666666667,30.0,2.0,4.0,33.4
77663.0,152.0,61.0,1.0,6.0,28.5
77664.0,100.66666666666667,30.0,2.0,7.0,29.8
77666.0,123.33333333333333,42.0,1.0,2.0,36.2
77667.0,126.66666666666667,58.0,1.0,3.0,25.1
77668.0,122.66666666666667,47.0,1.0,4.0,36.9
77669.0,110.66666666666667,16.0,2.0,1.0,22.5
77670.0,116.0,25.0,1.0,4.0,21.5
77671.0,112.66666666666667,18.0,2.0,6.0,21.3
77673.0,107.33333333333333,26.0,1.0,6.0,21.7
77674.0,118.66666666666667,55.0,2.0,4.0,22.2
77675.0,111.33333333333333,33.0,1.0,6.0,20.6
77677.0,128.66666666666666,80.0,2.0,3.0,25.8
77678.0,118.66666666666667,34.0,1.0,3.0,22.7
77679.0,140.0,29.0,1.0,3.0,54.0
77680.0,130.0,22.0,1.0,7.0,30.6
77682.0,124.0,50.0,1.0,4.0,30.5
77684.0,159.33333333333334,80.0,1.0,3.0,21.6
77685.0,98.66666666666667,13.0,2.0,6.0,25.9
77686.0,116.0,39.0,2.0,3.0,23.4
77688.0,114.0,16.0,1.0,1.0,30.3
77689.0,120.66666666666667,49.0,2.0,2.0,33.2
77690.0,134.0,62.0,2.0,1.0,24.9
77691.0,108.66666666666667,28.0,2.0,3.0,26.1
77692.0,105.33333333333333,10.0,2.0,1.0,24.1
77693.0,115.0,51.0,2.0,4.0,35.4
77696.0,115.33333333333333,37.0,1.0,1.0,26.9
77698.0,94.66666666666667,30.0,2.0,3.0,27.4
77699.0,94.66666666666667,9.0,1.0,4.0,15.6
77700.0,108.0,48.0,2.0,3.0,22.1
77701.0,119.33333333333333,11.0,1.0,1.0,33.8
77702.0,132.66666666666666,80.0,1.0,1.0,21.5
77703.0,104.0,11.0,1.0,4.0,20.5
77705.0,141.33333333333334,63.0,1.0,3.0,23.9
77707.0,118.0,38.0,1.0,6.0,22.1
77708.0,156.0,44.0,2.0,3.0,23.3
77711.0,118.0,12.0,1.0,2.0,23.7
77712.0,90.66666666666667,12.0,1.0,3.0,19.6
77714.0,107.33333333333333,18.0,2.0,3.0,37.2
77715.0,110.0,12.0,2.0,4.0,17.1
77716.0,120.0,20.0,1.0,3.0,25.0
77717.0,137.33333333333334,48.0,1.0,7.0,38.2
77718.0,105.33333333333333,21.0,1.0,3.0,19.0
77719.0,112.66666666666667,12.0,2.0,1.0,24.7
77720.0,139.0,34.0,1.0,1.0,37.2
77721.0,123.33333333333333,46.0,1.0,6.0,21.2
77722.0,133.33333333333334,80.0,1.0,3.0,29.0
77723.0,111.33333333333333,27.0,1.0,3.0,21.8
77725.0,142.66666666666666,49.0,1.0,1.0,25.2
77726.0,113.33333333333333,11.0,2.0,4.0,17.9
77727.0,121.33333333333333,45.0,2.0,6.0,28.3
77728.0,158.0,80.0,1.0,2.0,27.6
77732.0,138.0,34.0,2.0,4.0,47.4
77733.0,118.66666666666667,65.0,1.0,1.0,31.8
77734.0,119.0,64.0,2.0,4.0,25.8
77735.0,88.66666666666667,13.0,2.0,4.0,20.9
77736.0,142.0,58.0,1.0,4.0,27.9
77738.0,88.66666666666667,8.0,2.0,1.0,14.6
77739.0,98.66666666666667,16.0,2.0,4.0,24.2
77740.0,110.66666666666667,43.0,2.0,3.0,22.4
77741.0,138.0,73.0,2.0,3.0,24.8
77742.0,125.33333333333333,19.0,1.0,4.0,23.0
77743.0,104.66666666666667,20.0,2.0,4.0,18.2
77745.0,108.66666666666667,33.0,1.0,4.0,25.8
77746.0,119.33333333333333,36.0,1.0,3.0,23.6
77747.0,118.0,27.0,1.0,4.0,20.1
77748.0,138.0,80.0,1.0,3.0,23.9
77750.0,113.33333333333333,59.0,1.0,4.0,41.3
77751.0,100.66666666666667,13.0,2.0,4.0,19.9
77752.0,88.0,15.0,2.0,1.0,24.2
77754.0,144.66666666666666,36.0,1.0,7.0,46.1
77756.0,170.0,55.0,1.0,1.0,39.8
77758.0,124.0,67.0,2.0,3.0,39.3
77760.0,104.0,63.0,1.0,3.0,34.4
77762.0,118.66666666666667,24.0,1.0,4.0,26.0
77763.0,136.66666666666666,59.0,2.0,3.0,34.4
77764.0,108.66666666666667,80.0,2.0,2.0,19.3
77765.0,107.33333333333333,11.0,2.0,1.0,26.7
77766.0,118.66666666666667,17.0,2.0,3.0,21.7
77768.0,135.33333333333334,62.0,1.0,2.0,26.3
77769.0,95.33333333333333,64.0,2.0,3.0,21.6
77771.0,122.0,33.0,1.0,1.0,26.9
77772.0,121.33333333333333,56.0,1.0,3.0,44.1
77774.0,109.33333333333333,25.0,2.0,3.0,39.5
77775.0,104.0,16.0,1.0,3.0,19.6
77777.0,135.33333333333334,69.0,2.0,1.0,28.1
77778.0,126.66666666666667,59.0,2.0,6.0,36.1
77779.0,119.33333333333333,36.0,2.0,4.0,42.5
77780.0,134.0,50.0,1.0,4.0,24.4
77781.0,118.66666666666667,25.0,1.0,4.0,32.3
77782.0,112.0,51.0,2.0,4.0,24.7
77784.0,119.33333333333333,8.0,2.0,2.0,19.2
77786.0,136.66666666666666,75.0,1.0,1.0,22.9
77787.0,115.33333333333333,44.0,2.0,1.0,50.5
77789.0,122.66666666666667,75.0,1.0,3.0,29.2
77791.0,117.33333333333333,31.0,1.0,3.0,22.9
77794.0,118.66666666666667,13.0,1.0,7.0,27.3
77795.0,102.0,34.0,2.0,4.0,31.8
77796.0,106.66666666666667,20.0,2.0,2.0,27.4
77797.0,119.0,11.0,2.0,3.0,19.6
77799.0,97.33333333333333,10.0,1.0,1.0,14.0
77800.0,110.0,24.0,2.0,4.0,31.4
77801.0,90.0,33.0,1.0,2.0,24.6
77802.0,148.66666666666666,65.0,2.0,4.0,23.8
77803.0,148.66666666666666,51.0,1.0,7.0,21.7
77805.0,101.33333333333333,25.0,2.0,3.0,29.3
77806.0,132.0,23.0,1.0,4.0,22.3
77807.0,126.66666666666667,30.0,1.0,4.0,29.9
77808.0,133.33333333333334,49.0,1.0,3.0,41.3
77810.0,107.0,8.0,1.0,6.0,20.7
77811.0,152.0,55.0,1.0,6.0,24.6
77812.0,96.0,10.0,1.0,3.0,19.4
77813.0,120.0,27.0,1.0,3.0,21.5
77815.0,109.33333333333333,66.0,1.0,3.0,30.7
77816.0,112.66666666666667,18.0,1.0,3.0,28.0
77817.0,100.66666666666667,8.0,2.0,4.0,15.9
77820.0,168.66666666666666,53.0,1.0,4.0,34.5
77821.0,126.0,23.0,1.0,2.0,22.3
77822.0,108.0,77.0,1.0,3.0,37.0
77823.0,127.33333333333333,61.0,2.0,1.0,32.8
77824.0,171.33333333333334,80.0,2.0,4.0,24.1
77827.0,113.33333333333333,52.0,2.0,2.0,28.8
77829.0,118.0,18.0,1.0,4.0,30.1
77830.0,128.0,43.0,2.0,2.0,33.7
77831.0,142.66666666666666,61.0,1.0,6.0,27.4
77832.0,123.33333333333333,67.0,2.0,2.0,32.6
77833.0,92.66666666666667,10.0,1.0,6.0,22.5
77835.0,141.33333333333334,64.0,2.0,3.0,41.5
77836.0,115.33333333333333,26.0,1.0,4.0,21.7
77837.0,116.0,27.0,2.0,7.0,25.6
77838.0,130.0,33.0,1.0,4.0,28.3
77840.0,109.33333333333333,53.0,1.0,2.0,23.1
77842.0,94.66666666666667,8.0,1.0,4.0,16.0
77843.0,125.33333333333333,42.0,1.0,1.0,37.3
77844.0,116.66666666666667,20.0,1.0,3.0,26.2
77845.0,124.66666666666667,46.0,1.0,7.0,37.3
77846.0,113.33333333333333,34.0,2.0,3.0,37.3
77847.0,120.0,61.0,1.0,4.0,43.3
77849.0,92.66666666666667,9.0,1.0,4.0,17.9
77851.0,125.33333333333333,45.0,1.0,1.0,29.8
77852.0,164.0,72.0,1.0,1.0,32.0
77853.0,168.0,67.0,1.0,6.0,27.9
77855.0,118.0,23.0,1.0,7.0,23.9
77856.0,108.66666666666667,33.0,1.0,7.0,21.3
77857.0,108.66666666666667,10.0,1.0,1.0,21.0
77858.0,120.66666666666667,37.0,2.0,3.0,39.0
77860.0,109.33333333333333,13.0,1.0,4.0,17.7
77861.0,137.33333333333334,68.0,2.0,6.0,24.7
77862.0,126.0,18.0,1.0,3.0,19.8
77864.0,107.33333333333333,40.0,1.0,4.0,31.4
77865.0,124.0,38.0,1.0,3.0,20.8
77866.0,135.33333333333334,60.0,1.0,4.0,28.7
77867.0,148.66666666666666,68.0,1.0,4.0,20.0
77869.0,126.0,57.0,2.0,2.0,24.7
77870.0,168.0,76.0,1.0,1.0,27.0
77871.0,92.0,16.0,1.0,3.0,17.3
77872.0,111.33333333333333,42.0,2.0,1.0,36.3
77875.0,125.33333333333333,57.0,2.0,3.0,36.5
77878.0,104.66666666666667,47.0,2.0,1.0,40.9
77880.0,149.33333333333334,63.0,1.0,1.0,28.1
77884.0,147.33333333333334,40.0,2.0,4.0,28.2
77885.0,98.0,9.0,2.0,6.0,15.3
77886.0,117.0,14.0,2.0,3.0,22.3
77887.0,111.33333333333333,27.0,2.0,2.0,40.0
77888.0,142.66666666666666,75.0,1.0,6.0,20.8
77889.0,120.0,38.0,1.0,4.0,20.6
77890.0,98.66666666666667,9.0,1.0,4.0,19.7
77891.0,128.66666666666666,55.0,2.0,2.0,34.7
77892.0,122.0,80.0,1.0,3.0,25.5
77893.0,122.66666666666667,24.0,1.0,6.0,27.4
77894.0,126.0,74.0,2.0,2.0,30.0
77895.0,96.0,15.0,2.0,2.0,22.1
77896.0,146.66666666666666,41.0,2.0,3.0,18.6
77897.0,126.66666666666667,63.0,2.0,1.0,36.3
77898.0,137.33333333333334,40.0,1.0,4.0,28.8
77900.0,108.66666666666667,56.0,1.0,3.0,28.7
77902.0,176.0,80.0,2.0,3.0,26.4
77903.0,114.0,31.0,2.0,3.0,30.6
77905.0,160.0,63.0,2.0,4.0,43.4
77906.0,124.66666666666667,61.0,1.0,4.0,27.9
77907.0,106.0,26.0,2.0,4.0,24.4
77908.0,99.33333333333333,17.0,2.0,1.0,44.2
77909.0,157.33333333333334,78.0,2.0,7.0,33.9
77910.0,122.0,58.0,1.0,3.0,29.9
77911.0,88.66666666666667,8.0,1.0,3.0,15.9
77912.0,103.33333333333333,34.0,2.0,4.0,40.5
77913.0,84.0,11.0,2.0,3.0,17.9
77915.0,121.33333333333333,57.0,2.0,2.0,33.9
77917.0,112.66666666666667,68.0,2.0,1.0,34.4
77919.0,109.33333333333333,17.0,2.0,2.0,31.0
77920.0,114.66666666666667,18.0,1.0,4.0,24.4
77922.0,116.66666666666667,68.0,1.0,3.0,38.1
77923.0,114.0,10.0,2.0,3.0,20.6
77924.0,115.33333333333333,13.0,1.0,1.0,20.1
77927.0,113.33333333333333,42.0,2.0,6.0,23.0
77929.0,120.0,15.0,1.0,2.0,22.8
77930.0,122.66666666666667,43.0,1.0,3.0,34.7
77931.0,116.0,36.0,1.0,2.0,30.8
77933.0,114.0,18.0,2.0,3.0,23.5
77934.0,108.66666666666667,12.0,1.0,3.0,29.5
77935.0,102.0,48.0,2.0,6.0,21.3
77936.0,101.33333333333333,43.0,2.0,1.0,35.6
77937.0,125.33333333333333,73.0,2.0,3.0,35.9
77938.0,166.66666666666666,72.0,1.0,6.0,35.7
77940.0,103.33333333333333,16.0,1.0,1.0,21.3
77941.0,144.0,50.0,1.0,4.0,34.8
77942.0,104.66666666666667,21.0,2.0,3.0,22.3
77943.0,126.66666666666667,38.0,1.0,6.0,30.3
77947.0,103.33333333333333,12.0,1.0,4.0,27.5
77948.0,123.33333333333333,33.0,2.0,3.0,23.2
77949.0,115.0,41.0,2.0,3.0,21.6
77950.0,113.33333333333333,80.0,1.0,1.0,26.8
77952.0,118.66666666666667,27.0,1.0,6.0,28.0
77953.0,102.66666666666667,33.0,2.0,6.0,22.1
77957.0,109.33333333333333,36.0,2.0,4.0,36.1
77960.0,149.33333333333334,37.0,2.0,3.0,40.4
77961.0,86.66666666666667,11.0,2.0,3.0,16.8
77962.0,97.33333333333333,8.0,2.0,4.0,15.7
77963.0,123.33333333333333,32.0,1.0,3.0,33.2
77965.0,107.33333333333333,47.0,1.0,4.0,39.9
77966.0,117.33333333333333,64.0,1.0,2.0,28.0
77968.0,110.0,52.0,2.0,2.0,30.3
77970.0,108.0,12.0,2.0,2.0,16.8
77972.0,149.33333333333334,35.0,1.0,3.0,26.6
77973.0,132.0,57.0,1.0,4.0,34.9
77975.0,104.0,11.0,1.0,6.0,16.2
77976.0,111.33333333333333,73.0,1.0,7.0,30.6
77977.0,110.0,25.0,2.0,3.0,25.0
77979.0,120.0,69.0,2.0,6.0,27.5
77982.0,111.33333333333333,16.0,2.0,4.0,30.8
77983.0,117.33333333333333,65.0,1.0,4.0,25.1
77985.0,110.0,24.0,2.0,4.0,23.6
77987.0,104.66666666666667,17.0,2.0,2.0,18.8
77988.0,106.66666666666667,17.0,1.0,2.0,26.3
77989.0,111.33333333333333,53.0,1.0,2.0,33.6
77990.0,135.33333333333334,66.0,1.0,2.0,29.0
77991.0,111.33333333333333,30.0,2.0,6.0,22.1
77992.0,120.66666666666667,76.0,1.0,3.0,24.3
77993.0,126.0,21.0,1.0,4.0,50.3
77994.0,147.0,64.0,1.0,1.0,50.6
77995.0,135.33333333333334,20.0,1.0,2.0,40.2
77997.0,128.66666666666666,45.0,1.0,3.0,33.0
77998.0,89.33333333333333,8.0,1.0,3.0,15.4
77999.0,128.66666666666666,51.0,1.0,2.0,22.6
78000.0,105.33333333333333,33.0,2.0,3.0,23.1
78001.0,111.33333333333333,31.0,2.0,3.0,21.3
78002.0,110.0,31.0,2.0,3.0,19.0
78003.0,103.33333333333333,14.0,2.0,2.0,21.2
78004.0,144.0,23.0,1.0,3.0,35.0
78005.0,102.0,15.0,2.0,1.0,28.2
78008.0,110.0,33.0,2.0,4.0,32.9
78009.0,151.33333333333334,80.0,1.0,4.0,23.8
78010.0,169.33333333333334,73.0,1.0,7.0,20.1
78012.0,140.66666666666666,33.0,1.0,3.0,30.4
78013.0,116.0,45.0,2.0,4.0,27.3
78015.0,128.0,47.0,1.0,1.0,30.4
78016.0,104.0,12.0,1.0,3.0,18.7
78018.0,110.0,47.0,2.0,1.0,27.3
78019.0,129.33333333333334,65.0,1.0,1.0,30.5
78020.0,111.33333333333333,42.0,2.0,6.0,22.2
78021.0,148.0,62.0,2.0,3.0,31.6
78024.0,115.0,33.0,1.0,2.0,28.6
78025.0,102.0,15.0,1.0,3.0,18.9
78027.0,130.0,44.0,2.0,3.0,19.2
78028.0,116.0,64.0,1.0,1.0,26.8
78031.0,142.0,64.0,2.0,4.0,40.6
78033.0,124.66666666666667,61.0,2.0,3.0,41.9
78034.0,115.33333333333333,31.0,1.0,3.0,31.2
78035.0,116.66666666666667,30.0,1.0,2.0,28.9
78036.0,117.33333333333333,48.0,2.0,2.0,30.2
78037.0,147.33333333333334,67.0,2.0,3.0,37.4
78038.0,97.33333333333333,11.0,2.0,3.0,15.8
78039.0,113.33333333333333,16.0,1.0,1.0,30.2
78040.0,142.0,59.0,2.0,3.0,22.4
78041.0,78.0,9.0,1.0,4.0,13.7
78042.0,126.66666666666667,63.0,2.0,3.0,29.3
78043.0,154.66666666666666,61.0,1.0,3.0,45.0
78045.0,109.33333333333333,12.0,2.0,2.0,33.3
78046.0,114.0,19.0,1.0,3.0,32.9
78047.0,174.0,72.0,2.0,3.0,26.3
78048.0,135.33333333333334,43.0,1.0,6.0,25.3
78050.0,113.33333333333333,17.0,1.0,1.0,22.1
78051.0,118.66666666666667,40.0,1.0,7.0,24.3
78052.0,87.33333333333333,49.0,2.0,3.0,23.7
78054.0,105.33333333333333,23.0,2.0,1.0,27.1
78055.0,114.0,9.0,1.0,3.0,23.8
78056.0,139.33333333333334,75.0,1.0,4.0,17.8
78057.0,109.0,14.0,1.0,4.0,22.8
78061.0,133.33333333333334,47.0,1.0,3.0,27.6
78063.0,144.66666666666666,77.0,2.0,3.0,33.2
78064.0,100.0,12.0,2.0,4.0,22.4
78065.0,116.0,13.0,2.0,1.0,21.3
78067.0,95.33333333333333,10.0,2.0,3.0,16.6
78068.0,124.0,19.0,1.0,3.0,21.3
78070.0,112.0,46.0,1.0,3.0,23.9
78072.0,141.33333333333334,77.0,1.0,6.0,22.9
78073.0,114.0,14.0,1.0,3.0,19.8
78074.0,130.66666666666666,51.0,1.0,2.0,36.3
78075.0,141.33333333333334,73.0,1.0,3.0,24.7
78076.0,116.66666666666667,56.0,2.0,7.0,34.0
78077.0,102.66666666666667,10.0,1.0,1.0,19.2
78078.0,124.66666666666667,19.0,1.0,1.0,22.9
78079.0,136.66666666666666,40.0,2.0,7.0,49.5
78080.0,126.66666666666667,58.0,1.0,6.0,28.3
78081.0,138.0,63.0,2.0,2.0,27.4
78082.0,104.66666666666667,40.0,1.0,3.0,22.3
78083.0,120.0,53.0,1.0,3.0,20.7
78084.0,101.0,61.0,2.0,3.0,43.2
78085.0,118.66666666666667,32.0,1.0,4.0,30.3
78086.0,117.33333333333333,80.0,1.0,4.0,23.7
78087.0,108.0,16.0,1.0,4.0,24.5
78088.0,155.33333333333334,66.0,1.0,4.0,21.5
78089.0,130.66666666666666,62.0,1.0,2.0,29.1
78090.0,93.33333333333333,15.0,2.0,3.0,17.8
78091.0,111.33333333333333,18.0,2.0,7.0,21.1
78093.0,136.66666666666666,29.0,1.0,6.0,30.0
78094.0,112.66666666666667,39.0,2.0,7.0,26.2
78095.0,205.33333333333334,51.0,2.0,2.0,21.5
78097.0,113.33333333333333,17.0,1.0,3.0,36.9
78098.0,92.66666666666667,41.0,2.0,3.0,25.1
78099.0,125.33333333333333,72.0,1.0,3.0,32.5
78100.0,103.33333333333333,80.0,1.0,4.0,25.5
78101.0,128.66666666666666,80.0,2.0,3.0,32.8
78103.0,145.0,63.0,1.0,2.0,24.2
78104.0,122.0,61.0,1.0,1.0,32.6
78105.0,106.0,36.0,2.0,6.0,23.1
78106.0,116.0,12.0,1.0,4.0,18.4
78107.0,110.66666666666667,54.0,2.0,3.0,35.9
78108.0,133.33333333333334,49.0,1.0,4.0,23.9
78109.0,104.66666666666667,16.0,1.0,3.0,31.4
78111.0,126.0,32.0,1.0,3.0,19.7
78112.0,99.33333333333333,8.0,2.0,7.0,14.3
78113.0,95.33333333333333,12.0,2.0,3.0,17.3
78114.0,132.0,59.0,2.0,3.0,19.4
78115.0,109.33333333333333,11.0,1.0,3.0,24.2
78117.0,100.0,8.0,1.0,2.0,20.2
78118.0,107.33333333333333,11.0,2.0,2.0,26.8
78119.0,151.33333333333334,73.0,2.0,3.0,24.6
78120.0,105.33333333333333,9.0,1.0,6.0,20.0
78121.0,110.0,22.0,1.0,1.0,45.2
78122.0,172.66666666666666,69.0,2.0,4.0,21.8
78124.0,110.0,46.0,1.0,3.0,35.3
78126.0,111.33333333333333,17.0,2.0,1.0,35.1
78127.0,115.33333333333333,67.0,1.0,6.0,24.9
78128.0,103.33333333333333,24.0,2.0,1.0,30.4
78129.0,110.66666666666667,39.0,2.0,3.0,33.2
78130.0,136.0,57.0,2.0,3.0,31.7
78131.0,137.33333333333334,80.0,1.0,3.0,28.4
78132.0,104.0,22.0,2.0,3.0,34.4
78138.0,135.33333333333334,66.0,1.0,3.0,25.3
78139.0,122.66666666666667,60.0,1.0,4.0,22.8
78140.0,104.66666666666667,47.0,2.0,3.0,20.9
78141.0,114.66666666666667,9.0,1.0,3.0,22.7
78142.0,96.66666666666667,13.0,2.0,2.0,26.4
78144.0,102.66666666666667,73.0,2.0,1.0,26.2
78145.0,131.33333333333334,44.0,2.0,4.0,43.5
78146.0,131.33333333333334,33.0,1.0,3.0,48.2
78147.0,112.0,11.0,2.0,4.0,19.8
78148.0,108.66666666666667,23.0,2.0,3.0,35.5
78149.0,120.0,38.0,2.0,4.0,31.2
78151.0,148.66666666666666,75.0,1.0,6.0,26.4
78153.0,114.0,18.0,2.0,4.0,20.9
78158.0,85.0,41.0,2.0,4.0,27.9
78160.0,93.33333333333333,9.0,1.0,4.0,22.1
78161.0,108.66666666666667,34.0,2.0,2.0,43.1
78163.0,95.0,13.0,1.0,1.0,21.7
78164.0,110.66666666666667,18.0,2.0,3.0,18.5
78165.0,110.0,43.0,2.0,4.0,24.1
78167.0,148.0,76.0,1.0,3.0,27.7
78168.0,119.33333333333333,19.0,2.0,3.0,45.1
78169.0,107.33333333333333,10.0,2.0,1.0,18.2
78170.0,133.33333333333334,50.0,2.0,3.0,35.8
78171.0,100.0,12.0,2.0,4.0,20.3
78174.0,118.0,67.0,1.0,1.0,27.1
78175.0,146.66666666666666,60.0,2.0,2.0,30.0
78177.0,100.66666666666667,14.0,1.0,1.0,17.0
78179.0,100.66666666666667,52.0,2.0,3.0,23.7
78180.0,153.33333333333334,80.0,2.0,3.0,23.1
78183.0,132.66666666666666,63.0,1.0,3.0,34.8
78184.0,103.33333333333333,9.0,2.0,3.0,22.9
78185.0,118.66666666666667,51.0,2.0,3.0,49.3
78186.0,109.33333333333333,67.0,2.0,3.0,24.2
78187.0,114.66666666666667,41.0,2.0,1.0,27.1
78188.0,119.33333333333333,29.0,1.0,4.0,42.8
78189.0,115.33333333333333,22.0,2.0,4.0,23.0
78190.0,105.33333333333333,9.0,1.0,1.0,14.3
78191.0,134.0,26.0,1.0,3.0,20.0
78192.0,110.0,66.0,1.0,4.0,29.4
78193.0,120.66666666666667,33.0,1.0,1.0,32.3
78194.0,97.33333333333333,9.0,2.0,1.0,14.8
78195.0,170.0,79.0,2.0,3.0,23.5
78196.0,126.66666666666667,74.0,2.0,3.0,33.6
78197.0,106.0,31.0,2.0,3.0,19.3
78198.0,124.0,54.0,2.0,3.0,33.9
78199.0,124.66666666666667,35.0,2.0,3.0,32.5
78200.0,138.66666666666666,66.0,2.0,4.0,22.7
78201.0,168.66666666666666,80.0,2.0,3.0,23.7
78203.0,144.0,44.0,2.0,7.0,47.1
78205.0,92.0,10.0,1.0,1.0,16.8
78206.0,108.0,13.0,2.0,3.0,16.5
78207.0,117.33333333333333,41.0,2.0,3.0,22.4
78208.0,147.33333333333334,52.0,1.0,4.0,24.0
78209.0,100.0,13.0,1.0,4.0,19.0
78211.0,138.0,34.0,1.0,3.0,33.0
78212.0,100.0,16.0,2.0,2.0,33.0
78213.0,111.33333333333333,38.0,1.0,4.0,20.9
78214.0,102.0,16.0,1.0,3.0,18.2
78215.0,104.66666666666667,32.0,2.0,2.0,23.4
78216.0,114.0,62.0,1.0,3.0,22.3
78217.0,147.33333333333334,66.0,1.0,6.0,23.3
78218.0,107.33333333333333,80.0,2.0,3.0,27.4
78220.0,106.0,30.0,1.0,6.0,21.5
78221.0,126.0,30.0,1.0,3.0,25.5
78222.0,110.0,15.0,1.0,7.0,18.7
78224.0,83.33333333333333,10.0,2.0,4.0,25.8
78225.0,126.0,40.0,2.0,1.0,26.7
78226.0,94.0,12.0,2.0,3.0,21.0
78227.0,161.0,76.0,2.0,3.0,22.9
78229.0,121.33333333333333,22.0,1.0,1.0,31.6
78231.0,117.33333333333333,36.0,2.0,3.0,25.4
78233.0,108.0,18.0,1.0,7.0,20.0
78234.0,104.66666666666667,15.0,1.0,3.0,24.0
78236.0,115.33333333333333,47.0,1.0,3.0,24.4
78237.0,107.33333333333333,39.0,1.0,1.0,33.4
78238.0,158.66666666666666,80.0,2.0,2.0,21.3
78239.0,152.66666666666666,47.0,2.0,4.0,65.5
78240.0,118.0,15.0,2.0,4.0,31.9
78242.0,166.66666666666666,78.0,1.0,4.0,33.0
78244.0,138.0,28.0,1.0,1.0,40.0
78245.0,122.0,72.0,2.0,6.0,29.7
78246.0,114.0,9.0,2.0,3.0,24.9
78247.0,114.66666666666667,24.0,2.0,1.0,45.7
78250.0,95.33333333333333,8.0,1.0,1.0,22.5
78251.0,138.0,40.0,1.0,1.0,32.4
78252.0,114.66666666666667,18.0,1.0,7.0,22.4
78253.0,124.0,23.0,2.0,3.0,39.8
78255.0,108.66666666666667,17.0,1.0,3.0,26.3
78256.0,109.33333333333333,28.0,2.0,4.0,30.9
78262.0,130.66666666666666,80.0,2.0,3.0,28.6
78263.0,129.33333333333334,41.0,2.0,1.0,34.8
78266.0,116.0,11.0,1.0,1.0,25.0
78267.0,112.66666666666667,32.0,1.0,6.0,25.9
78268.0,162.66666666666666,57.0,2.0,7.0,31.6
78269.0,102.66666666666667,40.0,1.0,1.0,31.6
78270.0,142.66666666666666,55.0,1.0,6.0,27.5
78271.0,98.66666666666667,11.0,2.0,3.0,24.5
78272.0,101.33333333333333,19.0,2.0,4.0,23.1
78274.0,139.33333333333334,77.0,2.0,3.0,31.6
78275.0,114.66666666666667,24.0,2.0,1.0,41.3
78277.0,102.66666666666667,80.0,2.0,3.0,20.5
78279.0,104.66666666666667,14.0,2.0,3.0,34.2
78280.0,100.66666666666667,41.0,2.0,3.0,28.4
78282.0,115.33333333333333,32.0,1.0,6.0,25.4
78283.0,100.0,12.0,1.0,3.0,15.3
78286.0,94.0,10.0,1.0,4.0,37.6
78287.0,107.33333333333333,44.0,2.0,1.0,28.7
78288.0,132.0,70.0,2.0,3.0,33.8
78289.0,116.0,77.0,1.0,3.0,25.9
78291.0,126.0,38.0,2.0,6.0,33.0
78292.0,114.66666666666667,28.0,2.0,3.0,22.5
78294.0,124.66666666666667,30.0,1.0,2.0,32.1
78295.0,92.66666666666667,12.0,1.0,4.0,17.8
78296.0,146.0,59.0,1.0,2.0,29.3
78297.0,118.0,65.0,2.0,1.0,28.9
78298.0,101.33333333333333,12.0,1.0,3.0,25.4
78301.0,138.0,75.0,1.0,3.0,34.2
78302.0,101.33333333333333,15.0,2.0,6.0,22.6
78304.0,90.0,60.0,1.0,3.0,22.4
78306.0,134.0,63.0,2.0,1.0,35.5
78307.0,104.0,23.0,2.0,3.0,28.4
78309.0,93.33333333333333,36.0,2.0,1.0,31.3
78312.0,132.0,47.0,2.0,4.0,44.1
78313.0,110.66666666666667,63.0,2.0,3.0,19.5
78315.0,89.33333333333333,14.0,2.0,1.0,19.4
78316.0,120.0,16.0,1.0,4.0,23.1
78318.0,106.66666666666667,30.0,2.0,3.0,17.8
78319.0,114.0,80.0,2.0,4.0,28.3
78320.0,146.0,41.0,2.0,3.0,33.7
78321.0,124.66666666666667,63.0,1.0,4.0,40.3
78322.0,116.0,29.0,1.0,6.0,28.1
78323.0,148.66666666666666,55.0,1.0,1.0,26.7
78324.0,102.0,9.0,2.0,1.0,24.0
78326.0,112.66666666666667,11.0,1.0,4.0,28.2
78327.0,112.66666666666667,39.0,1.0,3.0,25.0
78328.0,146.0,66.0,1.0,7.0,26.9
78329.0,122.66666666666667,22.0,1.0,3.0,22.6
78330.0,114.66666666666667,27.0,1.0,3.0,28.7
78332.0,94.66666666666667,12.0,1.0,6.0,21.5
78334.0,110.0,28.0,2.0,4.0,39.8
78335.0,104.0,27.0,2.0,1.0,27.0
78336.0,107.33333333333333,19.0,2.0,3.0,21.4
78337.0,126.66666666666667,73.0,2.0,3.0,22.9
78338.0,104.0,35.0,2.0,3.0,28.6
78339.0,94.0,8.0,1.0,7.0,13.4
78340.0,101.33333333333333,14.0,1.0,3.0,20.6
78341.0,119.33333333333333,35.0,2.0,4.0,26.9
78342.0,104.0,40.0,2.0,3.0,23.2
78345.0,107.33333333333333,19.0,2.0,2.0,21.1
78346.0,126.66666666666667,32.0,1.0,1.0,33.3
78348.0,95.33333333333333,11.0,1.0,4.0,14.8
78349.0,106.66666666666667,33.0,1.0,3.0,31.6
78350.0,111.33333333333333,43.0,2.0,2.0,22.5
78351.0,109.33333333333333,23.0,1.0,3.0,30.5
78352.0,98.0,25.0,1.0,6.0,23.6
78353.0,113.33333333333333,11.0,1.0,3.0,19.5
78354.0,110.0,44.0,1.0,3.0,19.0
78355.0,109.33333333333333,34.0,2.0,1.0,30.2
78356.0,112.66666666666667,45.0,2.0,6.0,19.9
78357.0,96.0,9.0,1.0,6.0,15.1
78358.0,116.66666666666667,9.0,1.0,7.0,25.9
78359.0,136.0,35.0,2.0,7.0,22.0
78360.0,129.33333333333334,38.0,2.0,4.0,27.3
78362.0,116.66666666666667,52.0,1.0,3.0,43.7
78364.0,102.66666666666667,18.0,1.0,6.0,20.2
78365.0,112.0,9.0,1.0,2.0,27.7
78367.0,110.0,30.0,1.0,3.0,23.9
78368.0,123.33333333333333,52.0,1.0,3.0,25.5
78369.0,111.33333333333333,23.0,1.0,3.0,20.4
78370.0,114.66666666666667,18.0,2.0,4.0,32.8
78371.0,106.66666666666667,30.0,2.0,6.0,18.9
78373.0,117.33333333333333,12.0,1.0,4.0,34.5
78374.0,142.0,49.0,2.0,3.0,28.4
78375.0,122.66666666666667,44.0,1.0,1.0,41.2
78376.0,95.33333333333333,65.0,2.0,4.0,33.7
78377.0,121.33333333333333,62.0,2.0,3.0,30.1
78379.0,120.0,47.0,2.0,3.0,48.3
78380.0,97.33333333333333,12.0,1.0,1.0,22.2
78381.0,108.0,21.0,1.0,2.0,18.1
78382.0,135.0,46.0,1.0,4.0,30.2
78385.0,125.33333333333333,13.0,1.0,1.0,21.7
78386.0,108.66666666666667,44.0,1.0,6.0,22.9
78387.0,109.33333333333333,10.0,1.0,6.0,15.8
78388.0,112.66666666666667,30.0,2.0,3.0,33.1
78389.0,117.33333333333333,16.0,1.0,6.0,22.0
78391.0,163.33333333333334,55.0,1.0,6.0,25.7
78392.0,146.66666666666666,67.0,2.0,3.0,26.1
78393.0,133.33333333333334,26.0,1.0,4.0,33.1
78394.0,175.0,58.0,2.0,3.0,43.3
78395.0,117.33333333333333,22.0,2.0,3.0,35.5
78397.0,96.66666666666667,11.0,1.0,4.0,15.3
78398.0,104.66666666666667,17.0,1.0,2.0,23.7
78400.0,137.33333333333334,49.0,2.0,4.0,28.7
78401.0,88.66666666666667,9.0,1.0,4.0,15.0
78402.0,110.66666666666667,69.0,1.0,3.0,26.9
78403.0,143.33333333333334,80.0,2.0,3.0,31.0
78404.0,114.66666666666667,44.0,1.0,3.0,34.5
78407.0,103.33333333333333,13.0,2.0,1.0,17.8
78408.0,100.66666666666667,9.0,1.0,3.0,13.2
78409.0,98.66666666666667,14.0,2.0,1.0,18.4
78410.0,114.66666666666667,45.0,2.0,2.0,36.0
78411.0,115.33333333333333,41.0,1.0,6.0,26.9
78412.0,94.0,12.0,1.0,6.0,16.1
78413.0,98.66666666666667,12.0,1.0,3.0,16.1
78417.0,103.33333333333333,22.0,2.0,4.0,33.3
78418.0,98.66666666666667,36.0,2.0,1.0,35.8
78419.0,120.66666666666667,32.0,2.0,1.0,42.6
78420.0,122.0,44.0,1.0,7.0,30.0
78421.0,106.0,9.0,1.0,1.0,21.2
78422.0,124.66666666666667,52.0,1.0,4.0,26.7
78423.0,128.0,56.0,2.0,1.0,27.3
78424.0,104.66666666666667,45.0,1.0,3.0,27.7
78427.0,119.33333333333333,18.0,2.0,4.0,28.2
78428.0,89.33333333333333,68.0,2.0,3.0,29.8
78430.0,122.0,37.0,2.0,1.0,34.0
78431.0,154.66666666666666,80.0,2.0,3.0,23.2
78432.0,107.33333333333333,16.0,2.0,1.0,35.8
78433.0,110.0,71.0,1.0,3.0,30.8
78434.0,118.66666666666667,32.0,1.0,3.0,33.1
78435.0,130.66666666666666,67.0,1.0,4.0,31.2
78436.0,100.66666666666667,9.0,1.0,3.0,14.3
78438.0,117.33333333333333,33.0,1.0,3.0,23.6
78440.0,113.33333333333333,57.0,1.0,3.0,29.0
78441.0,112.66666666666667,27.0,1.0,7.0,28.2
78442.0,140.0,59.0,2.0,1.0,29.5
78443.0,157.33333333333334,62.0,2.0,4.0,34.3
78444.0,135.33333333333334,52.0,2.0,3.0,30.2
78445.0,134.0,63.0,1.0,3.0,25.6
78446.0,112.0,28.0,2.0,3.0,30.4
78447.0,106.0,23.0,2.0,3.0,19.1
78450.0,125.33333333333333,34.0,1.0,4.0,22.4
78451.0,121.33333333333333,13.0,2.0,7.0,14.8
78452.0,96.0,13.0,2.0,2.0,24.2
78455.0,102.0,8.0,1.0,3.0,20.0
78456.0,118.0,14.0,1.0,6.0,30.6
78457.0,102.66666666666667,33.0,2.0,3.0,25.9
78458.0,112.66666666666667,15.0,1.0,1.0,25.0
78460.0,109.33333333333333,32.0,1.0,4.0,25.5
78461.0,104.66666666666667,16.0,2.0,2.0,36.0
78462.0,133.33333333333334,58.0,1.0,4.0,31.0
78464.0,109.33333333333333,26.0,2.0,3.0,21.3
78465.0,128.66666666666666,68.0,2.0,3.0,41.4
78467.0,131.33333333333334,69.0,2.0,4.0,22.8
78468.0,107.33333333333333,30.0,2.0,4.0,33.4
78470.0,110.0,12.0,2.0,1.0,33.3
78472.0,96.66666666666667,11.0,1.0,1.0,23.3
78473.0,124.0,60.0,1.0,4.0,29.6
78474.0,108.0,45.0,1.0,1.0,28.1
78475.0,144.0,77.0,2.0,3.0,28.8
78476.0,99.33333333333333,9.0,1.0,6.0,22.1
78477.0,123.33333333333333,14.0,2.0,3.0,26.6
78478.0,126.0,47.0,1.0,3.0,30.6
78479.0,92.0,28.0,1.0,3.0,23.7
78480.0,101.33333333333333,47.0,2.0,6.0,23.2
78481.0,148.66666666666666,71.0,2.0,3.0,18.5
78483.0,113.33333333333333,15.0,2.0,1.0,19.0
78485.0,88.66666666666667,8.0,2.0,3.0,15.3
78486.0,104.66666666666667,60.0,2.0,6.0,18.1
78487.0,146.66666666666666,80.0,2.0,3.0,22.2
78489.0,100.0,31.0,2.0,6.0,26.0
78490.0,131.33333333333334,23.0,1.0,4.0,15.4
78491.0,106.0,11.0,2.0,4.0,18.6
78493.0,107.33333333333333,11.0,1.0,3.0,29.8
78495.0,112.66666666666667,24.0,2.0,3.0,18.8
78496.0,123.33333333333333,19.0,2.0,1.0,34.8
78497.0,151.33333333333334,64.0,1.0,4.0,24.0
78498.0,116.0,78.0,2.0,3.0,33.0
78499.0,116.66666666666667,23.0,1.0,4.0,19.3
78500.0,128.0,36.0,1.0,4.0,30.7
78501.0,117.33333333333333,19.0,2.0,7.0,31.2
78503.0,137.0,72.0,2.0,6.0,23.8
78504.0,158.0,60.0,2.0,1.0,28.3
78506.0,134.66666666666666,57.0,1.0,3.0,23.6
78508.0,149.33333333333334,51.0,1.0,3.0,30.1
78509.0,104.66666666666667,13.0,2.0,1.0,19.2
78510.0,117.33333333333333,40.0,1.0,4.0,45.9
78511.0,123.33333333333333,15.0,1.0,4.0,28.4
78512.0,130.66666666666666,31.0,1.0,3.0,22.0
78514.0,141.33333333333334,45.0,1.0,4.0,23.3
78517.0,94.0,12.0,1.0,3.0,25.3
78518.0,138.66666666666666,38.0,1.0,3.0,35.5
78520.0,110.0,8.0,2.0,3.0,18.4
78521.0,115.33333333333333,70.0,1.0,6.0,30.9
78522.0,124.66666666666667,51.0,2.0,4.0,29.4
78523.0,153.0,60.0,2.0,6.0,20.8
78525.0,89.33333333333333,11.0,1.0,2.0,14.5
78526.0,132.66666666666666,30.0,1.0,3.0,32.4
78527.0,166.0,72.0,2.0,3.0,31.6
78528.0,108.66666666666667,38.0,1.0,3.0,25.8
78529.0,96.0,19.0,2.0,2.0,21.4
78531.0,116.0,60.0,1.0,3.0,27.0
78533.0,137.33333333333334,48.0,2.0,1.0,26.0
78534.0,126.66666666666667,67.0,2.0,2.0,29.1
78535.0,128.0,80.0,2.0,4.0,34.7
78540.0,104.0,8.0,1.0,3.0,20.5
78541.0,90.0,11.0,1.0,6.0,15.5
78542.0,106.66666666666667,41.0,2.0,1.0,34.9
78548.0,118.0,36.0,2.0,4.0,42.5
78549.0,119.33333333333333,20.0,1.0,3.0,21.1
78551.0,111.33333333333333,59.0,2.0,3.0,23.1
78552.0,147.33333333333334,68.0,2.0,1.0,19.3
78553.0,99.33333333333333,10.0,2.0,3.0,13.2
78554.0,107.33333333333333,10.0,1.0,1.0,23.6
78556.0,123.0,60.0,2.0,3.0,28.9
78557.0,92.0,70.0,2.0,3.0,39.2
78559.0,92.66666666666667,11.0,2.0,3.0,17.9
78560.0,99.33333333333333,22.0,1.0,4.0,20.4
78561.0,130.0,80.0,1.0,3.0,27.4
78562.0,116.66666666666667,48.0,1.0,3.0,35.3
78563.0,116.0,9.0,1.0,6.0,13.5
78564.0,102.0,8.0,1.0,2.0,26.2
78566.0,125.33333333333333,43.0,1.0,3.0,23.8
78568.0,101.33333333333333,29.0,2.0,4.0,33.4
78569.0,104.66666666666667,19.0,2.0,3.0,20.4
78572.0,119.33333333333333,51.0,1.0,3.0,28.3
78574.0,91.33333333333333,10.0,2.0,4.0,20.0
78575.0,118.66666666666667,22.0,1.0,3.0,28.5
78576.0,112.0,15.0,2.0,4.0,29.8
78577.0,121.33333333333333,22.0,1.0,3.0,23.8
78578.0,99.33333333333333,11.0,2.0,1.0,21.2
78579.0,138.0,71.0,1.0,3.0,39.2
78580.0,134.0,78.0,2.0,3.0,27.1
78581.0,107.33333333333333,44.0,2.0,6.0,24.3
78582.0,98.66666666666667,15.0,2.0,3.0,19.7
78583.0,122.66666666666667,54.0,1.0,2.0,30.8
78584.0,110.66666666666667,11.0,2.0,3.0,23.6
78585.0,102.0,8.0,1.0,4.0,15.1
78586.0,108.0,41.0,2.0,4.0,29.9
78587.0,128.0,57.0,2.0,6.0,23.3
78588.0,132.66666666666666,49.0,1.0,2.0,26.5
78589.0,108.66666666666667,20.0,2.0,4.0,21.4
78591.0,128.0,70.0,2.0,3.0,36.0
78593.0,80.66666666666667,8.0,2.0,2.0,17.2
78595.0,131.33333333333334,31.0,1.0,6.0,38.6
78596.0,93.33333333333333,9.0,2.0,3.0,16.7
78597.0,125.33333333333333,61.0,1.0,1.0,25.7
78598.0,152.0,63.0,1.0,3.0,31.6
78599.0,114.66666666666667,36.0,1.0,3.0,35.7
78600.0,124.66666666666667,11.0,2.0,3.0,35.9
78601.0,104.0,46.0,1.0,6.0,23.9
78602.0,106.66666666666667,14.0,2.0,2.0,21.5
78603.0,119.33333333333333,33.0,1.0,4.0,30.1
78604.0,111.33333333333333,11.0,2.0,3.0,28.5
78605.0,106.0,11.0,2.0,3.0,24.2
78606.0,98.0,42.0,1.0,3.0,26.6
78608.0,95.0,59.0,1.0,3.0,23.6
78611.0,104.66666666666667,21.0,1.0,4.0,23.1
78612.0,124.66666666666667,60.0,2.0,1.0,23.4
78613.0,104.66666666666667,22.0,2.0,2.0,27.3
78614.0,99.33333333333333,14.0,2.0,6.0,30.0
78615.0,101.33333333333333,57.0,2.0,6.0,21.5
78616.0,119.33333333333333,21.0,2.0,2.0,33.7
78619.0,129.33333333333334,61.0,2.0,3.0,29.8
78620.0,132.66666666666666,64.0,1.0,6.0,28.4
78621.0,107.33333333333333,50.0,1.0,6.0,26.4
78622.0,103.33333333333333,16.0,1.0,3.0,28.3
78623.0,100.66666666666667,12.0,1.0,3.0,17.9
78626.0,116.66666666666667,51.0,1.0,1.0,27.1
78627.0,154.0,69.0,1.0,3.0,32.4
78628.0,95.0,11.0,2.0,1.0,14.5
78629.0,88.0,13.0,2.0,3.0,19.8
78630.0,149.33333333333334,65.0,1.0,4.0,23.9
78631.0,122.0,28.0,2.0,7.0,33.3
78633.0,104.66666666666667,24.0,1.0,6.0,18.4
78634.0,124.66666666666667,55.0,2.0,3.0,48.4
78635.0,122.0,11.0,1.0,7.0,34.2
78636.0,102.0,25.0,2.0,3.0,29.1
78638.0,111.33333333333333,40.0,1.0,4.0,32.0
78639.0,100.0,10.0,2.0,1.0,19.3
78640.0,91.33333333333333,66.0,1.0,2.0,26.2
78641.0,96.0,10.0,1.0,4.0,21.6
78642.0,103.33333333333333,19.0,2.0,3.0,18.4
78645.0,118.0,37.0,1.0,3.0,30.8
78646.0,110.66666666666667,9.0,1.0,4.0,22.9
78649.0,138.0,50.0,1.0,1.0,30.4
78650.0,118.0,21.0,1.0,7.0,21.2
78651.0,107.33333333333333,24.0,2.0,6.0,23.3
78652.0,122.0,42.0,2.0,1.0,30.9
78654.0,150.0,61.0,2.0,3.0,28.3
78655.0,127.33333333333333,28.0,1.0,1.0,29.2
78657.0,108.66666666666667,11.0,1.0,4.0,17.4
78658.0,132.0,50.0,2.0,1.0,24.5
78659.0,110.66666666666667,19.0,1.0,1.0,26.2
78660.0,150.0,35.0,1.0,3.0,57.9
78661.0,153.33333333333334,64.0,1.0,4.0,21.4
78662.0,120.0,56.0,1.0,4.0,28.2
78663.0,102.0,11.0,2.0,3.0,24.2
78664.0,118.66666666666667,37.0,1.0,3.0,25.7
78665.0,121.33333333333333,48.0,1.0,4.0,26.1
78667.0,154.0,63.0,1.0,3.0,46.8
78669.0,112.66666666666667,27.0,2.0,3.0,33.4
78671.0,142.0,67.0,2.0,4.0,36.0
78672.0,112.66666666666667,31.0,1.0,1.0,39.0
78673.0,108.0,32.0,2.0,6.0,32.8
78674.0,104.66666666666667,61.0,2.0,3.0,21.7
78675.0,108.0,19.0,1.0,4.0,18.1
78676.0,117.33333333333333,39.0,2.0,4.0,38.1
78677.0,99.33333333333333,12.0,2.0,2.0,20.7
78678.0,103.33333333333333,44.0,2.0,3.0,25.2
78680.0,128.66666666666666,16.0,1.0,3.0,33.4
78682.0,116.0,53.0,2.0,1.0,19.4
78683.0,114.66666666666667,56.0,2.0,3.0,19.4
78686.0,111.33333333333333,12.0,1.0,4.0,15.2
78687.0,108.0,17.0,1.0,4.0,25.5
78688.0,113.33333333333333,39.0,1.0,1.0,36.2
78689.0,119.0,21.0,2.0,3.0,31.5
78691.0,73.33333333333333,42.0,2.0,4.0,26.7
78692.0,122.0,39.0,2.0,6.0,24.9
78693.0,107.33333333333333,14.0,1.0,4.0,17.6
78694.0,109.33333333333333,22.0,2.0,6.0,21.8
78695.0,140.0,23.0,1.0,4.0,28.4
78696.0,92.0,8.0,1.0,4.0,16.9
78697.0,109.33333333333333,9.0,2.0,1.0,23.8
78698.0,148.0,80.0,2.0,4.0,23.7
78700.0,127.33333333333333,80.0,1.0,3.0,22.0
78701.0,103.33333333333333,14.0,2.0,3.0,17.1
78702.0,108.66666666666667,80.0,1.0,3.0,26.6
78703.0,157.33333333333334,59.0,1.0,3.0,23.5
78704.0,146.66666666666666,55.0,1.0,4.0,32.0
78705.0,134.66666666666666,37.0,2.0,1.0,31.1
78707.0,133.33333333333334,56.0,1.0,4.0,19.6
78708.0,115.33333333333333,40.0,1.0,2.0,22.6
78710.0,103.33333333333333,36.0,2.0,3.0,30.1
78712.0,114.0,53.0,2.0,3.0,29.4
78713.0,102.66666666666667,14.0,2.0,2.0,25.6
78714.0,117.33333333333333,64.0,2.0,3.0,50.2
78715.0,112.66666666666667,15.0,2.0,3.0,21.9
78716.0,110.0,46.0,2.0,6.0,22.8
78717.0,102.66666666666667,11.0,1.0,4.0,17.3
78718.0,112.0,45.0,2.0,1.0,26.3
78719.0,119.33333333333333,37.0,2.0,3.0,23.7
78720.0,122.0,27.0,2.0,4.0,37.1
78722.0,108.66666666666667,8.0,2.0,4.0,15.1
78723.0,150.0,66.0,2.0,1.0,26.5
78724.0,108.0,23.0,1.0,3.0,25.1
78725.0,114.0,35.0,1.0,3.0,29.0
78726.0,96.0,8.0,1.0,3.0,17.7
78727.0,178.66666666666666,70.0,2.0,3.0,28.9
78728.0,114.66666666666667,38.0,1.0,3.0,20.3
78729.0,104.66666666666667,18.0,2.0,2.0,21.0
78732.0,104.0,10.0,2.0,6.0,17.3
78733.0,112.0,27.0,1.0,3.0,28.2
78735.0,108.66666666666667,44.0,1.0,3.0,30.2
78736.0,109.33333333333333,41.0,1.0,3.0,50.9
78737.0,163.0,71.0,2.0,4.0,49.5
78739.0,128.66666666666666,53.0,1.0,3.0,26.2
78740.0,96.0,10.0,1.0,1.0,19.7
78741.0,97.33333333333333,37.0,1.0,1.0,28.5
78742.0,123.33333333333333,53.0,1.0,3.0,25.5
78743.0,96.66666666666667,8.0,2.0,4.0,20.4
78744.0,96.66666666666667,55.0,2.0,3.0,22.9
78746.0,100.66666666666667,27.0,2.0,6.0,21.8
78747.0,129.33333333333334,70.0,2.0,3.0,26.3
78748.0,129.33333333333334,77.0,1.0,3.0,27.2
78750.0,96.0,20.0,2.0,2.0,22.3
78751.0,108.66666666666667,11.0,2.0,3.0,27.0
78754.0,158.0,79.0,2.0,4.0,20.4
78755.0,106.66666666666667,40.0,2.0,3.0,25.6
78757.0,168.66666666666666,65.0,1.0,1.0,33.2
78760.0,104.0,31.0,2.0,6.0,28.5
78761.0,103.33333333333333,11.0,2.0,4.0,15.7
78762.0,123.33333333333333,24.0,1.0,2.0,33.4
78764.0,130.66666666666666,51.0,2.0,3.0,36.0
78765.0,114.66666666666667,33.0,1.0,1.0,24.5
78766.0,118.0,46.0,1.0,3.0,26.8
78767.0,120.0,29.0,1.0,3.0,24.1
78768.0,122.66666666666667,34.0,2.0,4.0,30.2
78769.0,114.66666666666667,19.0,1.0,1.0,22.4
78770.0,108.0,41.0,1.0,3.0,25.9
78771.0,110.66666666666667,80.0,1.0,3.0,32.0
78772.0,106.0,30.0,2.0,1.0,30.2
78773.0,92.0,8.0,2.0,7.0,15.3
78776.0,120.66666666666667,24.0,1.0,3.0,25.0
78777.0,188.66666666666666,56.0,2.0,4.0,24.5
78778.0,116.0,64.0,2.0,3.0,32.1
78780.0,167.33333333333334,80.0,2.0,3.0,24.6
78781.0,118.66666666666667,29.0,1.0,4.0,29.4
78782.0,104.0,19.0,2.0,3.0,22.8
78783.0,110.66666666666667,19.0,2.0,1.0,42.9
78785.0,109.33333333333333,14.0,1.0,4.0,19.7
78786.0,144.0,9.0,1.0,3.0,16.2
78787.0,104.66666666666667,17.0,1.0,6.0,22.3
78788.0,116.0,16.0,2.0,4.0,19.3
78789.0,155.33333333333334,75.0,1.0,3.0,27.9
78791.0,113.33333333333333,43.0,1.0,4.0,35.6
78794.0,135.33333333333334,60.0,1.0,7.0,20.7
78796.0,134.0,64.0,2.0,4.0,41.6
78797.0,123.0,37.0,1.0,1.0,26.9
78798.0,110.66666666666667,19.0,1.0,4.0,25.9
78799.0,96.0,45.0,2.0,3.0,24.3
78801.0,116.66666666666667,37.0,1.0,3.0,23.4
78802.0,107.33333333333333,14.0,2.0,3.0,20.3
78804.0,136.66666666666666,64.0,2.0,4.0,31.8
78805.0,133.33333333333334,41.0,2.0,4.0,46.2
78806.0,127.33333333333333,46.0,2.0,3.0,30.8
78807.0,104.66666666666667,9.0,1.0,7.0,16.2
78809.0,112.0,47.0,2.0,3.0,40.7
78810.0,127.33333333333333,58.0,2.0,4.0,39.9
78811.0,103.33333333333333,12.0,1.0,1.0,23.4
78812.0,123.33333333333333,41.0,1.0,2.0,34.6
78813.0,96.0,13.0,1.0,4.0,16.9
78814.0,108.66666666666667,42.0,2.0,1.0,26.5
78815.0,110.0,17.0,1.0,3.0,21.4
78817.0,96.66666666666667,9.0,1.0,4.0,21.4
78818.0,100.66666666666667,43.0,2.0,6.0,20.7
78819.0,102.66666666666667,37.0,2.0,1.0,20.7
78820.0,106.66666666666667,76.0,1.0,3.0,29.3
78821.0,113.33333333333333,38.0,2.0,2.0,35.3
78822.0,118.66666666666667,68.0,1.0,3.0,26.2
78823.0,112.66666666666667,38.0,2.0,3.0,29.2
78824.0,113.33333333333333,10.0,1.0,3.0,17.0
78825.0,140.66666666666666,67.0,2.0,2.0,28.7
78827.0,125.33333333333333,42.0,2.0,4.0,55.0
78828.0,131.33333333333334,29.0,1.0,7.0,29.5
78829.0,116.0,38.0,1.0,1.0,34.0
78831.0,88.0,8.0,1.0,3.0,16.0
78832.0,114.66666666666667,32.0,1.0,4.0,27.4
78833.0,122.66666666666667,27.0,1.0,3.0,34.1
78834.0,112.66666666666667,56.0,2.0,3.0,19.9
78835.0,105.33333333333333,11.0,2.0,7.0,31.9
78836.0,117.33333333333333,47.0,1.0,3.0,26.6
78837.0,108.0,16.0,2.0,1.0,16.5
78838.0,123.33333333333333,78.0,1.0,3.0,25.9
78839.0,101.33333333333333,8.0,1.0,2.0,21.7
78840.0,98.0,18.0,2.0,3.0,20.4
78842.0,107.33333333333333,16.0,1.0,3.0,19.3
78844.0,152.0,67.0,2.0,3.0,31.6
78845.0,113.33333333333333,16.0,2.0,2.0,29.2
78847.0,153.33333333333334,63.0,2.0,6.0,26.8
78850.0,115.33333333333333,15.0,1.0,1.0,27.5
78852.0,114.66666666666667,40.0,1.0,1.0,31.0
78853.0,124.66666666666667,65.0,2.0,3.0,26.4
78854.0,130.0,67.0,1.0,4.0,30.9
78858.0,145.33333333333334,77.0,1.0,2.0,26.1
78862.0,120.66666666666667,36.0,2.0,4.0,41.2
78863.0,113.33333333333333,18.0,1.0,4.0,22.0
78865.0,118.66666666666667,61.0,2.0,2.0,26.4
78866.0,108.0,12.0,1.0,3.0,22.4
78870.0,164.66666666666666,52.0,2.0,3.0,34.1
78871.0,118.0,14.0,1.0,1.0,21.2
78872.0,99.0,28.0,2.0,1.0,32.5
78874.0,130.0,55.0,2.0,4.0,38.8
78875.0,116.66666666666667,50.0,2.0,3.0,25.4
78876.0,119.33333333333333,66.0,2.0,3.0,19.5
78877.0,102.0,8.0,1.0,3.0,16.4
78880.0,108.0,33.0,1.0,3.0,29.1
78881.0,95.33333333333333,28.0,2.0,4.0,28.4
78882.0,124.0,70.0,2.0,3.0,28.0
78883.0,103.33333333333333,51.0,1.0,3.0,20.5
78884.0,100.0,26.0,2.0,2.0,32.3
78885.0,140.66666666666666,61.0,2.0,1.0,49.4
78888.0,98.66666666666667,9.0,2.0,4.0,16.9
78889.0,119.33333333333333,17.0,1.0,2.0,33.1
78890.0,127.33333333333333,23.0,1.0,7.0,44.5
78892.0,124.0,62.0,1.0,1.0,31.1
78893.0,100.0,14.0,1.0,2.0,17.4
78895.0,114.0,59.0,1.0,6.0,20.4
78896.0,137.33333333333334,28.0,2.0,4.0,35.4
78897.0,140.0,63.0,2.0,4.0,35.2
78898.0,92.66666666666667,37.0,2.0,2.0,21.5
78899.0,146.0,80.0,1.0,3.0,24.0
78900.0,126.66666666666667,27.0,1.0,3.0,24.1
78901.0,108.66666666666667,44.0,2.0,4.0,25.6
78902.0,133.33333333333334,63.0,1.0,2.0,34.3
78903.0,146.66666666666666,66.0,1.0,1.0,32.2
78904.0,124.0,23.0,2.0,4.0,18.1
78905.0,118.66666666666667,61.0,1.0,2.0,24.9
78906.0,126.66666666666667,15.0,1.0,4.0,34.0
78907.0,125.33333333333333,30.0,1.0,3.0,42.1
78908.0,102.0,9.0,2.0,6.0,16.4
78909.0,114.66666666666667,41.0,2.0,3.0,22.5
78910.0,127.33333333333333,46.0,1.0,3.0,27.9
78911.0,104.0,56.0,2.0,2.0,24.0
78912.0,111.33333333333333,76.0,2.0,3.0,25.1
78916.0,135.33333333333334,60.0,2.0,4.0,34.7
78918.0,121.33333333333333,67.0,1.0,6.0,25.7
78919.0,116.0,47.0,2.0,6.0,24.2
78920.0,127.33333333333333,20.0,1.0,1.0,42.7
78921.0,114.66666666666667,47.0,1.0,4.0,19.3
78922.0,109.33333333333333,40.0,2.0,4.0,24.1
78923.0,114.0,15.0,2.0,3.0,32.3
78924.0,140.0,50.0,2.0,4.0,37.3
78925.0,113.33333333333333,19.0,2.0,6.0,21.4
78927.0,91.33333333333333,8.0,1.0,4.0,15.9
78928.0,228.0,80.0,2.0,3.0,20.4
78929.0,165.33333333333334,71.0,2.0,1.0,27.6
78930.0,124.0,50.0,1.0,3.0,33.7
78931.0,116.66666666666667,28.0,1.0,3.0,33.9
78932.0,110.0,13.0,1.0,6.0,17.5
78933.0,83.33333333333333,11.0,2.0,7.0,13.5
78934.0,118.0,20.0,1.0,3.0,22.3
78935.0,107.33333333333333,13.0,1.0,4.0,19.3
78936.0,94.0,11.0,2.0,3.0,24.5
78937.0,134.0,55.0,1.0,3.0,34.2
78940.0,106.66666666666667,36.0,2.0,4.0,22.9
78943.0,99.33333333333333,12.0,1.0,2.0,17.5
78944.0,120.66666666666667,56.0,2.0,1.0,27.6
78946.0,114.0,20.0,1.0,4.0,31.1
78947.0,140.0,80.0,2.0,3.0,30.1
78949.0,124.0,43.0,1.0,3.0,23.3
78950.0,126.0,73.0,2.0,2.0,30.9
78951.0,111.33333333333333,80.0,2.0,3.0,29.2
78952.0,114.66666666666667,44.0,2.0,6.0,29.2
78953.0,121.33333333333333,63.0,1.0,4.0,28.4
78957.0,112.66666666666667,19.0,1.0,4.0,31.2
78958.0,104.66666666666667,14.0,2.0,2.0,16.2
78959.0,106.66666666666667,39.0,2.0,6.0,22.9
78962.0,128.66666666666666,52.0,2.0,1.0,31.6
78963.0,123.33333333333333,52.0,1.0,4.0,28.1
78964.0,135.33333333333334,35.0,1.0,1.0,30.4
78966.0,96.66666666666667,18.0,2.0,3.0,20.8
78967.0,107.33333333333333,41.0,2.0,2.0,32.5
78968.0,135.33333333333334,63.0,2.0,3.0,25.0
78969.0,110.0,20.0,2.0,4.0,37.2
78970.0,112.66666666666667,45.0,2.0,3.0,22.7
78971.0,128.0,10.0,2.0,4.0,26.5
78973.0,104.0,27.0,2.0,2.0,21.7
78974.0,110.66666666666667,54.0,1.0,4.0,29.1
78976.0,115.33333333333333,22.0,2.0,3.0,27.2
78977.0,97.33333333333333,24.0,2.0,3.0,18.8
78978.0,120.66666666666667,71.0,2.0,3.0,29.8
78979.0,114.0,48.0,2.0,3.0,19.9
78980.0,136.0,68.0,2.0,3.0,22.2
78981.0,134.66666666666666,71.0,2.0,1.0,32.8
78982.0,90.66666666666667,9.0,2.0,1.0,20.6
78983.0,106.0,52.0,1.0,3.0,26.1
78984.0,129.33333333333334,17.0,1.0,3.0,42.6
78987.0,110.66666666666667,30.0,1.0,3.0,24.8
78989.0,140.0,68.0,1.0,4.0,51.2
78991.0,116.66666666666667,61.0,1.0,1.0,31.3
78992.0,107.33333333333333,19.0,2.0,4.0,19.7
78994.0,141.0,54.0,2.0,4.0,43.6
78997.0,145.33333333333334,74.0,2.0,3.0,26.3
78998.0,103.33333333333333,8.0,1.0,3.0,15.0
78999.0,107.33333333333333,23.0,1.0,4.0,22.8
79000.0,120.0,36.0,1.0,1.0,26.8
79001.0,116.66666666666667,28.0,1.0,3.0,32.1
79002.0,123.33333333333333,43.0,2.0,3.0,25.6
79005.0,106.66666666666667,44.0,1.0,4.0,28.0
79006.0,137.33333333333334,52.0,2.0,3.0,36.8
79007.0,140.66666666666666,52.0,2.0,6.0,20.3
79008.0,99.33333333333333,11.0,2.0,3.0,14.6
79009.0,102.66666666666667,10.0,1.0,1.0,18.2
79011.0,123.33333333333333,80.0,2.0,3.0,28.2
79013.0,146.0,58.0,1.0,3.0,32.1
79014.0,103.33333333333333,54.0,2.0,4.0,31.9
79015.0,134.66666666666666,64.0,1.0,1.0,34.5
79016.0,108.66666666666667,80.0,1.0,3.0,27.9
79017.0,114.66666666666667,61.0,1.0,1.0,32.4
79018.0,103.33333333333333,18.0,2.0,3.0,23.1
79019.0,121.33333333333333,45.0,2.0,4.0,36.4
79022.0,152.0,44.0,1.0,4.0,31.2
79023.0,113.33333333333333,42.0,2.0,3.0,33.8
79024.0,122.66666666666667,32.0,1.0,4.0,24.8
79025.0,132.66666666666666,54.0,2.0,4.0,34.6
79026.0,111.33333333333333,23.0,1.0,3.0,21.3
79027.0,133.33333333333334,48.0,2.0,3.0,45.9
79028.0,92.0,12.0,1.0,1.0,16.5
79029.0,142.66666666666666,52.0,1.0,3.0,25.8
79031.0,132.0,68.0,1.0,4.0,25.3
79033.0,120.0,41.0,1.0,3.0,25.0
79035.0,99.33333333333333,10.0,1.0,1.0,20.7
79036.0,108.0,15.0,2.0,1.0,37.0
79037.0,104.66666666666667,22.0,2.0,3.0,27.3
79039.0,114.66666666666667,34.0,2.0,3.0,41.4
79040.0,136.0,58.0,2.0,4.0,36.3
79041.0,106.0,52.0,2.0,3.0,22.0
79042.0,131.33333333333334,65.0,1.0,3.0,35.4
79043.0,105.33333333333333,14.0,2.0,3.0,20.5
79044.0,111.33333333333333,31.0,1.0,6.0,27.1
79045.0,124.0,11.0,2.0,1.0,27.3
79047.0,102.0,13.0,2.0,3.0,19.1
79050.0,166.0,74.0,2.0,2.0,36.9
79051.0,97.33333333333333,14.0,2.0,7.0,20.1
79054.0,106.66666666666667,14.0,1.0,7.0,18.8
79056.0,102.66666666666667,9.0,1.0,2.0,18.0
79057.0,106.0,35.0,2.0,1.0,29.2
79058.0,98.66666666666667,12.0,2.0,1.0,22.3
79059.0,120.0,18.0,1.0,3.0,23.2
79060.0,106.66666666666667,31.0,2.0,3.0,26.7
79063.0,117.33333333333333,51.0,2.0,1.0,41.7
79064.0,124.0,48.0,1.0,6.0,28.0
79066.0,118.0,14.0,1.0,4.0,28.7
79067.0,116.66666666666667,26.0,1.0,1.0,31.3
79068.0,125.33333333333333,36.0,2.0,6.0,37.3
79069.0,120.66666666666667,30.0,1.0,3.0,31.2
79070.0,122.66666666666667,17.0,1.0,4.0,21.3
79072.0,94.0,53.0,2.0,2.0,22.5
79073.0,114.66666666666667,16.0,2.0,3.0,23.1
79074.0,108.0,16.0,1.0,4.0,21.0
79075.0,104.0,27.0,1.0,2.0,33.5
79076.0,111.33333333333333,19.0,2.0,4.0,23.5
79077.0,111.33333333333333,80.0,1.0,3.0,25.7
79078.0,148.0,60.0,2.0,4.0,46.0
79080.0,170.0,76.0,2.0,2.0,22.3
79081.0,108.0,27.0,2.0,6.0,19.6
79084.0,132.0,42.0,2.0,1.0,33.1
79086.0,118.0,39.0,2.0,3.0,31.1
79087.0,89.33333333333333,14.0,2.0,1.0,22.4
79088.0,79.33333333333333,46.0,2.0,3.0,23.9
79089.0,141.33333333333334,55.0,2.0,3.0,18.4
79091.0,102.66666666666667,38.0,2.0,1.0,28.3
79092.0,106.66666666666667,36.0,2.0,3.0,21.0
79094.0,110.0,14.0,2.0,4.0,23.3
79095.0,186.0,80.0,2.0,6.0,29.5
79096.0,143.0,44.0,1.0,4.0,20.7
79097.0,100.66666666666667,15.0,2.0,4.0,20.5
79098.0,115.33333333333333,19.0,1.0,3.0,20.8
79099.0,124.0,34.0,1.0,3.0,24.0
79100.0,104.66666666666667,28.0,2.0,1.0,24.1
79101.0,114.66666666666667,48.0,2.0,4.0,20.0
79105.0,119.33333333333333,15.0,1.0,1.0,17.4
79106.0,148.66666666666666,78.0,1.0,4.0,26.1
79110.0,97.33333333333333,35.0,2.0,3.0,22.6
79112.0,106.0,22.0,2.0,4.0,36.4
79113.0,130.0,66.0,1.0,4.0,43.8
79114.0,125.33333333333333,28.0,1.0,3.0,38.2
79117.0,98.0,9.0,1.0,3.0,20.3
79118.0,98.0,8.0,1.0,4.0,14.8
79119.0,143.0,56.0,2.0,3.0,35.5
79120.0,121.33333333333333,11.0,1.0,3.0,18.8
79121.0,132.66666666666666,62.0,2.0,2.0,24.0
79122.0,93.33333333333333,9.0,2.0,2.0,16.8
79125.0,110.66666666666667,48.0,2.0,4.0,32.0
79127.0,103.0,27.0,2.0,3.0,26.8
79128.0,137.33333333333334,64.0,2.0,4.0,38.6
79130.0,98.0,47.0,2.0,3.0,32.5
79132.0,110.0,28.0,2.0,4.0,19.4
79134.0,112.66666666666667,78.0,1.0,4.0,34.9
79135.0,188.0,60.0,1.0,1.0,27.6
79136.0,98.0,67.0,2.0,1.0,38.5
79137.0,128.66666666666666,25.0,1.0,3.0,36.3
79138.0,156.0,60.0,2.0,4.0,39.2
79139.0,114.66666666666667,13.0,2.0,1.0,22.9
79142.0,111.33333333333333,49.0,2.0,2.0,24.4
79146.0,105.33333333333333,26.0,2.0,2.0,22.2
79147.0,135.33333333333334,38.0,2.0,3.0,41.2
79148.0,116.0,33.0,1.0,1.0,33.8
79150.0,109.0,10.0,1.0,1.0,31.9
79152.0,130.0,53.0,1.0,3.0,28.5
79153.0,110.66666666666667,29.0,2.0,1.0,33.0
79154.0,134.0,71.0,1.0,3.0,23.7
79155.0,114.0,30.0,2.0,3.0,38.0
79160.0,98.66666666666667,14.0,2.0,3.0,18.8
79161.0,153.33333333333334,55.0,2.0,2.0,27.5
79162.0,137.33333333333334,80.0,1.0,3.0,27.6
79165.0,120.0,65.0,2.0,3.0,21.8
79166.0,104.0,19.0,1.0,3.0,26.3
79169.0,120.0,32.0,2.0,3.0,31.6
79170.0,121.33333333333333,14.0,1.0,1.0,28.3
79171.0,148.0,74.0,2.0,3.0,26.6
79173.0,115.33333333333333,51.0,1.0,3.0,28.5
79175.0,116.0,21.0,1.0,3.0,23.4
79176.0,130.0,55.0,1.0,4.0,30.1
79177.0,138.0,43.0,1.0,3.0,26.7
79178.0,149.0,80.0,1.0,6.0,26.7
79179.0,148.0,80.0,2.0,3.0,24.2
79180.0,124.0,69.0,2.0,1.0,25.9
79181.0,104.66666666666667,34.0,2.0,3.0,32.3
79182.0,100.66666666666667,12.0,1.0,7.0,29.8
79184.0,122.0,80.0,1.0,3.0,32.5
79185.0,90.0,79.0,1.0,4.0,19.1
79186.0,147.33333333333334,80.0,2.0,2.0,21.6
79187.0,110.0,52.0,2.0,7.0,32.8
79188.0,116.0,55.0,2.0,3.0,33.3
79189.0,125.33333333333333,74.0,1.0,4.0,22.4
79190.0,111.33333333333333,41.0,1.0,1.0,45.9
79191.0,120.0,60.0,2.0,3.0,23.1
79193.0,118.66666666666667,20.0,1.0,3.0,28.3
79195.0,147.33333333333334,66.0,2.0,4.0,26.9
79196.0,117.33333333333333,18.0,2.0,6.0,24.0
79198.0,105.33333333333333,46.0,1.0,2.0,27.7
79199.0,196.0,80.0,2.0,1.0,32.6
79200.0,138.0,80.0,2.0,2.0,27.2
79201.0,136.0,75.0,1.0,3.0,27.5
79202.0,123.33333333333333,23.0,2.0,3.0,31.8
79204.0,132.66666666666666,80.0,2.0,3.0,30.1
79205.0,111.33333333333333,20.0,1.0,4.0,22.0
79206.0,133.33333333333334,72.0,1.0,3.0,28.4
79207.0,118.0,25.0,2.0,1.0,36.4
79208.0,147.0,52.0,2.0,3.0,22.1
79210.0,114.66666666666667,25.0,1.0,6.0,20.7
79211.0,96.66666666666667,39.0,2.0,2.0,19.9
79213.0,136.0,31.0,2.0,3.0,34.0
79214.0,161.33333333333334,80.0,2.0,4.0,33.2
79215.0,136.0,28.0,2.0,6.0,47.7
79216.0,157.33333333333334,80.0,2.0,3.0,23.2
79217.0,125.33333333333333,33.0,1.0,4.0,27.6
79218.0,100.0,14.0,1.0,4.0,18.9
79219.0,134.66666666666666,23.0,1.0,3.0,32.3
79220.0,125.33333333333333,55.0,1.0,3.0,31.9
79221.0,144.0,53.0,1.0,4.0,29.2
79222.0,84.66666666666667,9.0,2.0,2.0,14.3
79223.0,126.0,21.0,2.0,3.0,37.1
79224.0,97.33333333333333,19.0,2.0,6.0,18.2
79225.0,130.0,71.0,2.0,3.0,37.9
79226.0,117.33333333333333,24.0,1.0,6.0,22.1
79227.0,92.0,8.0,2.0,6.0,20.7
79228.0,134.0,42.0,1.0,3.0,19.0
79229.0,102.66666666666667,15.0,1.0,2.0,19.8
79231.0,116.66666666666667,52.0,1.0,3.0,28.5
79233.0,106.66666666666667,16.0,1.0,7.0,35.9
79234.0,124.66666666666667,30.0,2.0,4.0,17.4
79235.0,106.66666666666667,14.0,2.0,1.0,32.6
79236.0,100.66666666666667,9.0,1.0,3.0,17.2
79238.0,114.66666666666667,9.0,1.0,1.0,23.3
79240.0,147.33333333333334,67.0,1.0,4.0,25.8
79241.0,123.33333333333333,47.0,1.0,1.0,36.0
79242.0,112.0,13.0,1.0,3.0,23.5
79243.0,108.0,13.0,2.0,3.0,20.6
79245.0,160.0,75.0,2.0,4.0,31.2
79246.0,92.66666666666667,30.0,2.0,2.0,23.6
79247.0,125.33333333333333,51.0,1.0,4.0,32.0
79248.0,102.66666666666667,11.0,2.0,3.0,17.9
79249.0,106.66666666666667,17.0,2.0,6.0,23.4
79251.0,97.33333333333333,15.0,2.0,1.0,18.3
79253.0,102.0,26.0,2.0,6.0,20.8
79254.0,101.33333333333333,29.0,2.0,4.0,32.8
79257.0,109.33333333333333,46.0,2.0,2.0,22.4
79258.0,124.0,59.0,2.0,1.0,35.1
79259.0,137.0,59.0,1.0,6.0,25.9
79260.0,113.33333333333333,13.0,1.0,4.0,19.7
79261.0,100.66666666666667,12.0,2.0,4.0,20.3
79263.0,134.66666666666666,46.0,1.0,3.0,40.0
79264.0,95.33333333333333,16.0,2.0,1.0,21.9
79265.0,110.66666666666667,14.0,1.0,4.0,17.5
79266.0,164.0,58.0,2.0,4.0,23.4
79267.0,130.0,65.0,1.0,3.0,34.1
79268.0,124.66666666666667,55.0,2.0,3.0,26.3
79269.0,109.33333333333333,40.0,2.0,6.0,33.7
79270.0,134.0,66.0,2.0,4.0,41.4
79271.0,106.66666666666667,49.0,2.0,3.0,21.9
79272.0,104.66666666666667,28.0,2.0,3.0,20.6
79273.0,94.66666666666667,48.0,2.0,3.0,22.9
79274.0,138.0,44.0,2.0,1.0,56.5
79275.0,130.0,62.0,1.0,1.0,32.4
79276.0,105.33333333333333,26.0,2.0,6.0,16.9
79279.0,137.33333333333334,49.0,2.0,4.0,32.0
79280.0,94.66666666666667,12.0,1.0,4.0,24.0
79281.0,98.66666666666667,23.0,2.0,3.0,22.5
79282.0,114.66666666666667,18.0,2.0,7.0,28.7
79283.0,106.66666666666667,18.0,1.0,6.0,23.3
79284.0,118.66666666666667,34.0,2.0,2.0,50.1
79286.0,108.0,72.0,1.0,3.0,27.9
79287.0,114.66666666666667,19.0,1.0,1.0,17.6
79288.0,151.0,79.0,2.0,3.0,36.5
79289.0,97.33333333333333,16.0,2.0,6.0,20.4
79290.0,109.33333333333333,18.0,1.0,3.0,29.2
79291.0,100.66666666666667,35.0,2.0,3.0,29.7
79292.0,156.0,58.0,1.0,6.0,26.6
79293.0,116.0,30.0,2.0,2.0,27.1
79294.0,112.0,39.0,1.0,4.0,21.0
79295.0,104.66666666666667,21.0,1.0,4.0,18.9
79296.0,125.33333333333333,58.0,2.0,7.0,29.9
79297.0,131.33333333333334,62.0,2.0,2.0,22.5
79298.0,107.33333333333333,60.0,2.0,3.0,25.5
79300.0,119.33333333333333,39.0,1.0,3.0,38.2
79302.0,122.0,46.0,2.0,4.0,32.1
79304.0,119.33333333333333,38.0,1.0,3.0,26.5
79305.0,122.66666666666667,46.0,1.0,3.0,29.0
79306.0,116.0,39.0,2.0,2.0,30.5
79307.0,102.66666666666667,8.0,2.0,6.0,19.5
79309.0,112.0,40.0,2.0,3.0,32.2
79310.0,127.33333333333333,70.0,1.0,3.0,26.6
79311.0,120.0,47.0,2.0,6.0,23.3
79314.0,114.66666666666667,55.0,1.0,3.0,32.0
79315.0,106.0,32.0,1.0,3.0,25.3
79316.0,110.0,10.0,2.0,4.0,25.3
79317.0,110.66666666666667,14.0,2.0,1.0,37.1
79318.0,122.0,45.0,2.0,2.0,19.5
79319.0,126.66666666666667,67.0,2.0,3.0,31.0
79320.0,107.33333333333333,26.0,2.0,3.0,28.0
79321.0,90.66666666666667,8.0,1.0,4.0,16.2
79322.0,85.33333333333333,70.0,1.0,3.0,28.9
79323.0,160.0,80.0,2.0,3.0,30.2
79325.0,141.33333333333334,72.0,2.0,3.0,28.9
79328.0,121.33333333333333,80.0,2.0,3.0,24.5
79329.0,128.66666666666666,18.0,1.0,3.0,36.5
79331.0,139.33333333333334,58.0,1.0,3.0,33.2
79332.0,85.33333333333333,8.0,2.0,1.0,15.0
79333.0,126.66666666666667,51.0,2.0,4.0,47.3
79334.0,114.66666666666667,45.0,1.0,1.0,28.9
79335.0,118.0,39.0,2.0,6.0,28.3
79337.0,133.33333333333334,61.0,2.0,6.0,18.2
79338.0,132.0,44.0,1.0,6.0,25.4
79339.0,142.0,60.0,2.0,4.0,41.5
79340.0,114.66666666666667,31.0,2.0,3.0,28.9
79341.0,93.33333333333333,32.0,2.0,6.0,19.7
79343.0,98.0,10.0,1.0,3.0,19.2
79344.0,100.0,16.0,2.0,7.0,23.9
79347.0,102.0,10.0,1.0,2.0,16.5
79348.0,83.33333333333333,9.0,1.0,4.0,17.8
79350.0,108.66666666666667,14.0,1.0,3.0,15.9
79351.0,138.0,62.0,1.0,3.0,29.0
79352.0,92.66666666666667,69.0,1.0,2.0,28.0
79353.0,125.33333333333333,15.0,1.0,6.0,34.0
79354.0,109.33333333333333,19.0,2.0,3.0,25.4
79358.0,119.33333333333333,67.0,1.0,4.0,30.8
79360.0,117.33333333333333,55.0,2.0,3.0,21.7
79362.0,111.33333333333333,59.0,1.0,3.0,27.4
79363.0,104.0,11.0,2.0,6.0,24.2
79364.0,140.0,44.0,2.0,1.0,40.4
79365.0,135.33333333333334,29.0,1.0,4.0,33.2
79366.0,107.33333333333333,42.0,1.0,7.0,36.1
79368.0,114.0,8.0,1.0,3.0,17.7
79369.0,106.66666666666667,30.0,1.0,6.0,23.8
79370.0,89.33333333333333,8.0,2.0,4.0,15.5
79371.0,142.0,63.0,1.0,7.0,27.8
79373.0,124.66666666666667,49.0,2.0,3.0,26.3
79374.0,88.0,58.0,2.0,3.0,23.2
79375.0,126.66666666666667,35.0,2.0,3.0,27.6
79376.0,113.33333333333333,50.0,1.0,3.0,31.7
79377.0,138.0,72.0,1.0,4.0,28.8
79378.0,153.33333333333334,52.0,2.0,3.0,22.7
79379.0,116.0,43.0,2.0,1.0,29.6
79380.0,114.0,24.0,2.0,3.0,29.8
79381.0,98.0,14.0,1.0,3.0,28.1
79385.0,176.0,44.0,1.0,2.0,24.4
79386.0,106.0,57.0,1.0,3.0,21.6
79387.0,104.0,38.0,1.0,1.0,27.3
79388.0,140.66666666666666,67.0,2.0,6.0,24.3
79389.0,102.0,55.0,1.0,3.0,32.6
79390.0,107.33333333333333,20.0,2.0,3.0,23.0
79392.0,119.0,11.0,1.0,3.0,23.0
79393.0,102.0,14.0,2.0,1.0,20.2
79394.0,121.0,16.0,2.0,3.0,35.7
79395.0,96.66666666666667,52.0,2.0,3.0,19.4
79396.0,104.0,32.0,2.0,3.0,26.2
79397.0,111.33333333333333,16.0,2.0,1.0,23.5
79398.0,134.0,29.0,1.0,4.0,23.0
79399.0,105.33333333333333,26.0,1.0,3.0,23.1
79404.0,118.0,19.0,2.0,3.0,37.7
79405.0,96.0,33.0,2.0,3.0,22.8
79406.0,121.33333333333333,69.0,2.0,3.0,39.4
79407.0,166.66666666666666,43.0,2.0,4.0,23.0
79408.0,135.33333333333334,70.0,2.0,3.0,28.1
79409.0,113.33333333333333,21.0,2.0,3.0,23.8
79415.0,113.0,57.0,2.0,3.0,31.0
79416.0,116.0,64.0,1.0,3.0,31.1
79417.0,138.66666666666666,80.0,1.0,3.0,25.3
79419.0,129.33333333333334,70.0,2.0,3.0,39.0
79421.0,128.0,31.0,1.0,3.0,31.9
79422.0,111.33333333333333,46.0,2.0,3.0,23.9
79423.0,105.33333333333333,25.0,2.0,3.0,21.6
79424.0,114.0,17.0,2.0,4.0,16.7
79425.0,134.0,53.0,1.0,6.0,23.0
79426.0,109.33333333333333,40.0,2.0,3.0,24.1
79429.0,97.33333333333333,18.0,2.0,4.0,19.9
79430.0,114.0,18.0,1.0,4.0,27.0
79431.0,125.33333333333333,56.0,1.0,1.0,29.2
79432.0,110.0,73.0,1.0,6.0,29.2
79433.0,106.0,48.0,2.0,2.0,23.8
79434.0,120.0,22.0,2.0,7.0,45.9
79436.0,108.0,28.0,2.0,4.0,38.4
79437.0,107.33333333333333,60.0,1.0,4.0,51.8
79439.0,108.66666666666667,8.0,1.0,6.0,28.6
79440.0,153.33333333333334,73.0,2.0,4.0,35.5
79441.0,115.33333333333333,67.0,2.0,4.0,39.7
79442.0,104.66666666666667,45.0,1.0,3.0,26.5
79443.0,118.0,44.0,1.0,4.0,40.7
79445.0,111.33333333333333,80.0,1.0,3.0,28.9
79446.0,148.0,47.0,1.0,2.0,30.5
79447.0,98.66666666666667,11.0,2.0,7.0,21.6
79449.0,112.66666666666667,37.0,2.0,3.0,19.0
79451.0,126.66666666666667,47.0,2.0,4.0,39.8
79452.0,173.0,74.0,2.0,3.0,41.1
79453.0,109.33333333333333,54.0,1.0,4.0,37.6
79454.0,101.33333333333333,59.0,2.0,3.0,20.0
79455.0,106.66666666666667,37.0,2.0,2.0,24.9
79456.0,107.33333333333333,18.0,1.0,1.0,30.1
79457.0,128.66666666666666,68.0,1.0,3.0,30.5
79459.0,127.33333333333333,30.0,1.0,6.0,31.7
79460.0,110.66666666666667,64.0,1.0,1.0,25.0
79461.0,123.33333333333333,76.0,2.0,3.0,33.0
79462.0,134.66666666666666,25.0,1.0,2.0,47.3
79463.0,114.0,33.0,1.0,6.0,32.4
79464.0,100.66666666666667,28.0,2.0,2.0,21.4
79466.0,132.0,36.0,2.0,6.0,20.0
79467.0,119.33333333333333,26.0,1.0,3.0,26.5
79468.0,134.66666666666666,52.0,1.0,3.0,31.1
79469.0,120.0,80.0,1.0,3.0,19.7
79470.0,97.33333333333333,14.0,2.0,6.0,16.9
79471.0,133.33333333333334,42.0,1.0,3.0,30.7
79473.0,104.0,27.0,2.0,3.0,30.8
79474.0,165.0,50.0,2.0,4.0,36.4
79476.0,144.0,66.0,2.0,4.0,28.8
79477.0,144.0,62.0,2.0,4.0,35.9
79479.0,94.0,21.0,2.0,3.0,20.4
79480.0,104.0,38.0,2.0,6.0,19.7
79481.0,144.0,72.0,1.0,4.0,26.5
79482.0,128.0,55.0,2.0,4.0,36.3
79484.0,115.33333333333333,54.0,1.0,1.0,44.9
79486.0,182.66666666666666,72.0,2.0,3.0,27.0
79487.0,106.66666666666667,42.0,2.0,1.0,30.2
79489.0,96.66666666666667,8.0,2.0,3.0,13.8
79490.0,124.0,34.0,1.0,3.0,29.8
79491.0,96.66666666666667,34.0,2.0,6.0,24.5
79492.0,114.66666666666667,13.0,1.0,2.0,35.9
79493.0,102.0,16.0,2.0,1.0,20.0
79494.0,176.0,80.0,1.0,4.0,22.4
79496.0,106.0,54.0,1.0,2.0,28.4
79501.0,116.66666666666667,63.0,2.0,3.0,25.9
79502.0,112.66666666666667,18.0,1.0,3.0,20.0
79503.0,154.0,68.0,2.0,6.0,21.9
79504.0,102.66666666666667,14.0,1.0,4.0,20.3
79505.0,117.33333333333333,54.0,2.0,3.0,35.3
79506.0,106.66666666666667,12.0,1.0,6.0,20.1
79507.0,108.66666666666667,24.0,1.0,4.0,33.9
79508.0,106.66666666666667,13.0,1.0,1.0,19.2
79510.0,105.33333333333333,12.0,2.0,1.0,18.1
79511.0,95.33333333333333,9.0,2.0,6.0,21.4
79512.0,148.66666666666666,45.0,1.0,4.0,38.5
79515.0,138.0,72.0,2.0,3.0,25.7
79516.0,122.0,17.0,1.0,4.0,21.9
79517.0,113.33333333333333,20.0,2.0,7.0,37.5
79519.0,135.33333333333334,23.0,1.0,3.0,41.8
79521.0,138.66666666666666,60.0,1.0,3.0,25.0
79522.0,110.66666666666667,24.0,2.0,1.0,30.6
79523.0,106.0,40.0,2.0,4.0,25.1
79524.0,109.33333333333333,13.0,1.0,4.0,20.0
79525.0,140.0,64.0,1.0,6.0,24.8
79526.0,128.66666666666666,27.0,1.0,7.0,49.2
79529.0,92.0,8.0,1.0,3.0,21.7
79530.0,102.66666666666667,13.0,2.0,6.0,20.8
79531.0,102.66666666666667,10.0,1.0,1.0,22.8
79532.0,97.33333333333333,9.0,1.0,4.0,19.1
79533.0,137.33333333333334,60.0,1.0,4.0,26.1
79536.0,171.33333333333334,50.0,2.0,4.0,27.5
79537.0,131.33333333333334,72.0,2.0,3.0,38.4
79539.0,108.66666666666667,18.0,2.0,1.0,22.3
79541.0,146.66666666666666,78.0,2.0,6.0,24.4
79542.0,111.33333333333333,15.0,1.0,3.0,22.0
79543.0,108.66666666666667,16.0,1.0,3.0,24.4
79544.0,123.33333333333333,52.0,2.0,3.0,25.3
79545.0,107.33333333333333,33.0,2.0,1.0,27.4
79546.0,136.66666666666666,63.0,2.0,4.0,26.1
79547.0,146.66666666666666,63.0,1.0,4.0,15.4
79549.0,119.33333333333333,37.0,2.0,3.0,27.1
79550.0,107.33333333333333,24.0,2.0,3.0,24.2
79553.0,124.66666666666667,70.0,2.0,3.0,31.5
79554.0,108.66666666666667,48.0,2.0,2.0,39.4
79556.0,108.0,13.0,1.0,2.0,22.3
79557.0,114.66666666666667,73.0,2.0,3.0,31.2
79559.0,102.66666666666667,17.0,2.0,6.0,24.4
79560.0,106.0,37.0,2.0,6.0,24.7
79561.0,90.66666666666667,16.0,2.0,6.0,23.9
79563.0,122.66666666666667,49.0,1.0,4.0,25.4
79564.0,112.66666666666667,28.0,1.0,4.0,20.9
79565.0,108.66666666666667,18.0,2.0,1.0,23.4
79566.0,98.66666666666667,18.0,2.0,3.0,21.0
79567.0,140.0,62.0,2.0,1.0,32.0
79568.0,112.0,19.0,2.0,4.0,32.5
79569.0,117.33333333333333,44.0,1.0,6.0,27.4
79570.0,100.0,30.0,2.0,4.0,22.8
79571.0,105.33333333333333,39.0,2.0,3.0,21.7
79572.0,101.33333333333333,15.0,1.0,3.0,21.1
79573.0,106.66666666666667,29.0,1.0,6.0,24.3
79574.0,140.66666666666666,48.0,2.0,1.0,37.7
79575.0,108.0,47.0,2.0,3.0,19.9
79576.0,106.0,53.0,1.0,3.0,26.6
79577.0,144.0,80.0,2.0,3.0,25.1
79578.0,102.66666666666667,16.0,2.0,1.0,30.2
79579.0,134.66666666666666,71.0,2.0,2.0,31.9
79581.0,124.66666666666667,31.0,2.0,1.0,36.3
79583.0,101.33333333333333,10.0,2.0,2.0,34.0
79585.0,116.66666666666667,32.0,1.0,4.0,26.0
79586.0,202.0,65.0,1.0,4.0,24.8
79587.0,86.66666666666667,8.0,1.0,2.0,14.3
79588.0,117.33333333333333,18.0,1.0,1.0,26.4
79589.0,125.33333333333333,24.0,2.0,2.0,40.8
79590.0,102.0,20.0,2.0,3.0,16.1
79591.0,106.66666666666667,23.0,2.0,6.0,23.8
79593.0,106.66666666666667,59.0,1.0,3.0,25.5
79594.0,180.0,69.0,2.0,3.0,31.1
79596.0,144.0,56.0,2.0,4.0,23.9
79597.0,136.0,61.0,1.0,3.0,30.8
79598.0,100.66666666666667,14.0,2.0,1.0,19.5
79599.0,126.0,80.0,2.0,3.0,24.9
79602.0,102.0,51.0,2.0,3.0,19.6
79603.0,112.66666666666667,34.0,2.0,3.0,22.4
79605.0,112.0,22.0,2.0,1.0,31.2
79608.0,112.66666666666667,56.0,1.0,4.0,25.7
79609.0,114.0,11.0,2.0,7.0,22.6
79610.0,108.0,66.0,2.0,3.0,31.7
79611.0,117.33333333333333,35.0,1.0,3.0,26.6
79612.0,120.66666666666667,33.0,2.0,3.0,56.9
79613.0,126.0,76.0,1.0,1.0,23.8
79615.0,98.66666666666667,17.0,1.0,4.0,23.7
79618.0,96.0,41.0,2.0,3.0,23.0
79619.0,112.0,14.0,1.0,3.0,23.4
79620.0,112.66666666666667,22.0,2.0,3.0,29.1
79621.0,176.66666666666666,76.0,2.0,4.0,38.5
79625.0,98.66666666666667,16.0,2.0,4.0,30.7
79626.0,108.66666666666667,16.0,1.0,3.0,31.8
79627.0,97.33333333333333,41.0,2.0,2.0,19.9
79629.0,130.0,70.0,1.0,1.0,42.5
79630.0,113.33333333333333,59.0,2.0,6.0,22.3
79631.0,100.0,9.0,1.0,1.0,16.3
79632.0,152.0,74.0,2.0,1.0,44.7
79633.0,98.66666666666667,25.0,1.0,3.0,22.5
79634.0,128.0,43.0,1.0,6.0,32.2
79636.0,95.33333333333333,14.0,1.0,3.0,19.7
79638.0,115.33333333333333,42.0,1.0,4.0,29.3
79639.0,112.0,61.0,2.0,3.0,21.1
79640.0,110.66666666666667,30.0,2.0,1.0,25.1
79642.0,118.0,17.0,1.0,1.0,25.6
79644.0,107.33333333333333,47.0,1.0,2.0,33.8
79645.0,116.0,23.0,2.0,3.0,37.6
79646.0,115.33333333333333,25.0,1.0,3.0,26.9
79647.0,94.0,12.0,2.0,4.0,15.7
79648.0,137.33333333333334,62.0,1.0,4.0,39.6
79649.0,108.0,20.0,1.0,3.0,25.4
79650.0,104.0,58.0,1.0,3.0,23.7
79651.0,118.0,42.0,1.0,1.0,31.7
79654.0,99.0,14.0,2.0,1.0,30.9
79655.0,114.0,16.0,1.0,4.0,24.0
79656.0,148.0,76.0,1.0,3.0,23.3
79658.0,129.33333333333334,52.0,2.0,2.0,30.5
79659.0,101.33333333333333,17.0,2.0,3.0,20.4
79660.0,157.33333333333334,36.0,1.0,1.0,48.7
79661.0,110.66666666666667,52.0,1.0,6.0,23.5
79662.0,112.66666666666667,33.0,1.0,3.0,25.4
79663.0,108.0,39.0,1.0,6.0,22.9
79664.0,120.0,40.0,1.0,3.0,26.0
79665.0,166.0,80.0,2.0,3.0,24.3
79667.0,134.0,51.0,1.0,3.0,30.4
79668.0,99.33333333333333,48.0,2.0,3.0,28.1
79669.0,116.0,32.0,2.0,1.0,31.5
79671.0,108.66666666666667,31.0,1.0,4.0,26.3
79672.0,105.33333333333333,69.0,2.0,3.0,24.0
79673.0,114.66666666666667,23.0,1.0,4.0,24.5
79674.0,128.0,63.0,2.0,2.0,47.6
79675.0,124.0,47.0,2.0,6.0,24.4
79677.0,125.33333333333333,68.0,2.0,3.0,27.0
79678.0,122.0,32.0,1.0,6.0,26.9
79682.0,138.66666666666666,49.0,1.0,1.0,41.8
79683.0,114.66666666666667,50.0,2.0,1.0,25.6
79684.0,102.0,9.0,2.0,6.0,17.5
79685.0,186.0,41.0,2.0,4.0,43.3
79686.0,96.66666666666667,18.0,2.0,3.0,23.7
79688.0,141.33333333333334,63.0,2.0,3.0,30.5
79689.0,106.0,16.0,1.0,7.0,27.8
79690.0,99.33333333333333,80.0,2.0,3.0,27.2
79691.0,130.0,31.0,1.0,3.0,39.9
79692.0,100.0,10.0,1.0,2.0,18.6
79693.0,97.33333333333333,57.0,1.0,3.0,32.7
79695.0,122.0,16.0,1.0,1.0,27.6
79696.0,105.33333333333333,34.0,2.0,6.0,16.3
79697.0,104.0,33.0,2.0,6.0,27.6
79699.0,118.0,8.0,1.0,4.0,21.9
79700.0,106.0,13.0,2.0,3.0,17.6
79701.0,94.66666666666667,18.0,1.0,2.0,25.1
79705.0,150.0,67.0,1.0,4.0,31.0
79706.0,87.33333333333333,8.0,2.0,6.0,17.9
79707.0,108.66666666666667,31.0,2.0,3.0,31.4
79708.0,117.33333333333333,12.0,1.0,1.0,23.1
79709.0,178.0,72.0,1.0,3.0,31.8
79710.0,103.33333333333333,13.0,1.0,3.0,25.4
79712.0,122.0,55.0,1.0,3.0,26.3
79713.0,115.33333333333333,14.0,1.0,4.0,20.1
79715.0,162.0,55.0,1.0,4.0,20.1
79717.0,140.66666666666666,41.0,2.0,3.0,19.8
79718.0,106.66666666666667,8.0,1.0,4.0,14.4
79719.0,104.66666666666667,47.0,2.0,3.0,30.1
79720.0,112.66666666666667,25.0,1.0,3.0,23.4
79721.0,116.0,40.0,2.0,6.0,21.5
79724.0,114.0,16.0,2.0,3.0,23.8
79725.0,111.33333333333333,38.0,2.0,4.0,25.5
79726.0,92.66666666666667,8.0,1.0,7.0,22.1
79729.0,136.0,74.0,2.0,3.0,30.1
79731.0,104.0,9.0,2.0,4.0,32.3
79733.0,106.0,23.0,2.0,1.0,23.9
79734.0,98.0,50.0,2.0,3.0,29.0
79735.0,100.0,12.0,2.0,1.0,26.6
79738.0,106.66666666666667,10.0,1.0,1.0,22.2
79739.0,103.33333333333333,26.0,2.0,6.0,20.6
79741.0,116.0,22.0,1.0,2.0,33.4
79742.0,104.66666666666667,12.0,2.0,2.0,26.4
79744.0,108.66666666666667,66.0,2.0,1.0,30.6
79745.0,105.33333333333333,16.0,1.0,3.0,23.1
79746.0,116.0,14.0,1.0,6.0,17.0
79748.0,113.33333333333333,13.0,2.0,6.0,21.5
79750.0,126.0,56.0,2.0,3.0,37.8
79752.0,105.33333333333333,18.0,1.0,3.0,32.9
79753.0,106.0,11.0,1.0,4.0,24.0
79755.0,106.0,14.0,2.0,4.0,19.7
79756.0,140.66666666666666,46.0,1.0,7.0,24.0
79757.0,110.66666666666667,40.0,2.0,1.0,44.2
79758.0,141.33333333333334,38.0,1.0,7.0,34.0
79760.0,112.66666666666667,35.0,2.0,4.0,40.2
79761.0,106.0,49.0,2.0,1.0,28.6
79763.0,130.66666666666666,59.0,1.0,3.0,19.8
79764.0,144.0,69.0,2.0,3.0,32.2
79767.0,108.66666666666667,10.0,2.0,1.0,26.5
79768.0,156.0,57.0,1.0,4.0,40.7
79770.0,92.66666666666667,9.0,1.0,2.0,15.6
79771.0,102.0,14.0,2.0,2.0,20.6
79772.0,109.33333333333333,11.0,1.0,4.0,25.4
79773.0,96.0,48.0,2.0,7.0,23.7
79774.0,108.66666666666667,38.0,2.0,3.0,39.9
79776.0,112.0,46.0,2.0,1.0,45.4
79778.0,133.33333333333334,62.0,2.0,3.0,35.0
79779.0,144.0,52.0,1.0,1.0,42.5
79780.0,106.0,11.0,1.0,3.0,23.7
79782.0,105.33333333333333,30.0,1.0,3.0,21.2
79783.0,100.0,17.0,2.0,2.0,20.4
79784.0,106.66666666666667,40.0,2.0,3.0,19.8
79785.0,96.0,11.0,1.0,4.0,19.7
79786.0,107.33333333333333,12.0,1.0,1.0,25.2
79787.0,132.0,10.0,1.0,4.0,26.1
79788.0,124.66666666666667,45.0,1.0,1.0,28.2
79792.0,102.66666666666667,13.0,2.0,3.0,25.9
79793.0,108.66666666666667,52.0,1.0,3.0,21.9
79794.0,114.0,29.0,1.0,3.0,32.9
79795.0,115.33333333333333,66.0,2.0,6.0,27.6
79798.0,108.66666666666667,26.0,2.0,3.0,24.3
79799.0,109.33333333333333,33.0,1.0,2.0,19.9
79800.0,118.0,55.0,2.0,3.0,53.9
79801.0,156.66666666666666,80.0,1.0,3.0,18.1
79802.0,130.0,22.0,1.0,6.0,30.4
79804.0,109.33333333333333,20.0,2.0,3.0,24.3
79805.0,145.33333333333334,51.0,2.0,2.0,30.5
79806.0,102.0,19.0,2.0,2.0,30.5
79807.0,110.0,17.0,1.0,3.0,25.2
79808.0,118.0,33.0,2.0,4.0,32.2
79809.0,125.33333333333333,38.0,1.0,4.0,23.4
79810.0,151.33333333333334,75.0,1.0,6.0,26.5
79811.0,124.0,8.0,1.0,4.0,26.2
79812.0,132.66666666666666,65.0,1.0,3.0,39.4
79814.0,126.0,75.0,1.0,4.0,27.3
79815.0,125.33333333333333,49.0,1.0,3.0,34.6
79816.0,108.0,78.0,1.0,1.0,27.8
79818.0,95.33333333333333,10.0,1.0,3.0,15.9
79819.0,120.0,80.0,2.0,3.0,37.5
79820.0,108.66666666666667,18.0,2.0,2.0,28.8
79821.0,105.33333333333333,55.0,1.0,1.0,26.7
79822.0,108.66666666666667,15.0,2.0,4.0,24.0
79823.0,118.0,47.0,1.0,4.0,28.0
79824.0,113.33333333333333,41.0,1.0,4.0,29.7
79825.0,119.33333333333333,70.0,1.0,4.0,31.0
79829.0,105.0,47.0,1.0,1.0,24.8
79830.0,82.66666666666667,9.0,1.0,3.0,14.5
79831.0,102.66666666666667,44.0,1.0,3.0,23.7
79832.0,114.0,57.0,1.0,3.0,20.1
79833.0,122.0,54.0,1.0,6.0,25.4
79834.0,127.33333333333333,40.0,2.0,2.0,32.3
79835.0,114.66666666666667,37.0,1.0,3.0,31.5
79837.0,96.66666666666667,39.0,2.0,2.0,20.3
79838.0,139.33333333333334,60.0,2.0,3.0,27.6
79840.0,94.66666666666667,80.0,2.0,3.0,36.2
79841.0,125.33333333333333,70.0,1.0,3.0,36.4
79843.0,119.33333333333333,49.0,2.0,3.0,24.6
79845.0,118.66666666666667,45.0,2.0,3.0,24.0
79846.0,153.0,39.0,1.0,6.0,22.7
79847.0,123.33333333333333,43.0,2.0,1.0,30.2
79848.0,102.0,26.0,1.0,3.0,25.9
79849.0,148.0,75.0,2.0,3.0,38.8
79850.0,107.33333333333333,39.0,2.0,4.0,33.8
79852.0,110.0,10.0,1.0,3.0,16.5
79855.0,102.0,10.0,2.0,4.0,21.2
79856.0,96.66666666666667,8.0,1.0,4.0,17.0
79857.0,113.0,41.0,2.0,2.0,30.9
79859.0,94.66666666666667,52.0,2.0,4.0,28.4
79860.0,107.33333333333333,17.0,1.0,4.0,24.7
79862.0,120.0,17.0,1.0,1.0,23.1
79863.0,131.33333333333334,45.0,1.0,1.0,27.1
79864.0,118.66666666666667,59.0,2.0,7.0,37.2
79868.0,131.0,30.0,1.0,1.0,39.2
79870.0,92.0,39.0,2.0,6.0,20.9
79872.0,128.66666666666666,54.0,1.0,3.0,32.7
79873.0,101.33333333333333,42.0,2.0,2.0,27.6
79876.0,105.0,9.0,2.0,1.0,30.5
79877.0,115.33333333333333,31.0,2.0,4.0,26.1
79878.0,148.0,77.0,2.0,3.0,33.1
79879.0,116.0,15.0,2.0,4.0,19.8
79881.0,115.33333333333333,62.0,2.0,4.0,30.0
79882.0,104.66666666666667,10.0,1.0,2.0,16.3
79883.0,115.33333333333333,35.0,2.0,1.0,26.2
79884.0,106.0,62.0,2.0,3.0,31.8
79885.0,176.0,69.0,1.0,3.0,29.4
79886.0,112.66666666666667,43.0,2.0,3.0,26.2
79887.0,168.66666666666666,69.0,1.0,4.0,30.4
79888.0,116.0,30.0,1.0,6.0,33.5
79889.0,126.66666666666667,76.0,2.0,3.0,35.1
79890.0,136.0,41.0,1.0,4.0,32.8
79891.0,138.0,62.0,1.0,4.0,21.7
79892.0,92.66666666666667,11.0,2.0,3.0,14.7
79894.0,139.33333333333334,58.0,1.0,3.0,30.6
79895.0,130.66666666666666,19.0,1.0,4.0,41.2
79896.0,136.66666666666666,22.0,1.0,1.0,32.8
79897.0,129.33333333333334,45.0,1.0,4.0,27.1
79898.0,115.33333333333333,29.0,1.0,6.0,30.0
79899.0,125.33333333333333,37.0,1.0,1.0,28.1
79901.0,115.33333333333333,23.0,1.0,3.0,31.3
79902.0,103.33333333333333,30.0,2.0,3.0,24.5
79904.0,150.66666666666666,77.0,2.0,4.0,23.7
79906.0,124.66666666666667,50.0,2.0,4.0,34.3
79908.0,108.66666666666667,19.0,1.0,1.0,22.5
79910.0,110.66666666666667,14.0,1.0,3.0,21.0
79911.0,92.0,16.0,2.0,4.0,22.8
79912.0,120.0,20.0,2.0,7.0,21.5
79913.0,102.66666666666667,63.0,1.0,3.0,23.6
79914.0,116.66666666666667,16.0,2.0,1.0,45.9
79915.0,137.33333333333334,64.0,1.0,1.0,27.0
79916.0,128.0,55.0,2.0,6.0,34.5
79917.0,164.0,66.0,2.0,3.0,24.7
79918.0,135.33333333333334,70.0,1.0,3.0,41.5
79919.0,142.66666666666666,62.0,2.0,2.0,27.5
79920.0,142.0,59.0,1.0,6.0,28.3
79921.0,108.66666666666667,43.0,2.0,6.0,21.5
79922.0,126.0,10.0,2.0,1.0,29.7
79923.0,147.33333333333334,50.0,1.0,2.0,29.1
79924.0,130.66666666666666,59.0,1.0,1.0,32.1
79925.0,116.0,49.0,1.0,1.0,28.0
79926.0,114.0,28.0,2.0,2.0,23.9
79927.0,124.0,37.0,2.0,4.0,28.0
79928.0,120.0,67.0,2.0,3.0,24.0
79929.0,118.66666666666667,60.0,2.0,1.0,26.7
79930.0,112.66666666666667,13.0,2.0,4.0,41.4
79932.0,157.33333333333334,22.0,1.0,1.0,25.0
79933.0,177.33333333333334,72.0,2.0,1.0,31.1
79934.0,124.66666666666667,44.0,2.0,3.0,30.4
79936.0,150.66666666666666,55.0,1.0,3.0,21.9
79938.0,124.66666666666667,31.0,1.0,4.0,29.4
79939.0,104.0,47.0,2.0,3.0,22.0
79940.0,114.66666666666667,26.0,2.0,2.0,28.6
79942.0,132.0,54.0,1.0,3.0,34.6
79943.0,113.0,17.0,2.0,6.0,18.6
79944.0,154.0,58.0,2.0,4.0,41.4
79946.0,109.33333333333333,43.0,2.0,2.0,20.9
79949.0,114.66666666666667,72.0,1.0,6.0,22.1
79950.0,107.33333333333333,37.0,2.0,2.0,37.2
79951.0,130.0,72.0,2.0,3.0,31.7
79952.0,112.66666666666667,55.0,1.0,1.0,23.7
79953.0,124.66666666666667,19.0,1.0,4.0,30.0
79954.0,108.66666666666667,80.0,1.0,3.0,29.3
79955.0,99.33333333333333,37.0,1.0,6.0,24.5
79957.0,108.0,52.0,2.0,3.0,31.8
79958.0,124.66666666666667,70.0,2.0,3.0,27.1
79959.0,109.33333333333333,19.0,2.0,4.0,31.0
79960.0,111.33333333333333,26.0,2.0,3.0,23.9
79962.0,120.0,24.0,1.0,3.0,25.1
79963.0,109.33333333333333,25.0,1.0,4.0,36.6
79964.0,103.33333333333333,10.0,2.0,1.0,19.2
79965.0,139.33333333333334,50.0,2.0,3.0,32.4
79967.0,123.0,52.0,2.0,3.0,45.4
79968.0,95.0,8.0,2.0,3.0,15.5
79969.0,134.66666666666666,52.0,2.0,3.0,26.1
79970.0,137.33333333333334,71.0,1.0,4.0,30.5
79972.0,105.33333333333333,34.0,2.0,6.0,29.4
79973.0,111.33333333333333,17.0,2.0,6.0,24.0
79974.0,126.0,55.0,2.0,3.0,34.5
79977.0,120.0,74.0,1.0,3.0,33.0
79978.0,114.0,37.0,2.0,4.0,22.0
79979.0,144.66666666666666,80.0,1.0,1.0,26.3
79980.0,98.0,47.0,1.0,3.0,38.1
79982.0,91.33333333333333,45.0,1.0,2.0,23.4
79985.0,122.66666666666667,36.0,1.0,3.0,31.9
79987.0,143.33333333333334,66.0,2.0,2.0,29.4
79988.0,108.0,57.0,1.0,4.0,33.4
79989.0,120.66666666666667,42.0,2.0,1.0,31.8
79991.0,95.33333333333333,10.0,1.0,3.0,17.1
79992.0,116.66666666666667,33.0,1.0,3.0,25.8
79994.0,138.0,19.0,1.0,1.0,31.1
79995.0,96.0,15.0,2.0,7.0,20.9
79996.0,139.33333333333334,22.0,1.0,3.0,43.0
79997.0,127.33333333333333,11.0,2.0,1.0,25.8
79999.0,122.66666666666667,49.0,2.0,6.0,37.2
80000.0,116.66666666666667,26.0,2.0,4.0,20.1
80001.0,101.33333333333333,17.0,2.0,4.0,25.5
80003.0,109.33333333333333,9.0,2.0,6.0,18.7
80004.0,123.33333333333333,17.0,1.0,3.0,25.1
80005.0,113.33333333333333,40.0,2.0,2.0,31.9
80006.0,127.33333333333333,47.0,1.0,4.0,27.2
80007.0,128.0,73.0,1.0,4.0,27.5
80008.0,136.0,67.0,2.0,2.0,40.5
80009.0,113.33333333333333,42.0,2.0,3.0,41.4
80013.0,160.0,62.0,2.0,1.0,44.4
80014.0,137.33333333333334,80.0,1.0,3.0,30.4
80015.0,116.66666666666667,48.0,1.0,3.0,45.5
80016.0,112.0,40.0,1.0,1.0,30.4
80017.0,129.33333333333334,28.0,1.0,3.0,18.6
80018.0,112.66666666666667,10.0,1.0,7.0,19.8
80019.0,141.0,44.0,1.0,3.0,25.6
80020.0,119.33333333333333,31.0,2.0,4.0,24.0
80021.0,112.66666666666667,16.0,2.0,7.0,35.4
80022.0,96.0,21.0,1.0,1.0,20.2
80023.0,147.33333333333334,80.0,2.0,3.0,27.6
80024.0,150.0,48.0,2.0,1.0,36.9
80025.0,114.66666666666667,25.0,2.0,3.0,25.6
80027.0,102.66666666666667,32.0,2.0,1.0,24.7
80030.0,122.66666666666667,63.0,1.0,6.0,25.9
80031.0,134.66666666666666,33.0,1.0,4.0,26.4
80032.0,114.66666666666667,11.0,1.0,2.0,19.1
80033.0,120.0,41.0,1.0,3.0,16.8
80034.0,132.0,39.0,2.0,3.0,57.4
80036.0,107.33333333333333,16.0,2.0,2.0,20.1
80037.0,118.66666666666667,64.0,1.0,1.0,28.6
80038.0,116.0,38.0,1.0,3.0,23.8
80040.0,154.66666666666666,70.0,2.0,4.0,22.0
80041.0,127.33333333333333,42.0,2.0,1.0,38.6
80042.0,90.0,10.0,2.0,3.0,19.5
80043.0,110.0,38.0,2.0,3.0,40.6
80044.0,127.33333333333333,77.0,1.0,3.0,30.8
80047.0,110.0,22.0,2.0,1.0,41.4
80048.0,123.33333333333333,24.0,1.0,3.0,29.2
80049.0,111.33333333333333,59.0,2.0,3.0,24.8
80050.0,100.66666666666667,8.0,1.0,3.0,22.6
80051.0,114.66666666666667,33.0,2.0,3.0,24.3
80052.0,180.66666666666666,62.0,2.0,7.0,20.4
80053.0,120.66666666666667,16.0,1.0,4.0,36.3
80054.0,96.66666666666667,13.0,1.0,2.0,24.4
80055.0,122.66666666666667,44.0,2.0,2.0,26.7
80056.0,96.0,41.0,2.0,3.0,21.5
80057.0,114.66666666666667,34.0,2.0,3.0,22.5
80058.0,121.33333333333333,39.0,1.0,3.0,25.4
80059.0,104.66666666666667,47.0,2.0,6.0,25.7
80060.0,110.66666666666667,42.0,2.0,1.0,32.3
80061.0,133.33333333333334,50.0,2.0,4.0,31.4
80062.0,126.66666666666667,34.0,1.0,3.0,31.7
80063.0,127.33333333333333,80.0,1.0,4.0,32.2
80064.0,112.0,32.0,1.0,6.0,30.8
80066.0,130.0,60.0,2.0,3.0,30.2
80067.0,150.0,65.0,1.0,2.0,23.5
80068.0,91.33333333333333,9.0,2.0,6.0,17.2
80069.0,100.66666666666667,10.0,1.0,4.0,22.1
80072.0,125.33333333333333,80.0,2.0,3.0,31.5
80073.0,129.33333333333334,57.0,2.0,6.0,23.9
80074.0,99.0,10.0,2.0,1.0,23.2
80075.0,120.0,32.0,1.0,6.0,24.8
80077.0,102.66666666666667,12.0,2.0,3.0,14.9
80078.0,118.66666666666667,80.0,1.0,6.0,25.7
80079.0,124.66666666666667,26.0,1.0,3.0,36.2
80080.0,122.66666666666667,70.0,2.0,3.0,24.9
80082.0,117.0,79.0,2.0,3.0,30.6
80083.0,112.0,41.0,1.0,1.0,27.8
80084.0,130.0,80.0,2.0,3.0,29.3
80087.0,118.0,30.0,2.0,4.0,38.6
80088.0,124.0,22.0,1.0,1.0,28.3
80089.0,111.33333333333333,51.0,2.0,2.0,30.6
80091.0,126.0,65.0,1.0,1.0,31.0
80092.0,137.33333333333334,65.0,2.0,6.0,21.2
80093.0,95.0,8.0,2.0,6.0,20.3
80094.0,121.33333333333333,69.0,2.0,6.0,23.1
80095.0,96.66666666666667,24.0,2.0,3.0,19.7
80096.0,138.66666666666666,57.0,2.0,2.0,31.6
80097.0,112.66666666666667,48.0,1.0,3.0,29.7
80098.0,112.0,15.0,1.0,1.0,19.5
80100.0,122.0,30.0,1.0,3.0,43.4
80101.0,123.33333333333333,29.0,1.0,7.0,32.2
80102.0,111.33333333333333,57.0,2.0,4.0,30.7
80103.0,118.0,53.0,1.0,4.0,41.3
80104.0,116.0,11.0,1.0,1.0,22.0
80105.0,136.0,62.0,1.0,4.0,27.1
80106.0,108.0,19.0,2.0,1.0,36.1
80107.0,108.0,44.0,2.0,3.0,31.9
80109.0,105.33333333333333,33.0,2.0,3.0,49.6
80110.0,105.33333333333333,20.0,2.0,3.0,18.7
80111.0,126.0,18.0,2.0,4.0,29.5
80112.0,128.0,60.0,1.0,4.0,28.7
80114.0,161.33333333333334,60.0,2.0,4.0,23.6
80115.0,138.66666666666666,80.0,1.0,4.0,29.9
80119.0,124.0,80.0,2.0,3.0,33.5
80120.0,136.0,65.0,2.0,3.0,32.8
80121.0,143.0,68.0,1.0,6.0,25.4
80122.0,142.66666666666666,56.0,2.0,3.0,27.0
80123.0,122.66666666666667,71.0,1.0,4.0,24.5
80124.0,127.33333333333333,70.0,1.0,3.0,32.7
80125.0,120.66666666666667,40.0,2.0,4.0,25.5
80127.0,136.66666666666666,57.0,1.0,3.0,35.0
80128.0,118.0,22.0,2.0,3.0,34.3
80129.0,98.66666666666667,76.0,1.0,3.0,46.3
80130.0,123.33333333333333,51.0,1.0,7.0,21.1
80131.0,100.66666666666667,34.0,2.0,3.0,19.7
80132.0,131.33333333333334,37.0,1.0,6.0,26.8
80133.0,137.33333333333334,80.0,1.0,4.0,28.1
80134.0,91.33333333333333,18.0,2.0,1.0,30.3
80136.0,185.33333333333334,65.0,1.0,1.0,29.4
80137.0,102.0,30.0,1.0,6.0,17.6
80139.0,114.66666666666667,39.0,2.0,2.0,23.4
80140.0,104.66666666666667,29.0,2.0,3.0,31.2
80141.0,126.0,16.0,1.0,4.0,31.4
80143.0,114.0,27.0,1.0,3.0,27.3
80144.0,134.0,50.0,1.0,3.0,26.1
80145.0,112.0,22.0,1.0,1.0,23.8
80146.0,107.33333333333333,33.0,1.0,1.0,28.2
80148.0,122.66666666666667,80.0,1.0,1.0,41.5
80149.0,100.66666666666667,20.0,2.0,1.0,29.5
80150.0,91.33333333333333,12.0,2.0,2.0,21.2
80152.0,142.66666666666666,64.0,1.0,3.0,28.0
80153.0,139.0,53.0,2.0,4.0,38.0
80154.0,116.66666666666667,35.0,2.0,3.0,30.3
80155.0,126.66666666666667,52.0,1.0,2.0,22.4
80156.0,120.66666666666667,45.0,1.0,3.0,27.7
80158.0,122.0,35.0,1.0,3.0,37.2
80160.0,83.33333333333333,13.0,2.0,3.0,17.5
80161.0,88.66666666666667,10.0,2.0,2.0,17.6
80162.0,118.66666666666667,17.0,2.0,3.0,45.5
80163.0,134.66666666666666,63.0,2.0,3.0,29.1
80164.0,136.0,19.0,1.0,4.0,29.6
80165.0,150.66666666666666,65.0,2.0,2.0,38.5
80166.0,126.0,17.0,1.0,2.0,33.4
80167.0,96.0,9.0,2.0,3.0,16.4
80168.0,117.33333333333333,38.0,1.0,7.0,27.3
80169.0,120.0,42.0,2.0,2.0,36.1
80170.0,130.0,50.0,2.0,3.0,42.9
80171.0,108.0,8.0,2.0,4.0,25.5
80174.0,112.0,61.0,2.0,1.0,36.5
80175.0,110.66666666666667,64.0,1.0,4.0,47.6
80176.0,112.66666666666667,15.0,2.0,3.0,23.9
80178.0,126.66666666666667,35.0,1.0,1.0,26.3
80179.0,109.33333333333333,75.0,2.0,3.0,26.6
80180.0,93.33333333333333,9.0,1.0,7.0,17.5
80182.0,101.33333333333333,14.0,2.0,6.0,19.7
80183.0,139.33333333333334,75.0,1.0,4.0,45.8
80184.0,110.66666666666667,13.0,1.0,2.0,24.5
80185.0,124.0,61.0,1.0,1.0,25.6
80186.0,118.66666666666667,10.0,2.0,4.0,26.1
80187.0,150.66666666666666,60.0,1.0,4.0,25.9
80188.0,140.0,55.0,1.0,4.0,23.5
80190.0,141.0,33.0,2.0,7.0,34.4
80193.0,126.0,43.0,2.0,4.0,28.8
80194.0,93.33333333333333,18.0,2.0,1.0,21.2
80196.0,103.33333333333333,13.0,1.0,1.0,15.3
80197.0,106.66666666666667,44.0,1.0,1.0,25.8
80199.0,143.33333333333334,61.0,2.0,4.0,29.6
80200.0,121.33333333333333,57.0,1.0,3.0,28.9
80201.0,128.66666666666666,63.0,2.0,6.0,15.4
80202.0,155.33333333333334,49.0,1.0,3.0,25.8
80203.0,112.0,67.0,1.0,6.0,24.5
80204.0,172.0,59.0,1.0,3.0,33.4
80206.0,144.0,63.0,2.0,2.0,22.6
80207.0,122.66666666666667,49.0,2.0,3.0,38.7
80210.0,132.0,37.0,1.0,2.0,29.6
80212.0,126.0,56.0,2.0,3.0,33.3
80214.0,122.66666666666667,46.0,1.0,2.0,21.0
80215.0,124.66666666666667,22.0,1.0,3.0,22.3
80216.0,90.66666666666667,8.0,2.0,3.0,16.0
80217.0,100.0,28.0,2.0,4.0,45.3
80218.0,138.0,72.0,2.0,3.0,25.9
80220.0,127.33333333333333,48.0,2.0,3.0,33.9
80222.0,112.66666666666667,57.0,2.0,3.0,25.6
80223.0,96.0,11.0,2.0,7.0,17.2
80225.0,166.66666666666666,40.0,2.0,1.0,23.4
80226.0,116.66666666666667,30.0,1.0,3.0,22.0
80227.0,122.0,37.0,1.0,3.0,27.9
80228.0,97.33333333333333,10.0,1.0,3.0,21.2
80231.0,102.0,36.0,2.0,4.0,36.9
80232.0,91.33333333333333,15.0,2.0,4.0,28.5
80233.0,108.0,21.0,1.0,4.0,24.8
80235.0,114.0,44.0,2.0,6.0,26.5
80236.0,116.0,22.0,2.0,3.0,25.0
80237.0,111.33333333333333,59.0,1.0,3.0,26.8
80238.0,123.33333333333333,22.0,1.0,3.0,28.6
80239.0,115.33333333333333,10.0,1.0,4.0,26.6
80240.0,102.0,33.0,2.0,3.0,23.2
80241.0,112.66666666666667,61.0,2.0,2.0,36.6
80242.0,110.0,22.0,1.0,3.0,18.2
80243.0,106.0,12.0,2.0,3.0,16.9
80244.0,104.66666666666667,35.0,2.0,3.0,30.6
80245.0,130.66666666666666,20.0,1.0,3.0,50.2
80247.0,117.33333333333333,58.0,2.0,3.0,31.1
80248.0,101.33333333333333,29.0,2.0,2.0,22.1
80249.0,139.33333333333334,50.0,1.0,3.0,30.0
80250.0,131.33333333333334,72.0,1.0,3.0,33.1
80251.0,114.0,27.0,2.0,4.0,25.7
80252.0,203.0,64.0,2.0,3.0,20.3
80253.0,108.66666666666667,8.0,1.0,6.0,22.9
80254.0,102.0,31.0,2.0,6.0,25.1
80257.0,112.0,31.0,2.0,4.0,30.4
80258.0,114.0,19.0,1.0,4.0,21.1
80259.0,92.66666666666667,27.0,1.0,3.0,25.4
80260.0,123.33333333333333,40.0,1.0,2.0,22.3
80261.0,114.0,38.0,2.0,6.0,23.3
80262.0,98.0,73.0,2.0,3.0,26.1
80263.0,148.0,52.0,1.0,3.0,38.8
80264.0,108.0,21.0,2.0,1.0,25.9
80265.0,130.0,35.0,2.0,3.0,23.0
80266.0,126.66666666666667,69.0,2.0,3.0,33.5
80267.0,115.33333333333333,61.0,1.0,3.0,26.5
80268.0,140.0,71.0,1.0,6.0,27.1
80269.0,103.33333333333333,25.0,1.0,6.0,24.1
80272.0,132.66666666666666,41.0,2.0,1.0,35.8
80273.0,128.0,44.0,1.0,3.0,25.1
80274.0,110.0,70.0,2.0,3.0,21.5
80275.0,116.0,24.0,1.0,1.0,17.2
80277.0,132.0,57.0,2.0,3.0,34.1
80278.0,120.0,47.0,1.0,1.0,33.5
80279.0,111.33333333333333,38.0,1.0,3.0,24.5
80280.0,101.0,31.0,2.0,1.0,26.5
80281.0,122.66666666666667,44.0,2.0,4.0,45.3
80283.0,123.33333333333333,13.0,2.0,2.0,23.2
80284.0,104.0,11.0,1.0,4.0,15.9
80285.0,100.0,50.0,1.0,6.0,29.3
80286.0,113.33333333333333,38.0,1.0,2.0,33.0
80287.0,96.0,21.0,2.0,3.0,29.3
80288.0,101.33333333333333,64.0,1.0,3.0,25.8
80289.0,102.66666666666667,37.0,2.0,2.0,30.4
80291.0,118.66666666666667,31.0,1.0,4.0,24.4
80292.0,132.0,69.0,2.0,1.0,30.3
80293.0,99.33333333333333,11.0,2.0,4.0,18.3
80294.0,117.33333333333333,75.0,2.0,4.0,30.2
80295.0,108.0,38.0,2.0,6.0,22.1
80296.0,120.0,64.0,2.0,4.0,25.9
80297.0,88.0,16.0,2.0,1.0,26.1
80299.0,120.66666666666667,15.0,1.0,4.0,25.2
80300.0,126.0,61.0,2.0,3.0,38.3
80301.0,98.66666666666667,24.0,1.0,3.0,20.4
80302.0,99.33333333333333,33.0,2.0,4.0,40.7
80303.0,116.66666666666667,33.0,1.0,3.0,28.4
80304.0,128.0,43.0,1.0,1.0,27.4
80305.0,118.0,32.0,2.0,4.0,44.8
80307.0,113.0,75.0,2.0,3.0,25.4
80308.0,116.66666666666667,39.0,1.0,1.0,25.4
80309.0,116.66666666666667,44.0,2.0,1.0,38.7
80310.0,101.33333333333333,18.0,1.0,4.0,20.8
80311.0,118.66666666666667,11.0,2.0,4.0,37.8
80312.0,120.0,40.0,1.0,6.0,27.5
80315.0,114.66666666666667,60.0,2.0,4.0,58.7
80316.0,98.0,11.0,2.0,4.0,20.2
80317.0,90.0,14.0,2.0,3.0,18.5
80320.0,107.0,9.0,2.0,4.0,17.2
80321.0,133.33333333333334,72.0,1.0,4.0,28.7
80322.0,150.66666666666666,55.0,2.0,6.0,20.2
80323.0,112.66666666666667,33.0,1.0,3.0,25.8
80325.0,112.0,19.0,2.0,1.0,31.1
80326.0,145.33333333333334,52.0,2.0,3.0,33.7
80327.0,112.66666666666667,27.0,1.0,2.0,26.0
80328.0,133.33333333333334,71.0,2.0,3.0,62.2
80330.0,116.0,73.0,1.0,6.0,27.4
80331.0,112.66666666666667,27.0,1.0,4.0,24.3
80332.0,129.33333333333334,24.0,1.0,1.0,22.7
80333.0,120.0,45.0,2.0,1.0,24.3
80334.0,111.33333333333333,14.0,2.0,3.0,19.5
80335.0,122.66666666666667,28.0,1.0,3.0,28.4
80336.0,118.66666666666667,24.0,2.0,1.0,25.1
80337.0,109.0,14.0,2.0,6.0,21.8
80338.0,111.33333333333333,23.0,1.0,3.0,24.9
80339.0,118.0,37.0,2.0,1.0,29.9
80340.0,120.66666666666667,61.0,1.0,4.0,28.3
80341.0,118.0,8.0,2.0,3.0,17.1
80344.0,111.33333333333333,21.0,2.0,3.0,24.1
80345.0,150.66666666666666,71.0,2.0,1.0,33.6
80347.0,156.66666666666666,44.0,2.0,2.0,26.6
80348.0,104.0,10.0,2.0,6.0,17.3
80349.0,160.0,28.0,2.0,6.0,26.6
80350.0,88.0,31.0,2.0,4.0,26.8
80351.0,106.66666666666667,37.0,2.0,6.0,24.5
80352.0,117.33333333333333,20.0,1.0,3.0,24.4
80353.0,83.33333333333333,9.0,2.0,1.0,15.7
80354.0,96.0,12.0,2.0,6.0,16.7
80355.0,135.0,70.0,2.0,2.0,23.6
80356.0,108.66666666666667,12.0,1.0,4.0,19.9
80357.0,131.33333333333334,42.0,2.0,3.0,44.9
80360.0,112.0,62.0,2.0,3.0,27.2
80361.0,117.33333333333333,19.0,1.0,3.0,26.1
80362.0,122.0,60.0,2.0,3.0,28.2
80363.0,120.66666666666667,13.0,2.0,6.0,18.3
80364.0,100.0,47.0,2.0,6.0,26.3
80365.0,105.33333333333333,34.0,2.0,6.0,20.7
80366.0,133.33333333333334,64.0,1.0,3.0,28.6
80367.0,157.33333333333334,71.0,2.0,1.0,29.4
80368.0,125.33333333333333,46.0,1.0,3.0,27.2
80369.0,99.33333333333333,31.0,2.0,6.0,18.4
80371.0,104.66666666666667,39.0,2.0,1.0,26.0
80372.0,111.33333333333333,42.0,1.0,6.0,26.8
80375.0,132.66666666666666,47.0,1.0,4.0,23.8
80377.0,118.66666666666667,44.0,1.0,4.0,58.4
80379.0,136.66666666666666,67.0,1.0,3.0,26.7
80380.0,112.66666666666667,39.0,1.0,3.0,29.8
80381.0,131.0,80.0,1.0,3.0,26.8
80382.0,147.33333333333334,78.0,1.0,4.0,38.8
80384.0,108.66666666666667,46.0,2.0,3.0,38.8
80385.0,170.0,68.0,1.0,4.0,31.5
80386.0,133.0,33.0,1.0,3.0,33.3
80387.0,106.66666666666667,42.0,2.0,4.0,42.4
80388.0,112.66666666666667,60.0,2.0,6.0,21.7
80389.0,131.33333333333334,80.0,1.0,3.0,31.5
80391.0,124.0,23.0,1.0,1.0,22.9
80392.0,102.0,16.0,2.0,3.0,21.1
80393.0,168.66666666666666,66.0,1.0,3.0,31.1
80394.0,134.0,60.0,1.0,3.0,28.0
80395.0,87.33333333333333,9.0,1.0,1.0,16.6
80396.0,104.0,31.0,1.0,4.0,29.6
80397.0,138.66666666666666,50.0,2.0,3.0,30.9
80398.0,109.33333333333333,17.0,2.0,6.0,25.0
80401.0,132.0,19.0,2.0,4.0,42.5
80402.0,148.0,66.0,1.0,3.0,35.7
80403.0,106.66666666666667,38.0,2.0,6.0,32.5
80405.0,102.66666666666667,24.0,2.0,2.0,22.3
80406.0,125.33333333333333,80.0,2.0,3.0,27.7
80407.0,109.33333333333333,15.0,2.0,3.0,22.6
80408.0,130.66666666666666,43.0,2.0,4.0,30.3
80410.0,112.0,47.0,1.0,1.0,27.0
80411.0,112.0,41.0,1.0,1.0,25.3
80413.0,119.33333333333333,46.0,1.0,6.0,23.8
80414.0,118.0,24.0,1.0,1.0,34.5
80416.0,128.0,39.0,1.0,3.0,29.2
80417.0,108.66666666666667,60.0,2.0,2.0,25.8
80419.0,109.33333333333333,12.0,2.0,4.0,34.0
80421.0,101.33333333333333,13.0,2.0,3.0,20.7
80423.0,93.0,8.0,1.0,3.0,21.1
80424.0,94.0,14.0,2.0,2.0,23.9
80427.0,128.0,52.0,1.0,4.0,41.9
80428.0,133.33333333333334,56.0,1.0,1.0,31.3
80430.0,118.66666666666667,46.0,1.0,3.0,27.8
80431.0,99.0,16.0,2.0,6.0,18.5
80433.0,89.33333333333333,13.0,2.0,4.0,20.3
80434.0,143.33333333333334,62.0,2.0,4.0,24.2
80435.0,104.66666666666667,8.0,2.0,3.0,15.8
80436.0,120.0,73.0,2.0,1.0,22.1
80437.0,106.0,46.0,2.0,3.0,37.4
80438.0,98.0,37.0,2.0,4.0,28.2
80440.0,112.66666666666667,47.0,2.0,6.0,22.4
80441.0,100.0,49.0,2.0,3.0,22.7
80442.0,112.66666666666667,41.0,2.0,1.0,27.3
80443.0,92.66666666666667,8.0,2.0,1.0,15.1
80444.0,109.33333333333333,27.0,2.0,3.0,38.1
80445.0,113.33333333333333,22.0,1.0,2.0,27.1
80446.0,116.0,31.0,2.0,4.0,21.9
80447.0,100.0,8.0,2.0,6.0,14.6
80448.0,108.0,26.0,2.0,6.0,21.3
80451.0,98.0,12.0,1.0,3.0,17.5
80453.0,127.33333333333333,38.0,1.0,3.0,25.9
80454.0,117.0,63.0,1.0,2.0,25.7
80456.0,105.33333333333333,47.0,2.0,7.0,21.4
80457.0,100.0,16.0,2.0,2.0,16.4
80458.0,103.33333333333333,24.0,2.0,1.0,26.4
80459.0,106.66666666666667,16.0,2.0,1.0,21.5
80460.0,96.0,12.0,2.0,3.0,20.1
80463.0,96.0,13.0,2.0,4.0,27.1
80465.0,109.33333333333333,14.0,2.0,3.0,25.0
80468.0,136.66666666666666,52.0,2.0,4.0,30.8
80469.0,112.0,74.0,2.0,3.0,28.7
80470.0,98.66666666666667,10.0,2.0,1.0,19.8
80471.0,108.0,16.0,1.0,1.0,19.1
80472.0,109.33333333333333,8.0,1.0,1.0,16.9
80473.0,107.33333333333333,13.0,2.0,4.0,23.4
80474.0,107.33333333333333,20.0,2.0,2.0,23.0
80475.0,111.33333333333333,16.0,1.0,4.0,25.0
80476.0,98.0,12.0,1.0,7.0,13.6
80477.0,123.33333333333333,49.0,1.0,6.0,23.0
80478.0,135.33333333333334,75.0,2.0,3.0,32.7
80479.0,123.33333333333333,62.0,1.0,6.0,26.6
80480.0,105.33333333333333,16.0,1.0,2.0,18.4
80481.0,116.66666666666667,25.0,1.0,3.0,19.9
80482.0,112.0,55.0,2.0,4.0,25.0
80484.0,93.33333333333333,13.0,1.0,1.0,21.2
80486.0,116.66666666666667,69.0,2.0,3.0,23.6
80489.0,112.66666666666667,20.0,2.0,3.0,22.1
80490.0,116.0,33.0,2.0,4.0,27.8
80491.0,146.66666666666666,73.0,2.0,3.0,25.3
80492.0,93.33333333333333,35.0,2.0,6.0,18.8
80493.0,141.33333333333334,52.0,1.0,3.0,34.1
80496.0,98.0,48.0,2.0,1.0,34.7
80497.0,114.66666666666667,37.0,2.0,1.0,29.9
80498.0,153.33333333333334,64.0,1.0,6.0,18.6
80501.0,115.33333333333333,18.0,1.0,6.0,22.3
80503.0,146.66666666666666,44.0,1.0,3.0,27.4
80504.0,92.0,8.0,1.0,4.0,18.7
80505.0,112.66666666666667,46.0,1.0,3.0,26.0
80506.0,112.66666666666667,53.0,1.0,3.0,28.3
80507.0,100.0,32.0,2.0,2.0,36.0
80508.0,98.66666666666667,11.0,2.0,6.0,15.8
80509.0,109.33333333333333,45.0,2.0,3.0,21.9
80510.0,123.33333333333333,10.0,1.0,3.0,39.4
80511.0,118.0,40.0,2.0,4.0,27.6
80512.0,131.33333333333334,69.0,2.0,3.0,34.5
80513.0,112.0,40.0,2.0,3.0,23.9
80515.0,108.0,12.0,2.0,6.0,19.1
80516.0,152.0,42.0,2.0,4.0,28.2
80517.0,119.33333333333333,55.0,1.0,4.0,35.0
80518.0,102.0,52.0,2.0,3.0,31.3
80519.0,104.0,36.0,2.0,1.0,31.7
80520.0,116.66666666666667,40.0,2.0,4.0,37.5
80521.0,120.66666666666667,41.0,1.0,3.0,20.6
80522.0,94.0,55.0,1.0,3.0,20.8
80523.0,118.66666666666667,52.0,1.0,1.0,24.3
80524.0,102.66666666666667,12.0,2.0,7.0,46.9
80525.0,147.33333333333334,34.0,2.0,4.0,60.9
80526.0,120.66666666666667,35.0,2.0,4.0,20.2
80528.0,112.66666666666667,48.0,2.0,3.0,29.5
80530.0,64.66666666666667,59.0,1.0,3.0,23.5
80531.0,95.33333333333333,46.0,2.0,2.0,25.2
80533.0,121.33333333333333,66.0,2.0,2.0,36.1
80534.0,102.0,12.0,2.0,4.0,18.0
80535.0,102.0,25.0,2.0,3.0,27.3
80537.0,117.33333333333333,65.0,1.0,4.0,26.2
80538.0,147.33333333333334,80.0,1.0,3.0,30.9
80539.0,133.33333333333334,40.0,1.0,4.0,31.4
80540.0,104.66666666666667,18.0,2.0,4.0,26.7
80542.0,117.33333333333333,36.0,2.0,1.0,30.4
80543.0,115.33333333333333,28.0,1.0,7.0,23.2
80544.0,86.0,9.0,2.0,1.0,18.9
80545.0,129.33333333333334,55.0,1.0,3.0,32.2
80547.0,133.33333333333334,55.0,1.0,4.0,23.2
80548.0,129.0,80.0,1.0,3.0,28.7
80549.0,142.66666666666666,76.0,1.0,6.0,29.9
80550.0,107.33333333333333,72.0,2.0,3.0,46.1
80552.0,106.0,41.0,2.0,3.0,24.3
80553.0,128.0,55.0,2.0,3.0,28.2
80554.0,109.0,19.0,2.0,1.0,37.3
80555.0,120.0,75.0,1.0,3.0,18.5
80556.0,130.66666666666666,51.0,1.0,1.0,33.0
80558.0,101.33333333333333,9.0,2.0,1.0,28.3
80559.0,118.0,26.0,1.0,2.0,23.7
80560.0,119.33333333333333,25.0,1.0,2.0,35.7
80561.0,96.0,41.0,1.0,6.0,26.3
80562.0,144.0,22.0,2.0,4.0,57.8
80563.0,97.33333333333333,12.0,2.0,3.0,17.0
80564.0,132.0,45.0,2.0,3.0,34.8
80565.0,122.66666666666667,47.0,2.0,3.0,33.6
80569.0,114.66666666666667,46.0,2.0,3.0,29.6
80570.0,116.0,74.0,2.0,3.0,21.3
80571.0,96.0,9.0,1.0,6.0,17.3
80573.0,108.66666666666667,63.0,2.0,2.0,23.9
80574.0,101.33333333333333,12.0,2.0,2.0,24.6
80575.0,114.0,16.0,2.0,1.0,25.1
80578.0,126.66666666666667,44.0,1.0,3.0,30.0
80579.0,106.66666666666667,11.0,1.0,4.0,21.3
80581.0,92.66666666666667,8.0,1.0,3.0,15.1
80583.0,138.66666666666666,24.0,2.0,4.0,39.6
80584.0,106.0,10.0,2.0,2.0,21.1
80585.0,129.33333333333334,41.0,1.0,6.0,28.0
80587.0,118.66666666666667,36.0,1.0,3.0,26.3
80588.0,108.0,59.0,2.0,6.0,21.9
80590.0,104.0,43.0,2.0,3.0,31.7
80591.0,96.66666666666667,9.0,1.0,3.0,16.2
80592.0,109.33333333333333,20.0,1.0,1.0,30.8
80593.0,135.33333333333334,63.0,1.0,6.0,22.5
80594.0,135.33333333333334,60.0,2.0,3.0,33.5
80595.0,156.0,66.0,2.0,1.0,21.3
80596.0,126.66666666666667,32.0,1.0,3.0,29.9
80599.0,122.0,77.0,1.0,3.0,25.0
80601.0,149.0,71.0,2.0,4.0,32.1
80602.0,148.66666666666666,72.0,2.0,6.0,24.6
80603.0,93.33333333333333,31.0,2.0,6.0,23.4
80604.0,153.33333333333334,58.0,1.0,4.0,19.1
80605.0,106.66666666666667,14.0,1.0,4.0,31.1
80607.0,116.66666666666667,16.0,1.0,1.0,19.9
80608.0,112.0,11.0,1.0,3.0,40.7
80611.0,108.0,42.0,2.0,1.0,22.5
80613.0,115.33333333333333,62.0,2.0,4.0,23.9
80616.0,92.0,14.0,2.0,1.0,20.6
80618.0,118.0,32.0,1.0,3.0,25.4
80619.0,157.33333333333334,33.0,1.0,4.0,35.0
80620.0,112.0,22.0,1.0,4.0,20.3
80622.0,102.66666666666667,45.0,2.0,1.0,31.7
80623.0,107.33333333333333,39.0,2.0,6.0,22.7
80624.0,98.0,15.0,1.0,3.0,16.5
80626.0,118.66666666666667,18.0,1.0,3.0,21.7
80627.0,120.66666666666667,18.0,1.0,3.0,21.9
80628.0,128.66666666666666,27.0,1.0,3.0,24.2
80629.0,106.0,12.0,1.0,4.0,18.4
80632.0,124.0,57.0,1.0,3.0,25.2
80633.0,124.0,30.0,2.0,4.0,27.0
80634.0,112.0,46.0,2.0,1.0,27.3
80636.0,117.33333333333333,49.0,2.0,2.0,41.0
80637.0,107.33333333333333,36.0,2.0,1.0,30.0
80639.0,119.33333333333333,32.0,1.0,3.0,23.5
80640.0,115.33333333333333,8.0,1.0,3.0,17.6
80641.0,120.66666666666667,80.0,1.0,3.0,25.5
80642.0,88.0,14.0,2.0,1.0,20.3
80643.0,119.33333333333333,39.0,1.0,4.0,28.5
80645.0,107.33333333333333,22.0,2.0,4.0,30.5
80646.0,112.66666666666667,34.0,1.0,4.0,29.3
80647.0,97.33333333333333,52.0,1.0,3.0,23.9
80648.0,117.33333333333333,43.0,1.0,3.0,23.0
80649.0,106.0,19.0,1.0,1.0,22.9
80650.0,100.66666666666667,16.0,1.0,1.0,27.1
80651.0,144.0,64.0,2.0,6.0,21.0
80652.0,142.66666666666666,60.0,1.0,4.0,22.6
80653.0,120.0,35.0,2.0,3.0,40.4
80654.0,106.0,30.0,2.0,1.0,29.6
80656.0,164.66666666666666,33.0,2.0,2.0,42.6
80657.0,111.33333333333333,51.0,1.0,3.0,33.1
80658.0,109.33333333333333,50.0,1.0,3.0,28.3
80659.0,108.66666666666667,22.0,2.0,3.0,20.6
80660.0,121.33333333333333,45.0,1.0,4.0,25.0
80662.0,101.33333333333333,36.0,2.0,1.0,27.8
80663.0,125.33333333333333,41.0,1.0,4.0,27.7
80664.0,108.66666666666667,10.0,1.0,3.0,18.0
80665.0,99.33333333333333,8.0,2.0,2.0,25.8
80667.0,112.66666666666667,33.0,2.0,4.0,30.1
80668.0,129.33333333333334,10.0,2.0,1.0,16.0
80669.0,142.0,50.0,1.0,3.0,32.2
80671.0,95.33333333333333,19.0,2.0,7.0,31.4
80673.0,124.66666666666667,15.0,1.0,7.0,26.9
80676.0,164.66666666666666,72.0,2.0,3.0,28.9
80677.0,123.33333333333333,15.0,1.0,1.0,36.1
80678.0,140.66666666666666,71.0,1.0,6.0,23.8
80680.0,109.33333333333333,45.0,2.0,4.0,27.8
80682.0,124.0,80.0,2.0,1.0,21.4
80683.0,116.0,58.0,1.0,1.0,25.7
80684.0,100.66666666666667,48.0,1.0,1.0,27.7
80685.0,109.33333333333333,33.0,2.0,3.0,25.1
80686.0,124.0,46.0,2.0,4.0,44.5
80688.0,104.66666666666667,26.0,2.0,4.0,28.6
80689.0,136.0,70.0,1.0,3.0,28.5
80690.0,100.66666666666667,13.0,1.0,6.0,17.1
80692.0,112.0,37.0,1.0,3.0,23.0
80693.0,98.66666666666667,30.0,1.0,1.0,21.8
80694.0,120.0,34.0,2.0,3.0,32.0
80696.0,113.33333333333333,16.0,2.0,1.0,22.6
80699.0,138.66666666666666,73.0,1.0,4.0,27.4
80700.0,111.33333333333333,15.0,1.0,2.0,21.5
80701.0,110.0,31.0,2.0,4.0,22.6
80703.0,134.0,55.0,2.0,3.0,28.0
80704.0,112.66666666666667,14.0,1.0,6.0,18.0
80705.0,117.0,54.0,1.0,3.0,29.8
80706.0,116.0,50.0,1.0,6.0,25.1
80707.0,120.0,72.0,1.0,3.0,23.4
80708.0,120.0,66.0,2.0,3.0,29.8
80709.0,140.66666666666666,59.0,2.0,6.0,21.7
80710.0,140.66666666666666,59.0,1.0,6.0,19.2
80711.0,122.0,17.0,1.0,1.0,20.5
80712.0,126.0,48.0,2.0,1.0,29.9
80713.0,126.0,38.0,1.0,4.0,31.1
80714.0,106.0,45.0,1.0,6.0,23.2
80715.0,90.66666666666667,8.0,1.0,4.0,14.4
80717.0,124.66666666666667,80.0,1.0,3.0,27.0
80718.0,128.0,36.0,2.0,3.0,26.7
80719.0,116.66666666666667,80.0,2.0,3.0,32.8
80722.0,135.33333333333334,63.0,2.0,7.0,27.0
80723.0,110.0,80.0,1.0,3.0,21.1
80726.0,124.66666666666667,38.0,2.0,6.0,30.7
80727.0,99.33333333333333,12.0,2.0,3.0,22.0
80729.0,118.0,31.0,1.0,1.0,30.7
80731.0,115.33333333333333,32.0,2.0,7.0,25.8
80732.0,124.66666666666667,52.0,1.0,1.0,27.8
80733.0,138.66666666666666,47.0,1.0,3.0,22.0
80734.0,98.66666666666667,10.0,1.0,1.0,26.8
80735.0,120.0,41.0,1.0,3.0,32.5
80736.0,114.66666666666667,37.0,2.0,3.0,22.2
80737.0,115.33333333333333,19.0,2.0,4.0,18.3
80738.0,138.0,40.0,1.0,1.0,32.7
80739.0,112.66666666666667,30.0,2.0,3.0,33.6
80740.0,88.66666666666667,39.0,2.0,3.0,31.8
80742.0,106.66666666666667,53.0,2.0,3.0,35.6
80743.0,114.0,70.0,1.0,3.0,23.9
80744.0,120.0,17.0,1.0,6.0,25.1
80745.0,117.33333333333333,50.0,1.0,4.0,22.9
80749.0,123.33333333333333,62.0,2.0,1.0,28.0
80750.0,130.0,80.0,2.0,3.0,22.4
80751.0,97.33333333333333,8.0,2.0,3.0,16.5
80752.0,110.66666666666667,14.0,1.0,3.0,19.9
80753.0,108.0,18.0,1.0,2.0,23.2
80754.0,125.33333333333333,67.0,1.0,1.0,35.1
80756.0,104.66666666666667,32.0,2.0,4.0,27.5
80757.0,109.33333333333333,39.0,2.0,6.0,27.7
80758.0,146.0,65.0,2.0,1.0,31.4
80760.0,102.0,10.0,2.0,4.0,29.1
80761.0,134.0,23.0,1.0,2.0,26.9
80762.0,114.0,15.0,2.0,7.0,24.4
80765.0,110.66666666666667,37.0,1.0,6.0,29.8
80767.0,116.0,48.0,1.0,6.0,22.6
80768.0,98.66666666666667,9.0,2.0,1.0,25.1
80769.0,106.66666666666667,61.0,1.0,3.0,24.0
80770.0,136.0,69.0,1.0,4.0,18.5
80771.0,126.0,59.0,1.0,2.0,31.6
80772.0,115.33333333333333,36.0,1.0,3.0,22.4
80773.0,127.33333333333333,46.0,2.0,4.0,35.9
80774.0,108.66666666666667,76.0,2.0,3.0,22.8
80775.0,106.66666666666667,19.0,2.0,6.0,30.8
80778.0,108.66666666666667,32.0,1.0,6.0,24.2
80780.0,112.0,9.0,1.0,4.0,21.3
80781.0,113.33333333333333,62.0,2.0,2.0,24.5
80782.0,106.0,29.0,2.0,1.0,22.5
80783.0,114.0,17.0,2.0,2.0,31.1
80784.0,109.33333333333333,18.0,1.0,2.0,23.8
80785.0,97.33333333333333,9.0,1.0,4.0,16.3
80786.0,172.0,80.0,2.0,3.0,29.2
80787.0,107.33333333333333,34.0,2.0,4.0,28.6
80788.0,108.66666666666667,31.0,2.0,3.0,19.0
80789.0,99.33333333333333,11.0,2.0,3.0,14.8
80790.0,132.0,32.0,2.0,4.0,48.9
80791.0,97.0,10.0,1.0,1.0,22.0
80792.0,148.66666666666666,76.0,2.0,4.0,37.4
80793.0,102.66666666666667,41.0,1.0,3.0,26.9
80794.0,123.33333333333333,58.0,1.0,3.0,28.8
80795.0,98.0,28.0,2.0,3.0,19.3
80797.0,116.66666666666667,16.0,1.0,4.0,34.3
80798.0,111.33333333333333,29.0,1.0,7.0,28.7
80799.0,128.66666666666666,18.0,1.0,3.0,28.6
80800.0,125.33333333333333,71.0,1.0,4.0,23.8
80804.0,174.66666666666666,67.0,2.0,2.0,28.6
80805.0,117.33333333333333,37.0,2.0,3.0,32.0
80808.0,110.66666666666667,23.0,2.0,4.0,31.7
80809.0,84.66666666666667,12.0,1.0,6.0,19.0
80810.0,158.0,56.0,1.0,1.0,27.8
80812.0,135.33333333333334,23.0,1.0,4.0,25.4
80814.0,127.33333333333333,56.0,1.0,3.0,21.3
80815.0,128.66666666666666,56.0,2.0,2.0,36.1
80816.0,114.66666666666667,31.0,2.0,2.0,26.0
80817.0,122.0,80.0,1.0,4.0,23.3
80818.0,111.33333333333333,10.0,2.0,3.0,24.8
80819.0,98.0,54.0,2.0,4.0,35.3
80820.0,125.33333333333333,36.0,2.0,2.0,34.1
80821.0,104.66666666666667,38.0,1.0,2.0,26.2
80822.0,124.66666666666667,80.0,1.0,3.0,33.3
80823.0,114.66666666666667,48.0,2.0,3.0,23.8
80824.0,115.33333333333333,11.0,2.0,3.0,34.6
80825.0,115.33333333333333,30.0,1.0,3.0,26.1
80828.0,108.0,13.0,1.0,4.0,19.0
80829.0,97.33333333333333,11.0,1.0,3.0,21.4
80830.0,111.33333333333333,9.0,2.0,4.0,26.1
80831.0,120.0,71.0,2.0,3.0,31.0
80832.0,116.0,36.0,2.0,3.0,27.3
80833.0,172.0,33.0,1.0,3.0,27.2
80836.0,121.33333333333333,64.0,1.0,3.0,34.2
80837.0,147.33333333333334,55.0,1.0,1.0,35.8
80838.0,107.33333333333333,8.0,1.0,4.0,23.9
80840.0,136.66666666666666,44.0,2.0,4.0,22.8
80841.0,135.33333333333334,80.0,1.0,3.0,27.4
80842.0,126.66666666666667,62.0,2.0,3.0,38.6
80843.0,105.33333333333333,77.0,2.0,4.0,26.2
80846.0,111.33333333333333,80.0,2.0,3.0,29.2
80847.0,112.66666666666667,42.0,1.0,3.0,31.1
80849.0,108.66666666666667,19.0,2.0,1.0,20.4
80850.0,110.0,25.0,2.0,4.0,25.9
80851.0,126.0,35.0,2.0,3.0,38.6
80852.0,97.33333333333333,9.0,2.0,1.0,20.3
80853.0,110.66666666666667,18.0,1.0,1.0,25.1
80854.0,108.66666666666667,27.0,2.0,6.0,23.4
80855.0,110.0,12.0,2.0,2.0,29.8
80856.0,111.33333333333333,11.0,2.0,1.0,16.6
80857.0,109.33333333333333,17.0,1.0,3.0,23.0
80858.0,126.0,65.0,1.0,3.0,22.7
80859.0,147.0,75.0,2.0,4.0,25.4
80860.0,100.66666666666667,9.0,2.0,4.0,23.7
80862.0,138.66666666666666,21.0,1.0,6.0,23.5
80863.0,129.33333333333334,37.0,2.0,6.0,24.8
80864.0,133.33333333333334,54.0,1.0,3.0,22.6
80865.0,132.66666666666666,25.0,2.0,4.0,41.9
80868.0,145.33333333333334,61.0,2.0,2.0,30.0
80869.0,120.66666666666667,18.0,1.0,3.0,22.9
80870.0,112.66666666666667,10.0,1.0,2.0,16.6
80871.0,108.66666666666667,10.0,2.0,4.0,17.7
80872.0,144.0,66.0,1.0,6.0,26.9
80873.0,116.66666666666667,36.0,2.0,6.0,24.7
80876.0,104.0,47.0,2.0,3.0,27.3
80877.0,94.0,8.0,1.0,4.0,16.6
80878.0,152.0,65.0,2.0,1.0,27.2
80879.0,118.0,48.0,2.0,4.0,36.5
80880.0,146.66666666666666,28.0,1.0,3.0,54.2
80881.0,134.66666666666666,30.0,2.0,7.0,37.3
80882.0,119.33333333333333,18.0,1.0,4.0,22.6
80883.0,109.33333333333333,18.0,1.0,1.0,32.8
80884.0,124.66666666666667,60.0,1.0,4.0,28.0
80885.0,146.0,32.0,1.0,2.0,24.9
80889.0,131.33333333333334,80.0,1.0,3.0,27.8
80890.0,136.0,65.0,2.0,3.0,28.1
80892.0,134.66666666666666,59.0,2.0,6.0,32.1
80893.0,118.66666666666667,56.0,2.0,3.0,49.4
80894.0,108.0,67.0,2.0,3.0,31.1
80895.0,117.33333333333333,14.0,1.0,6.0,23.1
80896.0,104.0,9.0,2.0,1.0,21.3
80898.0,130.0,76.0,1.0,4.0,29.9
80899.0,110.66666666666667,15.0,2.0,1.0,29.6
80900.0,114.66666666666667,66.0,1.0,1.0,32.2
80901.0,92.66666666666667,11.0,1.0,2.0,24.4
80902.0,97.33333333333333,11.0,2.0,6.0,19.4
80903.0,111.33333333333333,30.0,2.0,3.0,35.6
80904.0,122.0,61.0,1.0,3.0,27.3
80905.0,118.0,22.0,2.0,4.0,18.5
80907.0,97.33333333333333,8.0,2.0,4.0,15.9
80908.0,110.66666666666667,53.0,2.0,4.0,37.2
80909.0,106.66666666666667,12.0,2.0,1.0,22.8
80910.0,100.0,14.0,1.0,4.0,15.5
80911.0,141.33333333333334,44.0,1.0,6.0,23.9
80912.0,121.33333333333333,28.0,2.0,2.0,26.0
80915.0,103.33333333333333,66.0,2.0,1.0,26.7
80916.0,117.33333333333333,39.0,2.0,3.0,30.5
80917.0,130.66666666666666,34.0,1.0,3.0,43.3
80920.0,130.0,28.0,2.0,2.0,43.8
80921.0,116.66666666666667,25.0,2.0,1.0,20.9
80922.0,112.66666666666667,14.0,1.0,1.0,17.8
80923.0,114.66666666666667,28.0,1.0,3.0,27.7
80924.0,135.33333333333334,39.0,2.0,4.0,38.8
80928.0,128.66666666666666,62.0,2.0,4.0,28.2
80929.0,126.0,65.0,2.0,3.0,20.3
80930.0,112.0,73.0,1.0,6.0,26.6
80932.0,128.66666666666666,39.0,1.0,4.0,26.9
80933.0,104.0,11.0,1.0,2.0,28.7
80934.0,141.33333333333334,65.0,1.0,2.0,28.1
80936.0,114.66666666666667,38.0,1.0,3.0,35.4
80937.0,114.0,18.0,2.0,4.0,21.3
80938.0,128.0,19.0,2.0,3.0,42.8
80939.0,114.0,47.0,1.0,3.0,31.4
80940.0,102.66666666666667,11.0,2.0,4.0,20.3
80941.0,141.0,51.0,2.0,4.0,32.1
80943.0,152.0,78.0,2.0,3.0,31.4
80944.0,99.33333333333333,11.0,1.0,4.0,17.6
80945.0,129.0,61.0,1.0,6.0,19.6
80946.0,122.0,60.0,1.0,3.0,31.5
80947.0,97.33333333333333,12.0,1.0,3.0,19.5
80948.0,112.66666666666667,18.0,1.0,4.0,25.2
80953.0,121.33333333333333,15.0,1.0,1.0,21.9
80954.0,107.33333333333333,29.0,2.0,4.0,29.4
80955.0,132.0,72.0,2.0,4.0,16.8
80956.0,105.33333333333333,18.0,2.0,6.0,19.7
80957.0,110.66666666666667,12.0,1.0,4.0,15.7
80958.0,100.0,9.0,1.0,1.0,15.5
80960.0,120.0,71.0,1.0,3.0,33.2
80961.0,90.66666666666667,41.0,2.0,6.0,22.7
80962.0,144.0,72.0,2.0,4.0,30.7
80964.0,108.66666666666667,19.0,2.0,3.0,21.8
80965.0,118.0,25.0,1.0,4.0,20.6
80966.0,118.66666666666667,27.0,2.0,4.0,34.9
80967.0,114.66666666666667,40.0,1.0,2.0,31.9
80968.0,114.0,25.0,1.0,3.0,20.9
80971.0,108.0,8.0,1.0,3.0,23.0
80972.0,92.66666666666667,8.0,1.0,6.0,14.1
80973.0,124.66666666666667,47.0,2.0,4.0,31.2
80974.0,113.33333333333333,14.0,2.0,7.0,22.7
80975.0,110.0,26.0,2.0,4.0,43.2
80976.0,129.33333333333334,59.0,1.0,6.0,24.2
80979.0,126.0,29.0,1.0,2.0,30.2
80980.0,132.66666666666666,44.0,2.0,3.0,18.9
80981.0,105.33333333333333,25.0,2.0,3.0,19.0
80982.0,122.0,31.0,1.0,3.0,39.3
80985.0,149.33333333333334,46.0,1.0,6.0,30.6
80988.0,109.0,65.0,2.0,1.0,26.8
80989.0,134.0,46.0,1.0,3.0,29.7
80990.0,126.0,35.0,1.0,7.0,29.1
80991.0,118.66666666666667,11.0,2.0,4.0,23.6
80992.0,110.0,16.0,2.0,3.0,33.1
80993.0,111.33333333333333,11.0,1.0,3.0,19.6
80997.0,108.0,26.0,1.0,2.0,23.7
80999.0,112.66666666666667,15.0,1.0,3.0,22.2
81000.0,109.33333333333333,28.0,1.0,4.0,23.5
81002.0,108.66666666666667,9.0,1.0,3.0,14.3
81003.0,106.66666666666667,16.0,2.0,3.0,21.0
81004.0,104.0,50.0,1.0,3.0,27.0
81006.0,103.33333333333333,10.0,2.0,1.0,20.6
81008.0,132.66666666666666,48.0,1.0,4.0,21.8
81009.0,108.66666666666667,56.0,2.0,6.0,33.2
81010.0,126.0,51.0,1.0,3.0,26.2
81011.0,118.0,60.0,2.0,1.0,25.7
81012.0,106.66666666666667,34.0,1.0,2.0,20.7
81013.0,116.66666666666667,43.0,1.0,4.0,31.9
81014.0,103.33333333333333,27.0,1.0,4.0,25.7
81015.0,114.0,20.0,2.0,6.0,22.1
81017.0,96.66666666666667,15.0,1.0,3.0,18.2
81018.0,118.66666666666667,9.0,2.0,4.0,31.5
81019.0,101.33333333333333,14.0,2.0,4.0,29.9
81020.0,115.33333333333333,40.0,1.0,3.0,30.8
81022.0,132.0,45.0,1.0,4.0,26.1
81023.0,112.0,22.0,2.0,4.0,40.7
81025.0,140.0,69.0,2.0,1.0,39.5
81026.0,107.33333333333333,80.0,2.0,3.0,33.8
81028.0,104.66666666666667,12.0,1.0,2.0,16.3
81029.0,130.0,43.0,1.0,1.0,26.4
81030.0,106.66666666666667,60.0,1.0,3.0,26.6
81031.0,96.0,9.0,1.0,4.0,18.3
81032.0,154.0,71.0,1.0,4.0,22.2
81033.0,90.66666666666667,9.0,2.0,1.0,15.4
81034.0,115.33333333333333,34.0,1.0,3.0,32.0
81035.0,96.0,10.0,1.0,3.0,17.0
81037.0,139.33333333333334,60.0,1.0,4.0,26.7
81038.0,108.66666666666667,45.0,1.0,3.0,24.9
81039.0,202.0,64.0,1.0,4.0,31.7
81040.0,168.66666666666666,52.0,2.0,3.0,34.5
81041.0,112.66666666666667,23.0,2.0,4.0,28.6
81042.0,126.66666666666667,63.0,1.0,1.0,27.7
81043.0,107.33333333333333,18.0,2.0,3.0,18.6
81044.0,104.66666666666667,10.0,1.0,1.0,28.4
81047.0,95.0,8.0,2.0,1.0,18.8
81048.0,102.0,13.0,2.0,4.0,24.6
81049.0,94.0,12.0,2.0,2.0,18.5
81050.0,125.33333333333333,38.0,2.0,7.0,31.6
81051.0,112.0,41.0,1.0,2.0,26.0
81052.0,114.0,44.0,2.0,1.0,27.3
81055.0,117.33333333333333,48.0,2.0,1.0,32.2
81056.0,110.66666666666667,49.0,2.0,1.0,27.9
81057.0,127.33333333333333,52.0,2.0,3.0,22.6
81060.0,96.66666666666667,14.0,2.0,3.0,22.5
81061.0,117.0,44.0,1.0,3.0,35.0
81063.0,133.33333333333334,80.0,2.0,3.0,30.6
81064.0,92.66666666666667,11.0,1.0,3.0,16.6
81068.0,116.66666666666667,59.0,1.0,4.0,31.2
81069.0,116.0,26.0,2.0,3.0,49.9
81070.0,112.0,31.0,1.0,1.0,28.2
81072.0,99.33333333333333,17.0,1.0,1.0,21.5
81073.0,112.66666666666667,13.0,2.0,4.0,35.6
81074.0,103.33333333333333,19.0,2.0,2.0,27.0
81075.0,119.33333333333333,30.0,1.0,4.0,28.0
81076.0,101.33333333333333,18.0,2.0,6.0,20.6
81078.0,157.33333333333334,53.0,2.0,2.0,30.6
81079.0,131.0,76.0,1.0,3.0,27.2
81080.0,105.33333333333333,12.0,2.0,4.0,18.3
81082.0,111.33333333333333,60.0,2.0,2.0,29.8
81083.0,158.0,36.0,1.0,3.0,28.2
81084.0,114.0,26.0,2.0,2.0,27.2
81087.0,96.0,36.0,2.0,6.0,22.0
81088.0,124.66666666666667,54.0,2.0,1.0,36.1
81089.0,118.66666666666667,11.0,1.0,2.0,24.4
81090.0,129.33333333333334,32.0,1.0,4.0,24.0
81091.0,102.0,11.0,2.0,4.0,15.1
81092.0,121.33333333333333,29.0,1.0,6.0,34.2
81093.0,116.66666666666667,36.0,2.0,3.0,51.9
81095.0,132.0,51.0,1.0,2.0,41.7
81096.0,117.0,24.0,2.0,3.0,36.8
81097.0,110.0,21.0,2.0,3.0,23.0
81099.0,100.66666666666667,36.0,2.0,4.0,33.2
81100.0,112.0,80.0,2.0,3.0,26.4
81101.0,116.0,38.0,2.0,3.0,30.7
81103.0,178.66666666666666,80.0,1.0,4.0,24.2
81104.0,114.0,67.0,2.0,4.0,16.8
81106.0,103.33333333333333,10.0,2.0,1.0,19.3
81107.0,117.33333333333333,54.0,2.0,1.0,38.9
81108.0,116.66666666666667,13.0,2.0,1.0,22.7
81109.0,112.66666666666667,77.0,2.0,4.0,29.3
81110.0,110.0,56.0,2.0,3.0,23.7
81111.0,160.0,77.0,2.0,3.0,23.7
81114.0,100.0,9.0,2.0,4.0,20.5
81115.0,120.0,60.0,1.0,2.0,27.5
81116.0,110.66666666666667,16.0,2.0,1.0,23.0
81117.0,133.0,19.0,1.0,1.0,34.2
81118.0,108.66666666666667,40.0,2.0,6.0,23.8
81119.0,129.0,37.0,2.0,2.0,38.5
81121.0,104.0,61.0,1.0,4.0,26.6
81122.0,115.33333333333333,37.0,2.0,4.0,35.3
81123.0,83.0,8.0,1.0,3.0,15.2
81124.0,124.66666666666667,15.0,2.0,3.0,25.3
81125.0,118.0,15.0,1.0,3.0,26.5
81126.0,95.33333333333333,11.0,2.0,2.0,22.4
81127.0,95.33333333333333,9.0,1.0,3.0,16.8
81128.0,93.33333333333333,10.0,2.0,7.0,14.9
81129.0,98.0,12.0,1.0,4.0,21.2
81130.0,116.0,18.0,1.0,6.0,23.1
81131.0,126.0,49.0,1.0,2.0,29.6
81133.0,114.0,17.0,2.0,3.0,38.9
81134.0,142.66666666666666,75.0,2.0,3.0,41.1
81135.0,136.0,20.0,1.0,4.0,19.6
81136.0,156.0,78.0,2.0,2.0,35.2
81137.0,98.0,16.0,2.0,1.0,26.9
81138.0,100.0,42.0,2.0,6.0,19.3
81139.0,127.33333333333333,23.0,1.0,6.0,33.5
81141.0,130.66666666666666,70.0,1.0,7.0,30.7
81142.0,126.0,60.0,2.0,4.0,37.6
81144.0,158.66666666666666,49.0,1.0,3.0,32.3
81146.0,100.0,8.0,2.0,7.0,15.5
81147.0,118.66666666666667,46.0,2.0,3.0,38.0
81148.0,130.0,73.0,2.0,4.0,26.6
81149.0,118.0,34.0,1.0,3.0,26.2
81150.0,109.33333333333333,13.0,1.0,1.0,20.3
81151.0,135.33333333333334,56.0,1.0,3.0,24.9
81152.0,95.33333333333333,34.0,2.0,4.0,33.8
81153.0,110.0,30.0,2.0,6.0,20.6
81154.0,132.0,50.0,1.0,2.0,30.2
81155.0,130.0,56.0,2.0,4.0,30.2
81158.0,107.33333333333333,13.0,2.0,1.0,15.8
81159.0,104.66666666666667,24.0,2.0,3.0,19.6
81160.0,134.0,23.0,1.0,3.0,47.1
81161.0,107.33333333333333,33.0,1.0,3.0,27.5
81162.0,170.0,80.0,2.0,6.0,21.8
81163.0,166.0,79.0,2.0,4.0,26.6
81165.0,114.66666666666667,51.0,1.0,2.0,22.4
81166.0,123.0,73.0,2.0,3.0,34.3
81168.0,111.33333333333333,28.0,2.0,6.0,19.0
81169.0,112.0,34.0,1.0,3.0,33.5
81170.0,102.66666666666667,24.0,2.0,3.0,40.4
81171.0,141.33333333333334,49.0,2.0,1.0,26.4
81173.0,130.0,50.0,2.0,1.0,44.9
81174.0,145.33333333333334,31.0,2.0,4.0,50.5
81175.0,114.0,80.0,1.0,4.0,27.3
81176.0,106.0,38.0,2.0,1.0,33.1
81177.0,150.0,48.0,2.0,1.0,41.3
81178.0,114.66666666666667,24.0,1.0,4.0,21.4
81180.0,106.0,14.0,2.0,1.0,24.0
81182.0,99.33333333333333,16.0,2.0,6.0,18.7
81187.0,158.66666666666666,43.0,1.0,3.0,63.3
81188.0,108.66666666666667,14.0,2.0,1.0,22.9
81190.0,107.33333333333333,23.0,2.0,2.0,21.9
81192.0,105.33333333333333,41.0,2.0,7.0,23.7
81193.0,109.33333333333333,20.0,1.0,3.0,26.3
81194.0,112.0,11.0,2.0,1.0,37.9
81196.0,136.0,41.0,2.0,6.0,19.9
81197.0,121.33333333333333,47.0,2.0,4.0,27.5
81199.0,103.33333333333333,10.0,2.0,6.0,19.2
81201.0,116.66666666666667,56.0,1.0,1.0,26.0
81202.0,108.66666666666667,38.0,2.0,3.0,25.4
81203.0,113.33333333333333,62.0,1.0,3.0,26.1
81204.0,116.0,65.0,2.0,4.0,42.3
81206.0,114.66666666666667,47.0,1.0,4.0,27.9
81207.0,106.0,39.0,1.0,3.0,23.4
81209.0,138.66666666666666,58.0,1.0,6.0,28.1
81210.0,128.0,69.0,2.0,3.0,33.4
81212.0,120.66666666666667,37.0,2.0,4.0,27.0
81213.0,124.66666666666667,50.0,1.0,3.0,28.2
81214.0,128.0,50.0,1.0,6.0,23.5
81216.0,92.66666666666667,30.0,2.0,7.0,18.7
81217.0,134.66666666666666,45.0,1.0,3.0,21.3
81218.0,120.66666666666667,34.0,1.0,3.0,27.4
81219.0,142.0,37.0,1.0,4.0,30.7
81220.0,98.66666666666667,12.0,1.0,3.0,17.7
81221.0,138.0,68.0,2.0,2.0,29.9
81222.0,116.66666666666667,14.0,1.0,3.0,32.6
81223.0,108.66666666666667,21.0,2.0,4.0,23.5
81224.0,101.33333333333333,18.0,2.0,3.0,27.2
81225.0,108.0,37.0,1.0,6.0,24.4
81226.0,123.33333333333333,65.0,1.0,4.0,23.9
81227.0,92.66666666666667,12.0,2.0,3.0,26.1
81228.0,114.66666666666667,65.0,2.0,3.0,20.9
81229.0,100.66666666666667,74.0,1.0,1.0,23.8
81230.0,107.33333333333333,52.0,2.0,4.0,35.0
81231.0,122.0,44.0,2.0,4.0,37.1
81232.0,118.66666666666667,59.0,2.0,3.0,28.6
81233.0,104.66666666666667,10.0,1.0,3.0,20.5
81234.0,184.66666666666666,67.0,1.0,1.0,27.3
81235.0,120.0,37.0,1.0,3.0,33.7
81237.0,118.0,39.0,1.0,3.0,24.7
81238.0,98.66666666666667,21.0,2.0,3.0,26.2
81239.0,109.33333333333333,14.0,2.0,3.0,25.0
81241.0,130.66666666666666,51.0,1.0,4.0,23.6
81242.0,110.0,14.0,1.0,1.0,23.7
81243.0,89.33333333333333,8.0,1.0,4.0,14.7
81244.0,147.33333333333334,47.0,2.0,1.0,35.2
81246.0,108.0,17.0,1.0,4.0,22.3
81247.0,94.0,15.0,1.0,4.0,17.5
81248.0,128.0,68.0,2.0,3.0,24.5
81250.0,104.0,50.0,1.0,2.0,30.2
81252.0,117.33333333333333,15.0,1.0,4.0,19.9
81254.0,120.66666666666667,12.0,2.0,2.0,31.8
81256.0,128.0,69.0,1.0,3.0,24.2
81259.0,135.33333333333334,75.0,1.0,3.0,27.6
81260.0,108.66666666666667,44.0,1.0,2.0,24.6
81261.0,117.33333333333333,14.0,2.0,3.0,28.3
81262.0,131.33333333333334,71.0,2.0,3.0,29.3
81264.0,99.33333333333333,21.0,2.0,3.0,37.1
81266.0,112.66666666666667,39.0,1.0,3.0,31.0
81267.0,104.66666666666667,75.0,2.0,2.0,26.2
81268.0,90.0,22.0,2.0,3.0,39.8
81269.0,83.33333333333333,80.0,2.0,3.0,30.7
81270.0,116.0,43.0,1.0,6.0,26.1
81272.0,112.66666666666667,46.0,2.0,1.0,27.1
81273.0,134.66666666666666,32.0,1.0,4.0,35.3
81274.0,122.0,13.0,1.0,1.0,20.6
81275.0,124.0,50.0,2.0,1.0,41.4
81276.0,152.0,48.0,2.0,3.0,25.8
81278.0,113.33333333333333,18.0,1.0,7.0,23.3
81281.0,106.66666666666667,17.0,1.0,4.0,26.6
81282.0,123.33333333333333,61.0,2.0,3.0,31.5
81283.0,110.0,67.0,2.0,1.0,21.2
81284.0,124.66666666666667,64.0,2.0,2.0,25.7
81285.0,163.0,74.0,2.0,1.0,35.5
81286.0,97.33333333333333,16.0,2.0,6.0,22.3
81287.0,116.66666666666667,21.0,2.0,3.0,18.5
81288.0,129.33333333333334,71.0,2.0,6.0,26.8
81289.0,102.0,17.0,2.0,3.0,21.1
81290.0,104.0,30.0,1.0,1.0,27.1
81291.0,124.0,21.0,1.0,1.0,25.1
81292.0,105.33333333333333,47.0,1.0,6.0,26.7
81294.0,104.66666666666667,18.0,1.0,4.0,28.7
81295.0,161.33333333333334,59.0,1.0,3.0,27.4
81296.0,148.66666666666666,63.0,2.0,3.0,27.3
81297.0,120.66666666666667,80.0,1.0,3.0,22.5
81298.0,154.0,72.0,1.0,6.0,24.6
81300.0,100.66666666666667,17.0,1.0,3.0,22.3
81302.0,129.33333333333334,69.0,2.0,3.0,21.6
81303.0,132.0,20.0,1.0,7.0,29.0
81304.0,106.66666666666667,20.0,2.0,1.0,24.6
81306.0,129.0,57.0,1.0,3.0,34.2
81307.0,97.33333333333333,8.0,2.0,1.0,16.5
81310.0,116.0,19.0,1.0,1.0,38.7
81311.0,124.0,68.0,1.0,1.0,28.0
81312.0,100.66666666666667,19.0,2.0,6.0,27.5
81313.0,118.66666666666667,20.0,1.0,7.0,36.3
81314.0,103.33333333333333,10.0,1.0,7.0,16.3
81316.0,114.0,43.0,2.0,3.0,32.6
81317.0,111.33333333333333,45.0,2.0,3.0,22.3
81318.0,108.0,16.0,2.0,3.0,17.3
81319.0,116.0,38.0,2.0,4.0,31.8
81320.0,117.33333333333333,28.0,1.0,3.0,20.1
81321.0,126.66666666666667,80.0,2.0,1.0,29.4
81322.0,106.66666666666667,55.0,2.0,6.0,21.4
81323.0,118.0,50.0,1.0,3.0,28.4
81325.0,94.0,9.0,2.0,6.0,14.2
81327.0,97.33333333333333,11.0,1.0,3.0,27.0
81328.0,104.66666666666667,18.0,1.0,3.0,24.2
81329.0,125.33333333333333,63.0,2.0,4.0,32.9
81331.0,90.0,27.0,2.0,3.0,20.5
81332.0,135.33333333333334,61.0,2.0,4.0,37.9
81335.0,108.0,8.0,2.0,1.0,21.7
81336.0,106.0,11.0,2.0,4.0,18.5
81339.0,167.33333333333334,55.0,1.0,3.0,31.7
81341.0,114.0,17.0,2.0,3.0,22.4
81342.0,97.33333333333333,46.0,1.0,3.0,28.3
81343.0,114.0,65.0,2.0,6.0,22.3
81344.0,128.0,59.0,1.0,1.0,31.0
81345.0,134.0,63.0,2.0,4.0,33.8
81347.0,112.66666666666667,42.0,1.0,3.0,21.2
81348.0,112.66666666666667,21.0,1.0,2.0,22.4
81349.0,109.33333333333333,36.0,1.0,2.0,29.1
81350.0,115.33333333333333,58.0,2.0,2.0,35.0
81351.0,94.66666666666667,14.0,2.0,7.0,32.8
81352.0,118.0,58.0,1.0,4.0,21.6
81353.0,140.0,76.0,1.0,3.0,29.0
81356.0,116.66666666666667,12.0,1.0,4.0,20.5
81357.0,127.33333333333333,66.0,2.0,3.0,28.4
81358.0,144.0,77.0,2.0,4.0,38.9
81359.0,117.0,57.0,2.0,4.0,29.3
81361.0,118.66666666666667,8.0,2.0,1.0,25.2
81362.0,120.0,21.0,1.0,3.0,20.8
81364.0,127.33333333333333,16.0,1.0,3.0,32.2
81365.0,97.33333333333333,8.0,2.0,4.0,23.7
81366.0,127.33333333333333,38.0,1.0,2.0,28.4
81367.0,107.33333333333333,48.0,1.0,1.0,27.1
81368.0,152.66666666666666,65.0,2.0,3.0,24.0
81369.0,103.33333333333333,11.0,1.0,6.0,23.5
81370.0,120.0,43.0,2.0,4.0,23.9
81372.0,120.66666666666667,31.0,2.0,3.0,24.2
81373.0,122.66666666666667,49.0,1.0,3.0,29.0
81374.0,122.66666666666667,43.0,2.0,3.0,29.3
81375.0,116.0,41.0,2.0,6.0,22.3
81377.0,182.66666666666666,80.0,1.0,3.0,26.3
81378.0,107.33333333333333,49.0,2.0,3.0,28.1
81379.0,136.0,48.0,1.0,1.0,33.6
81380.0,120.0,80.0,1.0,3.0,21.5
81381.0,138.0,73.0,2.0,3.0,36.5
81382.0,119.33333333333333,71.0,1.0,1.0,29.4
81383.0,122.0,16.0,1.0,3.0,35.3
81384.0,115.33333333333333,40.0,1.0,6.0,18.8
81385.0,134.66666666666666,69.0,1.0,3.0,33.7
81386.0,92.0,18.0,2.0,1.0,23.2
81387.0,111.33333333333333,52.0,2.0,6.0,18.6
81389.0,105.33333333333333,13.0,1.0,6.0,20.5
81391.0,135.33333333333334,64.0,1.0,4.0,22.3
81392.0,104.66666666666667,11.0,2.0,1.0,33.1
81393.0,96.66666666666667,16.0,2.0,2.0,16.3
81394.0,108.0,10.0,2.0,1.0,18.3
81395.0,106.0,23.0,1.0,1.0,28.5
81396.0,107.33333333333333,21.0,1.0,1.0,27.2
81401.0,92.0,16.0,2.0,4.0,22.4
81405.0,95.33333333333333,10.0,1.0,6.0,18.5
81406.0,100.66666666666667,26.0,2.0,3.0,42.4
81407.0,114.66666666666667,16.0,2.0,2.0,32.6
81408.0,99.33333333333333,30.0,2.0,3.0,23.2
81409.0,120.0,65.0,2.0,7.0,25.4
81411.0,124.0,15.0,1.0,6.0,23.2
81412.0,138.0,67.0,1.0,4.0,24.7
81413.0,108.0,50.0,2.0,3.0,20.5
81414.0,94.0,13.0,1.0,4.0,19.1
81415.0,123.33333333333333,80.0,1.0,4.0,21.2
81419.0,104.0,14.0,2.0,1.0,21.2
81424.0,99.33333333333333,27.0,2.0,2.0,17.8
81426.0,104.0,12.0,2.0,4.0,24.6
81427.0,119.33333333333333,52.0,1.0,1.0,26.3
81428.0,104.66666666666667,26.0,2.0,4.0,18.9
81429.0,132.66666666666666,65.0,2.0,3.0,33.7
81430.0,126.66666666666667,62.0,1.0,3.0,34.7
81432.0,103.33333333333333,8.0,1.0,4.0,20.3
81433.0,123.33333333333333,17.0,1.0,1.0,42.1
81434.0,106.66666666666667,80.0,1.0,3.0,31.5
81435.0,90.0,18.0,1.0,3.0,19.9
81436.0,136.0,80.0,2.0,3.0,18.9
81437.0,114.66666666666667,16.0,1.0,4.0,19.6
81438.0,132.66666666666666,56.0,2.0,1.0,36.0
81441.0,124.0,34.0,1.0,3.0,25.1
81445.0,102.0,10.0,1.0,1.0,26.1
81446.0,104.66666666666667,11.0,2.0,1.0,20.2
81447.0,128.66666666666666,69.0,2.0,3.0,30.0
81448.0,112.0,18.0,1.0,2.0,47.3
81450.0,144.0,56.0,2.0,6.0,27.5
81451.0,106.0,19.0,1.0,3.0,22.2
81452.0,124.0,60.0,1.0,3.0,27.1
81453.0,122.0,22.0,2.0,4.0,17.1
81454.0,130.0,15.0,1.0,7.0,45.3
81456.0,124.66666666666667,80.0,1.0,3.0,31.1
81457.0,120.0,45.0,2.0,3.0,22.5
81460.0,124.0,46.0,2.0,4.0,22.9
81461.0,99.33333333333333,24.0,1.0,6.0,17.9
81462.0,114.0,53.0,2.0,2.0,27.8
81463.0,111.33333333333333,53.0,2.0,4.0,43.7
81464.0,126.66666666666667,68.0,2.0,3.0,35.1
81465.0,138.0,68.0,2.0,6.0,28.5
81468.0,119.33333333333333,74.0,1.0,3.0,25.5
81469.0,110.0,16.0,1.0,1.0,26.0
81470.0,119.33333333333333,43.0,2.0,6.0,24.2
81471.0,100.66666666666667,14.0,2.0,6.0,17.6
81472.0,122.0,29.0,1.0,7.0,32.8
81473.0,118.0,20.0,2.0,4.0,19.1
81474.0,135.33333333333334,78.0,2.0,3.0,22.1
81475.0,112.66666666666667,42.0,2.0,3.0,38.1
81476.0,101.33333333333333,12.0,1.0,3.0,23.7
81477.0,124.0,70.0,2.0,3.0,24.1
81479.0,112.66666666666667,11.0,1.0,4.0,20.0
81480.0,136.0,12.0,1.0,4.0,20.7
81481.0,107.33333333333333,28.0,2.0,2.0,28.6
81482.0,104.66666666666667,49.0,1.0,3.0,28.3
81484.0,149.0,32.0,1.0,3.0,52.6
81485.0,110.66666666666667,51.0,1.0,6.0,25.9
81486.0,126.66666666666667,74.0,1.0,3.0,27.7
81489.0,111.33333333333333,38.0,1.0,6.0,26.2
81490.0,107.33333333333333,26.0,2.0,3.0,46.4
81491.0,119.33333333333333,32.0,1.0,3.0,32.3
81492.0,105.33333333333333,51.0,2.0,6.0,23.4
81494.0,114.66666666666667,38.0,1.0,3.0,27.4
81495.0,124.0,74.0,2.0,3.0,22.9
81496.0,116.66666666666667,14.0,1.0,3.0,34.0
81497.0,105.33333333333333,72.0,2.0,6.0,24.7
81498.0,76.0,11.0,2.0,1.0,21.1
81499.0,112.0,18.0,2.0,1.0,31.0
81502.0,112.0,17.0,1.0,4.0,29.1
81503.0,115.33333333333333,43.0,2.0,6.0,27.3
81504.0,145.0,80.0,1.0,2.0,27.1
81505.0,94.66666666666667,8.0,1.0,4.0,17.1
81506.0,111.33333333333333,22.0,2.0,3.0,46.4
81508.0,139.33333333333334,52.0,2.0,2.0,34.1
81509.0,138.0,42.0,1.0,4.0,20.2
81510.0,111.33333333333333,13.0,2.0,1.0,35.6
81511.0,116.0,16.0,1.0,3.0,22.3
81512.0,118.0,69.0,1.0,6.0,24.1
81514.0,106.0,23.0,1.0,1.0,29.8
81516.0,154.66666666666666,60.0,2.0,4.0,37.4
81517.0,109.33333333333333,15.0,2.0,6.0,23.6
81518.0,97.33333333333333,13.0,2.0,4.0,19.5
81519.0,106.66666666666667,58.0,1.0,3.0,25.8
81521.0,90.66666666666667,55.0,2.0,2.0,21.7
81522.0,130.66666666666666,63.0,2.0,4.0,35.8
81524.0,157.33333333333334,73.0,1.0,2.0,24.4
81525.0,94.0,10.0,1.0,1.0,16.2
81526.0,96.0,16.0,2.0,7.0,18.7
81527.0,130.0,35.0,1.0,4.0,21.0
81528.0,113.33333333333333,41.0,2.0,7.0,29.5
81530.0,150.66666666666666,73.0,2.0,7.0,22.3
81533.0,108.0,25.0,2.0,3.0,23.0
81534.0,152.66666666666666,49.0,2.0,2.0,38.5
81535.0,122.0,46.0,2.0,2.0,25.2
81536.0,85.0,8.0,2.0,2.0,15.8
81537.0,106.0,55.0,2.0,2.0,31.2
81538.0,110.0,12.0,1.0,1.0,17.2
81541.0,104.66666666666667,15.0,2.0,4.0,32.8
81543.0,108.0,14.0,1.0,3.0,17.8
81544.0,124.66666666666667,37.0,1.0,2.0,24.7
81545.0,109.33333333333333,16.0,1.0,1.0,23.3
81547.0,125.33333333333333,60.0,2.0,3.0,30.4
81550.0,126.0,51.0,1.0,3.0,27.4
81551.0,104.66666666666667,15.0,2.0,1.0,18.1
81552.0,132.0,62.0,2.0,4.0,45.9
81553.0,106.0,26.0,2.0,3.0,21.9
81554.0,98.66666666666667,8.0,2.0,1.0,21.4
81556.0,117.33333333333333,25.0,2.0,2.0,24.4
81557.0,102.0,13.0,1.0,7.0,19.1
81559.0,122.66666666666667,31.0,1.0,3.0,28.5
81561.0,110.66666666666667,10.0,1.0,3.0,19.4
81563.0,120.66666666666667,25.0,1.0,3.0,24.0
81564.0,110.66666666666667,50.0,1.0,6.0,24.7
81565.0,96.66666666666667,9.0,1.0,1.0,18.1
81566.0,123.33333333333333,52.0,1.0,3.0,23.2
81568.0,115.0,36.0,2.0,3.0,18.6
81570.0,137.33333333333334,58.0,2.0,4.0,51.1
81571.0,108.0,22.0,2.0,4.0,18.7
81572.0,92.0,15.0,2.0,4.0,35.4
81573.0,132.0,64.0,2.0,4.0,34.2
81574.0,114.66666666666667,34.0,1.0,3.0,28.8
81575.0,101.33333333333333,11.0,1.0,1.0,23.8
81576.0,104.66666666666667,40.0,2.0,1.0,33.7
81577.0,96.66666666666667,9.0,1.0,1.0,20.9
81578.0,140.66666666666666,60.0,1.0,3.0,31.7
81579.0,126.66666666666667,73.0,2.0,1.0,52.2
81580.0,154.0,68.0,2.0,3.0,27.3
81581.0,121.33333333333333,80.0,1.0,6.0,25.0
81582.0,143.33333333333334,72.0,1.0,6.0,25.6
81583.0,116.66666666666667,18.0,2.0,1.0,21.8
81584.0,124.66666666666667,48.0,2.0,4.0,26.8
81585.0,106.66666666666667,36.0,1.0,3.0,25.5
81587.0,156.66666666666666,66.0,2.0,3.0,32.0
81588.0,110.66666666666667,11.0,2.0,4.0,22.0
81589.0,99.33333333333333,9.0,2.0,6.0,20.7
81590.0,109.0,28.0,1.0,2.0,35.2
81591.0,104.66666666666667,14.0,2.0,7.0,30.2
81593.0,150.66666666666666,68.0,1.0,2.0,26.9
81594.0,125.33333333333333,60.0,1.0,6.0,27.0
81595.0,121.33333333333333,80.0,1.0,3.0,32.3
81596.0,116.66666666666667,35.0,1.0,3.0,28.9
81598.0,123.33333333333333,50.0,1.0,1.0,28.1
81599.0,119.33333333333333,46.0,1.0,3.0,26.6
81600.0,135.0,70.0,2.0,3.0,23.8
81601.0,122.66666666666667,65.0,1.0,4.0,24.2
81602.0,124.66666666666667,37.0,2.0,3.0,35.3
81603.0,147.33333333333334,76.0,2.0,3.0,27.7
81604.0,101.33333333333333,29.0,2.0,4.0,25.1
81605.0,114.66666666666667,43.0,1.0,1.0,25.4
81606.0,116.0,42.0,2.0,6.0,20.3
81607.0,116.66666666666667,29.0,2.0,1.0,47.1
81608.0,102.66666666666667,33.0,2.0,3.0,21.2
81609.0,132.66666666666666,54.0,1.0,1.0,34.5
81610.0,130.0,60.0,1.0,1.0,25.1
81611.0,105.33333333333333,31.0,1.0,2.0,26.8
81613.0,114.0,41.0,2.0,3.0,34.6
81614.0,112.66666666666667,21.0,1.0,3.0,19.4
81615.0,96.0,10.0,2.0,1.0,23.0
81616.0,93.33333333333333,10.0,2.0,1.0,18.2
81617.0,198.0,52.0,1.0,2.0,25.4
81618.0,97.0,19.0,2.0,3.0,20.1
81619.0,111.0,18.0,2.0,1.0,15.6
81620.0,106.0,26.0,1.0,4.0,21.0
81621.0,114.0,15.0,2.0,3.0,26.4
81622.0,132.0,65.0,2.0,2.0,37.9
81623.0,160.0,63.0,2.0,6.0,25.8
81624.0,156.0,62.0,2.0,3.0,23.2
81625.0,110.66666666666667,41.0,2.0,2.0,24.9
81627.0,101.33333333333333,24.0,2.0,3.0,24.3
81629.0,134.66666666666666,57.0,2.0,3.0,37.4
81630.0,98.0,14.0,2.0,3.0,28.1
81633.0,118.66666666666667,51.0,1.0,4.0,28.3
81634.0,104.66666666666667,14.0,1.0,3.0,21.3
81636.0,150.0,79.0,1.0,3.0,24.8
81638.0,100.0,15.0,2.0,1.0,21.7
81639.0,98.66666666666667,13.0,2.0,4.0,16.3
81640.0,143.33333333333334,70.0,2.0,3.0,37.7
81641.0,100.66666666666667,9.0,2.0,4.0,20.3
81642.0,118.66666666666667,39.0,1.0,3.0,24.1
81643.0,107.33333333333333,50.0,2.0,2.0,25.1
81645.0,109.33333333333333,52.0,2.0,2.0,23.3
81647.0,101.33333333333333,36.0,2.0,3.0,22.8
81648.0,124.66666666666667,63.0,2.0,3.0,35.2
81649.0,100.66666666666667,19.0,2.0,1.0,26.5
81650.0,120.0,9.0,1.0,1.0,21.6
81653.0,134.0,14.0,1.0,1.0,51.9
81654.0,125.33333333333333,67.0,1.0,3.0,37.8
81656.0,87.33333333333333,14.0,1.0,7.0,19.8
81659.0,111.33333333333333,38.0,2.0,1.0,39.8
81660.0,141.0,80.0,1.0,3.0,27.1
81661.0,138.0,51.0,2.0,3.0,41.8
81662.0,114.0,33.0,2.0,3.0,28.0
81663.0,93.33333333333333,9.0,2.0,1.0,15.0
81664.0,110.66666666666667,51.0,2.0,3.0,42.2
81665.0,120.66666666666667,36.0,1.0,6.0,27.1
81666.0,124.0,37.0,2.0,3.0,29.9
81667.0,102.66666666666667,19.0,2.0,4.0,21.9
81668.0,115.33333333333333,21.0,1.0,4.0,25.7
81669.0,112.0,39.0,2.0,3.0,35.1
81670.0,106.0,15.0,2.0,6.0,19.1
81671.0,134.66666666666666,65.0,1.0,4.0,30.7
81672.0,114.66666666666667,33.0,2.0,1.0,35.5
81674.0,164.66666666666666,74.0,2.0,3.0,17.2
81675.0,143.33333333333334,74.0,2.0,3.0,26.3
81676.0,117.33333333333333,14.0,2.0,2.0,31.3
81677.0,128.0,60.0,1.0,2.0,36.8
81678.0,129.33333333333334,17.0,1.0,4.0,31.4
81679.0,104.66666666666667,36.0,1.0,3.0,27.3
81680.0,110.66666666666667,18.0,2.0,1.0,16.8
81681.0,122.66666666666667,42.0,2.0,1.0,44.0
81683.0,104.0,20.0,2.0,3.0,24.0
81685.0,94.0,12.0,1.0,3.0,17.4
81686.0,129.33333333333334,55.0,2.0,1.0,26.2
81687.0,117.33333333333333,13.0,1.0,1.0,25.3
81689.0,108.0,18.0,2.0,3.0,43.5
81691.0,102.0,9.0,1.0,3.0,16.6
81692.0,113.33333333333333,17.0,2.0,4.0,25.0
81694.0,110.0,80.0,2.0,4.0,30.3
81695.0,118.66666666666667,36.0,2.0,4.0,24.5
81697.0,123.33333333333333,25.0,2.0,3.0,32.2
81698.0,110.0,31.0,1.0,3.0,29.2
81699.0,93.33333333333333,19.0,2.0,4.0,17.6
81700.0,119.33333333333333,30.0,2.0,6.0,24.8
81701.0,122.0,52.0,1.0,3.0,38.4
81703.0,138.0,63.0,1.0,4.0,34.4
81704.0,122.0,45.0,1.0,4.0,27.0
81705.0,97.33333333333333,9.0,1.0,3.0,14.3
81706.0,103.33333333333333,45.0,1.0,4.0,26.8
81707.0,117.33333333333333,26.0,1.0,4.0,25.7
81708.0,112.66666666666667,38.0,2.0,3.0,26.8
81711.0,114.66666666666667,32.0,2.0,1.0,37.4
81712.0,126.0,66.0,1.0,2.0,26.1
81713.0,101.33333333333333,16.0,2.0,4.0,22.5
81714.0,143.0,58.0,2.0,6.0,33.6
81715.0,112.66666666666667,42.0,2.0,3.0,38.5
81716.0,92.66666666666667,11.0,2.0,7.0,19.6
81717.0,115.33333333333333,35.0,1.0,4.0,34.3
81719.0,121.33333333333333,43.0,1.0,6.0,24.8
81720.0,113.33333333333333,11.0,1.0,1.0,20.5
81721.0,104.66666666666667,39.0,2.0,3.0,27.7
81722.0,115.33333333333333,47.0,2.0,4.0,26.2
81724.0,94.66666666666667,10.0,1.0,4.0,13.8
81725.0,98.0,40.0,2.0,6.0,20.2
81726.0,94.66666666666667,80.0,2.0,4.0,27.1
81727.0,96.0,9.0,1.0,1.0,19.0
81730.0,114.0,11.0,2.0,1.0,27.5
81732.0,103.0,13.0,1.0,4.0,19.2
81733.0,118.0,73.0,2.0,4.0,36.9
81734.0,84.66666666666667,10.0,1.0,1.0,14.2
81735.0,97.33333333333333,12.0,2.0,1.0,17.8
81736.0,108.66666666666667,76.0,2.0,3.0,28.5
81737.0,157.33333333333334,70.0,1.0,4.0,19.6
81738.0,114.0,15.0,2.0,1.0,24.5
81740.0,140.0,21.0,1.0,6.0,36.5
81741.0,110.0,43.0,1.0,4.0,26.5
81742.0,161.33333333333334,63.0,1.0,3.0,31.4
81743.0,159.33333333333334,80.0,1.0,3.0,25.4
81745.0,105.33333333333333,16.0,1.0,4.0,27.3
81746.0,82.66666666666667,8.0,2.0,4.0,17.8
81748.0,114.66666666666667,22.0,1.0,4.0,22.9
81750.0,113.33333333333333,22.0,2.0,1.0,26.3
81751.0,102.0,17.0,2.0,1.0,23.6
81752.0,130.0,41.0,1.0,6.0,25.9
81753.0,130.0,28.0,1.0,3.0,19.9
81754.0,106.66666666666667,16.0,2.0,4.0,30.1
81755.0,129.33333333333334,56.0,1.0,3.0,26.8
81758.0,100.66666666666667,14.0,1.0,4.0,23.6
81759.0,100.0,9.0,1.0,4.0,16.5
81760.0,104.0,36.0,2.0,2.0,24.9
81762.0,106.66666666666667,22.0,2.0,2.0,32.3
81763.0,118.66666666666667,61.0,2.0,3.0,28.6
81764.0,157.0,74.0,1.0,1.0,30.1
81765.0,117.0,17.0,1.0,2.0,22.0
81766.0,119.33333333333333,32.0,1.0,4.0,27.0
81768.0,118.66666666666667,48.0,2.0,3.0,27.7
81770.0,123.0,50.0,1.0,1.0,31.4
81771.0,118.0,18.0,1.0,3.0,28.9
81772.0,126.66666666666667,49.0,1.0,2.0,27.4
81773.0,129.33333333333334,20.0,1.0,4.0,24.4
81775.0,104.66666666666667,17.0,1.0,3.0,23.9
81776.0,94.66666666666667,22.0,2.0,3.0,21.8
81777.0,106.0,63.0,2.0,3.0,31.2
81778.0,116.66666666666667,18.0,1.0,4.0,27.1
81779.0,131.33333333333334,63.0,2.0,2.0,34.8
81780.0,120.0,22.0,1.0,1.0,23.0
81781.0,112.0,50.0,1.0,1.0,27.8
81782.0,100.0,17.0,1.0,6.0,21.0
81783.0,114.0,44.0,1.0,4.0,24.7
81784.0,141.33333333333334,53.0,2.0,4.0,30.4
81785.0,119.33333333333333,70.0,2.0,2.0,30.4
81787.0,130.0,34.0,1.0,4.0,28.1
81789.0,117.33333333333333,39.0,1.0,3.0,29.2
81790.0,94.0,8.0,2.0,6.0,14.6
81794.0,150.66666666666666,80.0,2.0,3.0,27.6
81795.0,119.33333333333333,50.0,1.0,1.0,31.5
81796.0,90.66666666666667,8.0,2.0,4.0,16.7
81797.0,131.33333333333334,74.0,2.0,3.0,23.4
81798.0,136.66666666666666,71.0,1.0,3.0,40.8
81799.0,106.66666666666667,10.0,1.0,7.0,23.2
81801.0,150.0,53.0,1.0,2.0,27.0
81802.0,103.33333333333333,30.0,1.0,6.0,26.2
81803.0,107.33333333333333,18.0,1.0,6.0,19.8
81804.0,108.0,14.0,2.0,4.0,20.5
81805.0,119.0,21.0,2.0,2.0,26.4
81806.0,101.0,32.0,2.0,6.0,23.2
81808.0,120.0,18.0,2.0,1.0,25.8
81809.0,117.33333333333333,40.0,1.0,2.0,28.5
81810.0,109.33333333333333,11.0,1.0,7.0,19.0
81812.0,140.0,64.0,2.0,3.0,25.6
81813.0,96.0,63.0,2.0,4.0,33.1
81814.0,128.0,67.0,1.0,3.0,28.8
81815.0,138.0,75.0,1.0,2.0,25.9
81816.0,94.0,51.0,2.0,3.0,27.3
81818.0,128.66666666666666,75.0,1.0,3.0,23.7
81819.0,104.66666666666667,34.0,1.0,3.0,25.6
81820.0,115.33333333333333,65.0,1.0,4.0,22.7
81822.0,180.0,51.0,2.0,6.0,25.4
81823.0,100.66666666666667,64.0,1.0,3.0,31.5
81824.0,138.0,78.0,1.0,3.0,25.3
81825.0,98.0,44.0,2.0,3.0,30.4
81826.0,112.66666666666667,69.0,2.0,4.0,32.4
81827.0,139.33333333333334,73.0,2.0,3.0,29.6
81828.0,115.33333333333333,45.0,2.0,1.0,36.5
81829.0,116.0,43.0,2.0,4.0,24.6
81830.0,129.33333333333334,39.0,1.0,3.0,23.9
81831.0,122.0,72.0,2.0,7.0,47.2
81833.0,133.33333333333334,72.0,1.0,3.0,24.5
81834.0,114.66666666666667,33.0,1.0,6.0,30.8
81835.0,109.0,47.0,2.0,4.0,26.5
81836.0,134.0,36.0,2.0,4.0,31.3
81837.0,120.66666666666667,34.0,2.0,3.0,20.9
81839.0,108.0,13.0,1.0,2.0,30.9
81841.0,94.0,11.0,2.0,3.0,17.8
81842.0,174.0,73.0,2.0,3.0,25.1
81843.0,120.66666666666667,19.0,1.0,3.0,21.5
81844.0,136.0,25.0,1.0,4.0,26.7
81845.0,115.33333333333333,75.0,1.0,3.0,27.8
81846.0,104.0,19.0,2.0,1.0,20.3
81847.0,120.0,38.0,2.0,3.0,25.7
81849.0,108.0,44.0,2.0,1.0,31.4
81850.0,161.33333333333334,67.0,1.0,4.0,33.0
81851.0,148.0,73.0,1.0,3.0,25.8
81853.0,108.0,17.0,1.0,6.0,28.5
81854.0,136.66666666666666,38.0,1.0,4.0,24.4
81855.0,121.33333333333333,27.0,2.0,1.0,37.5
81858.0,98.0,22.0,2.0,7.0,27.2
81860.0,143.0,21.0,1.0,3.0,43.3
81861.0,109.33333333333333,14.0,2.0,3.0,19.4
81863.0,108.66666666666667,56.0,1.0,4.0,31.2
81864.0,109.33333333333333,17.0,1.0,3.0,19.3
81865.0,134.0,42.0,1.0,4.0,35.4
81866.0,104.0,53.0,2.0,4.0,30.5
81867.0,128.0,57.0,1.0,1.0,32.4
81869.0,96.66666666666667,9.0,2.0,2.0,19.8
81871.0,154.66666666666666,80.0,2.0,3.0,29.9
81872.0,103.33333333333333,80.0,1.0,3.0,29.0
81875.0,125.33333333333333,70.0,2.0,1.0,26.9
81876.0,109.33333333333333,9.0,1.0,4.0,17.1
81877.0,120.66666666666667,44.0,2.0,2.0,22.7
81879.0,128.0,73.0,1.0,3.0,24.9
81880.0,98.66666666666667,8.0,2.0,1.0,19.0
81881.0,98.66666666666667,9.0,1.0,1.0,25.5
81882.0,94.66666666666667,36.0,2.0,2.0,29.9
81883.0,114.66666666666667,19.0,1.0,3.0,29.1
81885.0,137.0,30.0,2.0,3.0,34.9
81886.0,98.66666666666667,47.0,1.0,2.0,44.6
81887.0,126.66666666666667,80.0,1.0,3.0,27.3
81889.0,109.33333333333333,20.0,2.0,4.0,20.4
81890.0,110.0,67.0,2.0,2.0,25.6
81891.0,88.66666666666667,28.0,2.0,6.0,19.9
81892.0,108.66666666666667,16.0,1.0,3.0,21.8
81893.0,106.66666666666667,30.0,1.0,6.0,26.4
81894.0,112.66666666666667,32.0,2.0,4.0,51.4
81895.0,124.0,64.0,2.0,4.0,23.2
81896.0,157.33333333333334,80.0,2.0,3.0,20.3
81897.0,106.0,12.0,2.0,2.0,18.6
81898.0,98.66666666666667,29.0,2.0,6.0,32.5
81899.0,116.0,55.0,1.0,1.0,28.3
81900.0,126.66666666666667,54.0,2.0,3.0,19.3
81903.0,118.66666666666667,30.0,1.0,6.0,23.8
81904.0,114.66666666666667,47.0,2.0,2.0,40.8
81905.0,112.0,15.0,1.0,4.0,29.8
81906.0,100.66666666666667,8.0,1.0,1.0,21.5
81907.0,100.0,13.0,1.0,4.0,18.8
81909.0,94.0,18.0,2.0,4.0,21.8
81910.0,140.66666666666666,30.0,1.0,1.0,27.9
81911.0,114.66666666666667,13.0,1.0,4.0,21.9
81913.0,106.0,18.0,2.0,1.0,31.1
81914.0,106.0,15.0,1.0,7.0,20.9
81917.0,87.33333333333333,14.0,1.0,4.0,16.0
81919.0,118.66666666666667,45.0,2.0,3.0,37.4
81920.0,122.66666666666667,50.0,1.0,3.0,29.8
81921.0,108.66666666666667,14.0,2.0,4.0,22.4
81922.0,111.33333333333333,9.0,2.0,3.0,30.6
81923.0,106.0,35.0,1.0,4.0,28.0
81924.0,102.66666666666667,10.0,2.0,1.0,19.4
81926.0,102.0,12.0,1.0,3.0,22.5
81929.0,107.33333333333333,15.0,2.0,1.0,28.2
81930.0,114.0,18.0,1.0,2.0,41.9
81932.0,113.0,24.0,2.0,4.0,27.1
81933.0,108.66666666666667,80.0,2.0,7.0,32.8
81934.0,128.0,61.0,2.0,2.0,32.9
81935.0,136.0,47.0,2.0,3.0,23.5
81940.0,108.0,24.0,2.0,1.0,26.7
81941.0,98.66666666666667,17.0,1.0,2.0,24.5
81942.0,115.33333333333333,22.0,1.0,3.0,17.8
81943.0,108.0,13.0,2.0,7.0,22.3
81944.0,98.66666666666667,32.0,2.0,4.0,33.7
81945.0,127.33333333333333,53.0,2.0,6.0,26.4
81946.0,103.33333333333333,30.0,2.0,2.0,25.5
81948.0,129.0,17.0,1.0,1.0,24.7
81949.0,118.0,47.0,1.0,2.0,29.5
81950.0,102.0,52.0,1.0,4.0,28.5
81951.0,96.0,14.0,1.0,1.0,18.2
81952.0,117.33333333333333,56.0,1.0,7.0,25.2
81953.0,100.66666666666667,22.0,2.0,3.0,27.0
81955.0,106.0,26.0,1.0,4.0,25.4
81956.0,111.33333333333333,35.0,2.0,2.0,36.2
81957.0,124.66666666666667,49.0,1.0,4.0,35.5
81959.0,113.33333333333333,77.0,1.0,3.0,25.0
81960.0,103.33333333333333,17.0,1.0,6.0,19.5
81961.0,120.0,13.0,2.0,3.0,29.9
81962.0,130.0,38.0,2.0,3.0,41.9
81965.0,140.66666666666666,42.0,1.0,3.0,27.8
81966.0,141.33333333333334,31.0,2.0,7.0,35.1
81967.0,121.33333333333333,30.0,2.0,4.0,27.8
81968.0,98.0,26.0,2.0,3.0,21.3
81969.0,114.0,58.0,1.0,6.0,22.5
81970.0,144.66666666666666,53.0,2.0,4.0,38.8
81971.0,98.0,30.0,1.0,3.0,30.7
81974.0,114.0,41.0,1.0,3.0,30.5
81975.0,111.33333333333333,48.0,2.0,3.0,31.3
81977.0,102.0,16.0,2.0,1.0,24.0
81978.0,116.0,63.0,2.0,3.0,29.5
81979.0,132.66666666666666,53.0,1.0,4.0,39.8
81980.0,124.0,38.0,1.0,3.0,36.4
81982.0,123.33333333333333,55.0,2.0,4.0,53.9
81983.0,163.33333333333334,72.0,2.0,4.0,24.9
81985.0,122.0,21.0,1.0,3.0,20.7
81987.0,128.66666666666666,80.0,2.0,6.0,27.5
81988.0,96.0,65.0,1.0,3.0,33.7
81989.0,122.0,46.0,2.0,2.0,37.3
81991.0,104.0,12.0,2.0,4.0,26.1
81992.0,107.33333333333333,51.0,2.0,6.0,20.3
81993.0,180.0,43.0,1.0,6.0,30.5
81994.0,175.33333333333334,80.0,1.0,3.0,25.6
81995.0,152.0,74.0,1.0,6.0,20.3
81996.0,114.0,48.0,1.0,1.0,23.7
81997.0,150.0,80.0,1.0,3.0,30.2
82001.0,112.66666666666667,50.0,1.0,3.0,27.4
82002.0,107.33333333333333,28.0,2.0,3.0,27.0
82003.0,118.66666666666667,22.0,2.0,3.0,35.3
82005.0,130.66666666666666,68.0,1.0,6.0,27.9
82006.0,112.66666666666667,46.0,1.0,4.0,26.8
82007.0,133.33333333333334,55.0,2.0,3.0,19.0
82008.0,98.66666666666667,9.0,2.0,1.0,25.7
82011.0,115.33333333333333,31.0,1.0,3.0,27.3
82012.0,150.0,71.0,2.0,3.0,26.9
82014.0,114.66666666666667,12.0,1.0,3.0,21.3
82017.0,100.0,18.0,2.0,3.0,20.1
82018.0,110.0,11.0,1.0,4.0,20.5
82019.0,135.33333333333334,62.0,1.0,4.0,27.7
82020.0,112.66666666666667,41.0,1.0,3.0,28.5
82021.0,101.33333333333333,53.0,2.0,2.0,22.7
82022.0,129.33333333333334,10.0,2.0,4.0,17.7
82023.0,115.33333333333333,41.0,2.0,3.0,22.0
82025.0,141.33333333333334,78.0,2.0,3.0,26.3
82026.0,158.66666666666666,68.0,1.0,4.0,41.0
82027.0,130.66666666666666,80.0,1.0,3.0,27.3
82028.0,118.66666666666667,46.0,2.0,4.0,40.5
82031.0,135.33333333333334,80.0,2.0,3.0,24.8
82032.0,101.33333333333333,8.0,1.0,4.0,17.4
82034.0,111.33333333333333,13.0,1.0,2.0,23.3
82036.0,119.33333333333333,17.0,1.0,2.0,22.7
82037.0,108.0,43.0,2.0,1.0,35.7
82039.0,98.66666666666667,25.0,2.0,3.0,18.6
82041.0,128.0,66.0,2.0,3.0,27.5
82042.0,119.33333333333333,17.0,1.0,4.0,25.8
82043.0,141.33333333333334,57.0,2.0,6.0,34.5
82044.0,100.0,9.0,2.0,6.0,15.7
82046.0,156.0,80.0,1.0,3.0,35.3
82047.0,128.0,64.0,1.0,3.0,24.7
82049.0,92.66666666666667,15.0,2.0,4.0,24.2
82050.0,94.0,19.0,2.0,2.0,21.3
82051.0,119.33333333333333,42.0,2.0,2.0,22.5
82052.0,111.33333333333333,60.0,2.0,3.0,29.4
82053.0,112.0,43.0,2.0,3.0,30.4
82054.0,86.66666666666667,8.0,1.0,1.0,16.4
82055.0,163.33333333333334,77.0,1.0,3.0,36.2
82056.0,128.66666666666666,76.0,1.0,2.0,34.4
82057.0,114.0,36.0,2.0,4.0,32.4
82059.0,116.0,29.0,2.0,6.0,21.2
82060.0,116.0,25.0,2.0,4.0,27.7
82061.0,178.0,80.0,2.0,4.0,35.5
82062.0,155.0,54.0,2.0,4.0,18.8
82063.0,92.66666666666667,10.0,1.0,3.0,23.7
82066.0,92.66666666666667,15.0,2.0,3.0,30.4
82067.0,154.66666666666666,56.0,2.0,3.0,42.1
82068.0,104.66666666666667,44.0,1.0,1.0,30.1
82069.0,103.33333333333333,10.0,1.0,4.0,17.3
82070.0,115.33333333333333,18.0,1.0,3.0,33.6
82071.0,102.0,16.0,2.0,3.0,35.6
82072.0,108.66666666666667,14.0,1.0,3.0,21.2
82073.0,111.33333333333333,19.0,1.0,3.0,28.3
82075.0,110.0,26.0,1.0,3.0,29.8
82077.0,110.66666666666667,40.0,1.0,6.0,24.2
82078.0,96.66666666666667,8.0,1.0,1.0,19.9
82079.0,117.33333333333333,29.0,2.0,4.0,32.3
82083.0,104.66666666666667,57.0,2.0,3.0,26.3
82085.0,126.66666666666667,54.0,1.0,4.0,28.7
82086.0,116.0,21.0,1.0,3.0,29.4
82087.0,106.0,47.0,1.0,3.0,30.8
82088.0,110.0,19.0,2.0,4.0,22.7
82091.0,140.0,69.0,2.0,4.0,42.8
82093.0,100.66666666666667,36.0,1.0,3.0,24.8
82095.0,126.0,40.0,2.0,4.0,34.4
82096.0,108.0,16.0,1.0,4.0,23.5
82098.0,132.66666666666666,64.0,1.0,1.0,36.8
82099.0,120.0,54.0,1.0,3.0,28.4
82102.0,125.33333333333333,56.0,2.0,6.0,20.4
82103.0,116.0,51.0,1.0,3.0,27.9
82104.0,124.66666666666667,17.0,1.0,3.0,19.9
82105.0,152.66666666666666,49.0,2.0,1.0,30.9
82106.0,109.33333333333333,33.0,2.0,1.0,25.4
82107.0,127.33333333333333,43.0,1.0,3.0,31.8
82108.0,138.0,61.0,1.0,2.0,25.2
82109.0,123.33333333333333,19.0,1.0,3.0,27.9
82110.0,112.0,27.0,1.0,3.0,21.2
82111.0,111.33333333333333,25.0,1.0,3.0,22.0
82112.0,116.0,37.0,2.0,3.0,23.7
82113.0,154.66666666666666,69.0,1.0,3.0,24.4
82114.0,115.33333333333333,14.0,2.0,4.0,28.3
82115.0,117.33333333333333,39.0,1.0,3.0,34.1
82116.0,117.33333333333333,18.0,2.0,1.0,46.7
82117.0,135.33333333333334,20.0,1.0,1.0,29.0
82119.0,95.33333333333333,9.0,1.0,4.0,18.7
82120.0,105.33333333333333,36.0,2.0,3.0,23.0
82123.0,101.33333333333333,15.0,2.0,7.0,21.1
82124.0,106.0,26.0,2.0,7.0,23.8
82125.0,98.0,69.0,2.0,3.0,20.8
82126.0,112.0,56.0,1.0,2.0,23.5
82127.0,97.33333333333333,30.0,2.0,7.0,22.4
82128.0,119.33333333333333,22.0,1.0,3.0,23.5
82130.0,175.33333333333334,67.0,2.0,4.0,26.9
82131.0,178.66666666666666,73.0,2.0,2.0,27.6
82132.0,94.0,8.0,1.0,1.0,23.5
82133.0,132.0,61.0,2.0,3.0,33.4
82134.0,116.66666666666667,38.0,2.0,4.0,28.7
82138.0,115.33333333333333,61.0,1.0,4.0,23.3
82139.0,106.0,39.0,2.0,1.0,31.5
82140.0,112.0,24.0,1.0,4.0,20.4
82141.0,101.0,12.0,2.0,6.0,19.4
82142.0,105.33333333333333,10.0,1.0,3.0,16.8
82143.0,147.33333333333334,73.0,1.0,3.0,24.3
82144.0,128.66666666666666,50.0,2.0,3.0,23.7
82145.0,92.66666666666667,8.0,2.0,3.0,15.6
82147.0,126.66666666666667,56.0,2.0,4.0,47.5
82148.0,118.0,35.0,1.0,6.0,25.5
82149.0,100.66666666666667,25.0,1.0,3.0,29.9
82151.0,124.66666666666667,23.0,1.0,7.0,31.9
82152.0,157.33333333333334,53.0,1.0,4.0,23.7
82153.0,122.0,53.0,1.0,1.0,32.6
82154.0,100.0,12.0,2.0,3.0,14.4
82157.0,138.66666666666666,25.0,1.0,3.0,38.0
82160.0,114.0,60.0,2.0,4.0,31.2
82161.0,116.0,39.0,2.0,1.0,28.1
82162.0,130.66666666666666,68.0,1.0,3.0,34.7
82163.0,132.0,51.0,2.0,3.0,37.4
82164.0,112.66666666666667,40.0,1.0,4.0,32.4
82165.0,126.66666666666667,44.0,1.0,2.0,30.0
82167.0,118.0,70.0,1.0,3.0,26.7
82169.0,104.0,58.0,2.0,2.0,26.2
82170.0,116.0,62.0,2.0,6.0,24.3
82171.0,109.33333333333333,64.0,1.0,3.0,23.9
82172.0,130.66666666666666,29.0,1.0,7.0,24.6
82173.0,117.33333333333333,63.0,2.0,3.0,29.0
82174.0,100.0,10.0,1.0,7.0,14.6
82175.0,98.66666666666667,9.0,1.0,3.0,15.0
82176.0,136.0,57.0,1.0,4.0,35.8
82177.0,112.0,80.0,1.0,3.0,24.6
82179.0,108.0,16.0,2.0,6.0,22.1
82181.0,106.66666666666667,60.0,2.0,3.0,32.2
82182.0,120.0,66.0,2.0,3.0,29.3
82184.0,146.0,72.0,1.0,3.0,27.5
82187.0,102.0,18.0,2.0,3.0,25.1
82188.0,126.0,42.0,1.0,3.0,33.3
82189.0,106.0,30.0,1.0,6.0,22.7
82190.0,102.0,45.0,1.0,1.0,22.2
82191.0,113.33333333333333,76.0,2.0,3.0,39.6
82192.0,110.0,53.0,2.0,2.0,20.0
82193.0,108.66666666666667,16.0,2.0,2.0,20.0
82194.0,106.66666666666667,23.0,2.0,2.0,27.9
82195.0,104.0,20.0,1.0,3.0,22.9
82197.0,110.66666666666667,46.0,2.0,6.0,24.8
82198.0,102.0,17.0,2.0,3.0,25.8
82199.0,110.66666666666667,19.0,2.0,1.0,31.1
82200.0,98.66666666666667,31.0,1.0,1.0,23.5
82201.0,137.33333333333334,80.0,2.0,2.0,27.2
82202.0,113.33333333333333,10.0,2.0,3.0,19.6
82204.0,162.66666666666666,80.0,1.0,3.0,27.4
82205.0,106.66666666666667,43.0,2.0,3.0,20.8
82207.0,142.0,37.0,2.0,3.0,32.8
82209.0,117.33333333333333,34.0,1.0,4.0,24.5
82210.0,117.33333333333333,8.0,1.0,3.0,17.0
82211.0,110.66666666666667,54.0,2.0,3.0,26.2
82212.0,142.0,80.0,2.0,3.0,27.1
82213.0,109.33333333333333,46.0,1.0,3.0,24.2
82214.0,116.0,9.0,2.0,1.0,21.9
82215.0,109.33333333333333,9.0,2.0,7.0,25.4
82216.0,135.33333333333334,52.0,1.0,7.0,29.1
82218.0,116.0,15.0,2.0,3.0,22.9
82219.0,146.66666666666666,49.0,1.0,3.0,26.4
82220.0,94.66666666666667,9.0,2.0,3.0,17.7
82221.0,83.0,44.0,1.0,3.0,26.4
82223.0,118.66666666666667,27.0,1.0,1.0,28.8
82224.0,104.0,20.0,2.0,2.0,19.8
82225.0,128.0,55.0,1.0,1.0,35.9
82226.0,141.33333333333334,80.0,1.0,4.0,25.0
82227.0,103.33333333333333,79.0,2.0,3.0,20.2
82228.0,96.66666666666667,12.0,1.0,3.0,19.6
82229.0,123.33333333333333,16.0,1.0,3.0,28.0
82230.0,116.0,60.0,1.0,6.0,27.6
82231.0,114.0,53.0,1.0,3.0,21.3
82232.0,106.66666666666667,15.0,1.0,1.0,19.7
82233.0,127.0,47.0,2.0,3.0,35.5
82235.0,112.0,73.0,2.0,3.0,36.8
82236.0,138.0,79.0,1.0,3.0,28.2
82238.0,121.33333333333333,66.0,2.0,4.0,28.0
82239.0,95.33333333333333,10.0,1.0,2.0,20.3
82240.0,104.66666666666667,17.0,2.0,3.0,27.9
82241.0,88.0,47.0,2.0,3.0,19.5
82242.0,120.0,16.0,2.0,4.0,21.3
82243.0,106.0,32.0,1.0,3.0,26.1
82246.0,113.33333333333333,17.0,1.0,3.0,17.5
82247.0,126.0,26.0,2.0,3.0,27.1
82248.0,102.0,15.0,2.0,3.0,30.9
82249.0,108.0,17.0,2.0,4.0,32.5
82250.0,114.66666666666667,19.0,1.0,1.0,27.7
82251.0,102.0,10.0,1.0,1.0,18.3
82252.0,101.33333333333333,40.0,2.0,4.0,24.0
82253.0,127.33333333333333,19.0,2.0,4.0,21.3
82254.0,120.66666666666667,77.0,1.0,3.0,27.5
82257.0,103.33333333333333,25.0,2.0,3.0,25.9
82258.0,116.66666666666667,50.0,2.0,6.0,32.4
82259.0,98.0,20.0,1.0,2.0,21.9
82260.0,92.66666666666667,9.0,1.0,3.0,14.8
82261.0,113.33333333333333,42.0,1.0,3.0,33.8
82263.0,90.66666666666667,9.0,2.0,4.0,19.1
82265.0,92.66666666666667,8.0,1.0,3.0,15.9
82269.0,102.66666666666667,23.0,2.0,2.0,29.2
82270.0,142.0,49.0,1.0,6.0,26.0
82271.0,117.33333333333333,23.0,1.0,3.0,22.8
82275.0,110.0,42.0,2.0,6.0,19.7
82277.0,125.33333333333333,71.0,2.0,4.0,35.5
82278.0,116.0,20.0,1.0,3.0,20.7
82279.0,103.33333333333333,13.0,2.0,4.0,20.2
82281.0,141.33333333333334,41.0,2.0,4.0,42.1
82282.0,114.66666666666667,34.0,1.0,3.0,24.9
82283.0,110.0,48.0,1.0,1.0,34.0
82284.0,108.0,8.0,2.0,3.0,13.5
82285.0,114.66666666666667,57.0,2.0,3.0,39.5
82286.0,110.0,14.0,2.0,3.0,24.1
82287.0,98.0,19.0,2.0,2.0,28.4
82288.0,131.33333333333334,55.0,1.0,3.0,23.3
82291.0,136.0,62.0,2.0,3.0,29.8
82294.0,107.33333333333333,8.0,1.0,6.0,15.5
82295.0,152.66666666666666,80.0,1.0,3.0,24.1
82296.0,107.33333333333333,15.0,2.0,2.0,22.2
82299.0,98.66666666666667,8.0,2.0,1.0,19.3
82300.0,117.33333333333333,80.0,2.0,3.0,23.6
82302.0,111.33333333333333,16.0,2.0,7.0,25.2
82305.0,108.66666666666667,8.0,1.0,3.0,28.2
82306.0,114.66666666666667,43.0,1.0,6.0,21.1
82307.0,131.33333333333334,73.0,2.0,3.0,28.4
82308.0,116.66666666666667,33.0,1.0,3.0,24.6
82309.0,117.33333333333333,23.0,2.0,3.0,29.8
82310.0,96.0,19.0,2.0,1.0,16.6
82311.0,122.66666666666667,17.0,1.0,4.0,25.0
82312.0,93.33333333333333,33.0,2.0,3.0,29.2
82313.0,117.33333333333333,15.0,2.0,4.0,21.2
82314.0,101.33333333333333,13.0,1.0,2.0,16.7
82315.0,110.0,23.0,1.0,3.0,23.3
82316.0,148.66666666666666,73.0,1.0,1.0,33.2
82318.0,103.33333333333333,27.0,1.0,4.0,20.2
82319.0,98.0,35.0,2.0,1.0,32.4
82320.0,117.33333333333333,28.0,1.0,3.0,26.6
82321.0,152.66666666666666,59.0,1.0,3.0,22.9
82325.0,116.0,39.0,1.0,3.0,30.5
82326.0,102.0,10.0,1.0,3.0,22.3
82329.0,106.0,45.0,1.0,3.0,25.3
82330.0,132.66666666666666,51.0,2.0,4.0,25.6
82331.0,108.0,16.0,1.0,6.0,22.9
82333.0,104.66666666666667,10.0,2.0,2.0,26.3
82334.0,129.33333333333334,50.0,2.0,4.0,52.0
82335.0,126.66666666666667,52.0,1.0,3.0,32.9
82336.0,148.0,28.0,1.0,4.0,23.5
82337.0,96.0,35.0,2.0,3.0,25.7
82338.0,118.0,31.0,2.0,3.0,32.2
82341.0,108.0,16.0,1.0,4.0,29.2
82342.0,148.66666666666666,25.0,2.0,4.0,46.6
82343.0,137.33333333333334,66.0,2.0,3.0,33.9
82344.0,168.0,70.0,1.0,4.0,22.7
82345.0,108.0,32.0,1.0,4.0,31.0
82346.0,132.66666666666666,51.0,2.0,4.0,40.1
82348.0,102.66666666666667,29.0,2.0,4.0,28.8
82349.0,106.66666666666667,11.0,2.0,3.0,21.1
82351.0,156.0,65.0,1.0,4.0,24.9
82353.0,124.0,53.0,1.0,6.0,27.3
82354.0,116.66666666666667,57.0,2.0,3.0,49.0
82355.0,140.0,70.0,2.0,2.0,27.4
82356.0,134.0,63.0,2.0,4.0,30.3
82357.0,106.66666666666667,26.0,2.0,4.0,25.5
82358.0,104.0,13.0,1.0,7.0,24.6
82359.0,134.0,48.0,1.0,3.0,39.0
82360.0,103.33333333333333,51.0,2.0,3.0,22.9
82361.0,123.33333333333333,17.0,1.0,1.0,44.5
82363.0,176.66666666666666,38.0,1.0,3.0,38.0
82367.0,122.66666666666667,35.0,1.0,1.0,27.8
82368.0,127.0,49.0,2.0,3.0,37.5
82369.0,102.66666666666667,37.0,2.0,4.0,33.4
82370.0,144.0,37.0,1.0,4.0,51.9
82372.0,110.0,44.0,2.0,3.0,30.6
82373.0,111.33333333333333,16.0,2.0,3.0,20.9
82374.0,89.33333333333333,9.0,1.0,2.0,18.9
82375.0,115.33333333333333,49.0,1.0,6.0,27.1
82377.0,106.66666666666667,19.0,1.0,4.0,21.0
82378.0,114.66666666666667,17.0,1.0,6.0,19.9
82380.0,141.33333333333334,44.0,1.0,3.0,27.1
82381.0,141.33333333333334,80.0,2.0,3.0,28.6
82383.0,137.33333333333334,62.0,1.0,1.0,24.3
82384.0,113.33333333333333,65.0,2.0,3.0,31.1
82388.0,114.66666666666667,34.0,1.0,4.0,20.2
82389.0,127.33333333333333,34.0,2.0,3.0,67.5
82391.0,110.66666666666667,26.0,1.0,3.0,28.8
82393.0,110.0,20.0,1.0,2.0,19.3
82394.0,107.33333333333333,18.0,1.0,1.0,25.3
82395.0,86.66666666666667,25.0,2.0,6.0,17.7
82396.0,113.0,19.0,1.0,3.0,19.9
82398.0,113.33333333333333,31.0,1.0,1.0,38.4
82400.0,124.0,16.0,1.0,4.0,23.0
82401.0,112.66666666666667,30.0,2.0,3.0,21.7
82402.0,121.33333333333333,65.0,1.0,6.0,24.8
82403.0,184.66666666666666,80.0,1.0,3.0,22.3
82404.0,116.0,36.0,1.0,3.0,17.7
82405.0,135.33333333333334,53.0,2.0,3.0,39.4
82406.0,133.33333333333334,73.0,1.0,4.0,18.9
82407.0,103.33333333333333,44.0,1.0,7.0,32.8
82408.0,128.0,18.0,1.0,3.0,27.9
82409.0,120.66666666666667,63.0,1.0,3.0,29.2
82410.0,122.66666666666667,35.0,1.0,4.0,26.4
82411.0,102.66666666666667,10.0,1.0,2.0,23.0
82412.0,113.33333333333333,22.0,2.0,2.0,33.6
82413.0,125.0,47.0,2.0,3.0,36.1
82414.0,168.66666666666666,68.0,1.0,4.0,28.6
82416.0,119.33333333333333,50.0,1.0,4.0,32.3
82417.0,116.0,51.0,2.0,1.0,30.7
82418.0,116.66666666666667,16.0,1.0,3.0,19.1
82420.0,126.66666666666667,35.0,1.0,4.0,27.6
82421.0,102.66666666666667,13.0,2.0,6.0,20.0
82422.0,104.0,10.0,2.0,6.0,14.2
82423.0,138.66666666666666,56.0,1.0,4.0,30.2
82425.0,160.0,43.0,2.0,4.0,39.4
82426.0,111.33333333333333,24.0,1.0,1.0,23.9
82427.0,113.33333333333333,48.0,1.0,4.0,30.3
82428.0,124.66666666666667,26.0,2.0,6.0,21.4
82429.0,108.66666666666667,36.0,1.0,3.0,30.2
82430.0,108.66666666666667,24.0,2.0,2.0,31.1
82432.0,131.33333333333334,60.0,1.0,4.0,27.1
82434.0,174.0,70.0,2.0,1.0,26.4
82436.0,122.66666666666667,61.0,1.0,1.0,28.7
82439.0,116.66666666666667,48.0,2.0,3.0,29.7
82440.0,155.33333333333334,63.0,2.0,3.0,17.6
82441.0,123.33333333333333,80.0,2.0,3.0,27.6
82445.0,116.66666666666667,52.0,2.0,2.0,24.3
82446.0,116.66666666666667,66.0,1.0,3.0,32.7
82447.0,107.33333333333333,15.0,2.0,7.0,23.2
82448.0,113.33333333333333,29.0,1.0,3.0,29.3
82449.0,126.66666666666667,42.0,1.0,1.0,32.5
82450.0,100.66666666666667,34.0,2.0,1.0,39.5
82451.0,105.33333333333333,34.0,2.0,3.0,30.7
82452.0,117.33333333333333,20.0,2.0,4.0,21.7
82454.0,103.33333333333333,37.0,2.0,7.0,17.6
82455.0,93.33333333333333,25.0,2.0,2.0,20.6
82459.0,143.33333333333334,80.0,2.0,3.0,24.2
82460.0,132.66666666666666,58.0,2.0,3.0,38.6
82461.0,140.66666666666666,47.0,1.0,3.0,30.7
82462.0,130.66666666666666,36.0,1.0,1.0,29.7
82463.0,102.66666666666667,48.0,2.0,6.0,27.6
82464.0,120.0,62.0,1.0,3.0,22.8
82465.0,114.66666666666667,44.0,2.0,6.0,30.0
82466.0,139.33333333333334,80.0,1.0,3.0,30.4
82467.0,122.0,22.0,1.0,4.0,23.9
82468.0,102.0,11.0,1.0,7.0,16.5
82470.0,110.66666666666667,13.0,1.0,4.0,39.5
82472.0,106.66666666666667,13.0,1.0,3.0,18.8
82476.0,90.0,10.0,1.0,3.0,17.8
82477.0,141.33333333333334,34.0,1.0,3.0,31.5
82478.0,107.33333333333333,12.0,1.0,1.0,22.0
82479.0,126.66666666666667,27.0,1.0,6.0,22.6
82480.0,101.33333333333333,12.0,1.0,3.0,16.5
82483.0,102.0,32.0,1.0,6.0,26.2
82484.0,112.0,14.0,1.0,4.0,28.9
82485.0,105.33333333333333,33.0,2.0,1.0,24.7
82486.0,128.0,40.0,1.0,7.0,22.8
82487.0,117.33333333333333,21.0,1.0,1.0,20.8
82488.0,153.33333333333334,63.0,1.0,3.0,25.5
82489.0,118.0,41.0,1.0,6.0,28.4
82492.0,114.0,25.0,2.0,3.0,22.1
82493.0,104.0,9.0,2.0,3.0,21.1
82494.0,125.33333333333333,19.0,2.0,1.0,45.5
82495.0,133.33333333333334,51.0,2.0,4.0,43.4
82496.0,102.0,8.0,1.0,1.0,13.7
82497.0,98.66666666666667,11.0,2.0,1.0,21.9
82498.0,105.33333333333333,18.0,1.0,1.0,25.8
82499.0,112.66666666666667,12.0,1.0,4.0,26.8
82500.0,128.66666666666666,38.0,1.0,3.0,35.5
82501.0,100.0,38.0,2.0,2.0,21.2
82502.0,116.0,16.0,2.0,3.0,41.3
82503.0,122.0,16.0,2.0,4.0,25.8
82504.0,178.66666666666666,73.0,1.0,2.0,25.9
82505.0,93.33333333333333,8.0,1.0,3.0,14.2
82507.0,108.66666666666667,72.0,1.0,3.0,28.9
82509.0,140.66666666666666,63.0,1.0,1.0,29.7
82511.0,89.33333333333333,9.0,2.0,7.0,20.1
82512.0,108.0,21.0,2.0,3.0,28.9
82513.0,96.0,47.0,1.0,6.0,20.9
82515.0,104.66666666666667,11.0,1.0,6.0,16.9
82516.0,102.0,11.0,1.0,1.0,20.6
82517.0,112.66666666666667,59.0,1.0,4.0,43.4
82518.0,102.66666666666667,13.0,1.0,1.0,22.8
82519.0,110.0,25.0,2.0,1.0,20.4
82520.0,105.0,16.0,2.0,1.0,20.0
82521.0,150.0,70.0,2.0,3.0,42.1
82522.0,98.0,15.0,1.0,2.0,18.4
82527.0,122.0,39.0,2.0,3.0,23.2
82528.0,109.33333333333333,15.0,1.0,2.0,20.1
82529.0,116.0,35.0,2.0,1.0,23.7
82531.0,116.66666666666667,36.0,2.0,7.0,27.6
82532.0,109.33333333333333,16.0,1.0,6.0,21.7
82533.0,115.33333333333333,26.0,2.0,3.0,26.8
82534.0,114.66666666666667,18.0,1.0,1.0,21.4
82535.0,126.66666666666667,64.0,2.0,3.0,21.5
82536.0,105.33333333333333,49.0,2.0,7.0,30.0
82538.0,114.66666666666667,26.0,2.0,1.0,20.0
82540.0,106.66666666666667,20.0,1.0,1.0,26.8
82541.0,143.33333333333334,78.0,2.0,3.0,32.4
82542.0,116.0,66.0,1.0,1.0,27.6
82543.0,92.66666666666667,12.0,2.0,7.0,25.6
82544.0,96.0,9.0,1.0,1.0,19.4
82545.0,88.66666666666667,8.0,1.0,2.0,15.3
82547.0,135.33333333333334,65.0,2.0,6.0,31.4
82549.0,87.33333333333333,8.0,1.0,1.0,12.3
82550.0,113.33333333333333,34.0,2.0,2.0,33.3
82554.0,104.0,54.0,2.0,3.0,20.1
82557.0,128.0,40.0,2.0,3.0,19.0
82558.0,107.33333333333333,54.0,2.0,3.0,30.3
82559.0,142.0,51.0,1.0,3.0,40.3
82560.0,113.33333333333333,48.0,1.0,3.0,29.9
82561.0,110.0,30.0,1.0,3.0,19.8
82562.0,118.0,36.0,2.0,2.0,34.9
82564.0,127.33333333333333,74.0,2.0,4.0,28.3
82565.0,126.66666666666667,71.0,1.0,3.0,28.9
82566.0,113.33333333333333,70.0,1.0,3.0,27.7
82567.0,119.0,25.0,1.0,1.0,22.3
82569.0,118.0,46.0,1.0,3.0,28.7
82570.0,140.0,80.0,1.0,4.0,24.3
82572.0,107.33333333333333,80.0,1.0,3.0,33.7
82574.0,133.33333333333334,36.0,1.0,3.0,20.8
82576.0,174.0,80.0,2.0,3.0,26.3
82577.0,124.0,31.0,2.0,3.0,28.3
82578.0,94.0,11.0,2.0,3.0,18.4
82579.0,119.33333333333333,64.0,2.0,3.0,51.6
82580.0,118.0,51.0,2.0,3.0,37.1
82581.0,129.33333333333334,17.0,1.0,2.0,30.0
82582.0,147.33333333333334,71.0,1.0,4.0,31.9
82587.0,120.0,37.0,1.0,1.0,33.0
82588.0,98.66666666666667,18.0,2.0,4.0,18.6
82589.0,116.66666666666667,48.0,2.0,3.0,27.5
82590.0,93.33333333333333,21.0,2.0,1.0,24.6
82591.0,128.0,29.0,1.0,2.0,34.7
82593.0,85.33333333333333,9.0,1.0,4.0,15.4
82595.0,136.66666666666666,18.0,1.0,3.0,33.1
82596.0,128.0,73.0,1.0,2.0,33.9
82597.0,104.66666666666667,56.0,1.0,6.0,24.7
82600.0,113.33333333333333,12.0,1.0,4.0,22.0
82603.0,134.0,44.0,2.0,6.0,22.0
82604.0,110.0,49.0,1.0,3.0,21.6
82605.0,106.0,46.0,2.0,1.0,24.7
82606.0,103.33333333333333,10.0,1.0,1.0,21.4
82608.0,114.66666666666667,78.0,1.0,1.0,26.2
82609.0,110.0,46.0,2.0,3.0,42.2
82610.0,144.66666666666666,72.0,1.0,3.0,29.2
82611.0,119.33333333333333,33.0,1.0,6.0,28.5
82612.0,208.0,64.0,2.0,1.0,23.7
82613.0,117.0,19.0,1.0,4.0,26.8
82614.0,104.66666666666667,14.0,2.0,6.0,20.3
82615.0,126.0,57.0,1.0,4.0,34.1
82616.0,134.0,63.0,1.0,1.0,29.1
82617.0,104.0,20.0,2.0,4.0,31.3
82618.0,117.33333333333333,45.0,1.0,3.0,33.1
82619.0,140.0,69.0,1.0,3.0,36.9
82621.0,118.0,41.0,1.0,6.0,26.0
82625.0,172.0,79.0,2.0,4.0,26.4
82626.0,120.0,14.0,1.0,4.0,24.9
82627.0,107.33333333333333,37.0,1.0,4.0,30.8
82628.0,106.66666666666667,14.0,2.0,6.0,19.9
82629.0,143.0,41.0,1.0,3.0,35.3
82630.0,103.33333333333333,15.0,2.0,3.0,22.2
82631.0,102.66666666666667,10.0,2.0,1.0,15.8
82633.0,117.33333333333333,15.0,1.0,3.0,28.5
82634.0,131.33333333333334,23.0,1.0,4.0,40.5
82636.0,98.0,46.0,2.0,6.0,20.2
82637.0,122.66666666666667,80.0,1.0,3.0,37.3
82638.0,144.0,29.0,2.0,4.0,37.8
82639.0,128.0,16.0,1.0,4.0,53.3
82640.0,116.0,24.0,2.0,3.0,22.4
82641.0,94.0,8.0,2.0,7.0,14.8
82642.0,170.0,66.0,2.0,2.0,27.0
82643.0,107.33333333333333,38.0,2.0,3.0,18.0
82644.0,103.33333333333333,25.0,1.0,7.0,26.8
82646.0,119.0,56.0,1.0,1.0,32.4
82647.0,104.66666666666667,10.0,2.0,4.0,18.9
82648.0,118.0,25.0,2.0,1.0,30.5
82650.0,110.0,43.0,2.0,4.0,29.7
82651.0,160.66666666666666,78.0,1.0,4.0,39.4
82652.0,185.33333333333334,73.0,1.0,6.0,24.3
82654.0,106.66666666666667,18.0,2.0,2.0,24.2
82655.0,123.33333333333333,75.0,2.0,6.0,32.7
82656.0,100.0,12.0,1.0,3.0,17.2
82657.0,154.0,66.0,2.0,3.0,38.6
82660.0,130.66666666666666,32.0,2.0,3.0,56.3
82664.0,115.33333333333333,48.0,1.0,3.0,24.4
82665.0,110.0,53.0,2.0,3.0,40.5
82666.0,110.66666666666667,47.0,1.0,4.0,25.0
82668.0,117.33333333333333,32.0,1.0,3.0,26.5
82669.0,102.66666666666667,33.0,2.0,4.0,31.3
82670.0,118.0,18.0,1.0,1.0,24.5
82671.0,98.0,30.0,2.0,3.0,35.8
82672.0,89.33333333333333,8.0,1.0,3.0,15.3
82673.0,108.66666666666667,16.0,2.0,4.0,25.8
82674.0,132.66666666666666,45.0,2.0,6.0,24.3
82675.0,106.66666666666667,71.0,1.0,3.0,23.2
82677.0,120.66666666666667,80.0,2.0,1.0,31.5
82678.0,119.33333333333333,58.0,2.0,3.0,18.7
82680.0,108.66666666666667,41.0,1.0,3.0,24.6
82682.0,117.33333333333333,37.0,1.0,4.0,30.3
82684.0,145.33333333333334,42.0,2.0,2.0,33.6
82685.0,100.66666666666667,47.0,1.0,3.0,33.1
82686.0,98.66666666666667,10.0,1.0,2.0,18.7
82688.0,132.0,63.0,1.0,6.0,21.9
82691.0,109.33333333333333,29.0,1.0,3.0,29.0
82692.0,122.0,39.0,1.0,3.0,19.9
82694.0,86.66666666666667,8.0,2.0,1.0,16.2
82695.0,116.66666666666667,20.0,1.0,3.0,28.2
82696.0,100.66666666666667,22.0,2.0,3.0,27.9
82697.0,98.0,18.0,2.0,6.0,18.8
82698.0,158.0,74.0,1.0,4.0,32.1
82701.0,97.33333333333333,14.0,2.0,3.0,22.6
82702.0,123.0,64.0,2.0,4.0,23.6
82703.0,117.33333333333333,50.0,1.0,6.0,27.2
82704.0,123.33333333333333,41.0,1.0,3.0,37.2
82705.0,136.66666666666666,76.0,2.0,4.0,33.4
82706.0,100.66666666666667,9.0,2.0,3.0,15.4
82708.0,144.0,78.0,2.0,3.0,18.1
82709.0,127.33333333333333,61.0,2.0,3.0,23.7
82710.0,170.0,61.0,2.0,3.0,39.7
82712.0,123.33333333333333,56.0,2.0,3.0,53.0
82713.0,119.33333333333333,16.0,1.0,4.0,36.9
82714.0,98.66666666666667,14.0,2.0,1.0,16.8
82715.0,96.0,8.0,2.0,4.0,27.9
82716.0,108.66666666666667,19.0,2.0,1.0,31.9
82717.0,104.66666666666667,14.0,1.0,4.0,23.8
82718.0,110.0,34.0,1.0,3.0,18.2
82719.0,116.66666666666667,35.0,2.0,7.0,45.8
82720.0,119.33333333333333,58.0,1.0,6.0,23.9
82721.0,111.33333333333333,49.0,1.0,3.0,23.4
82723.0,122.0,74.0,2.0,3.0,21.6
82724.0,101.33333333333333,28.0,2.0,1.0,43.2
82726.0,107.33333333333333,16.0,2.0,4.0,23.4
82727.0,106.66666666666667,77.0,1.0,3.0,22.9
82728.0,104.66666666666667,18.0,2.0,1.0,17.0
82729.0,95.33333333333333,22.0,2.0,3.0,21.1
82730.0,94.66666666666667,14.0,2.0,6.0,18.6
82731.0,148.0,36.0,2.0,3.0,56.9
82732.0,104.0,9.0,1.0,3.0,15.0
82733.0,103.33333333333333,40.0,2.0,7.0,19.4
82735.0,116.66666666666667,23.0,2.0,1.0,37.4
82736.0,116.0,26.0,1.0,3.0,19.1
82737.0,216.66666666666666,66.0,2.0,4.0,22.5
82739.0,120.66666666666667,55.0,2.0,3.0,28.4
82740.0,153.33333333333334,65.0,1.0,4.0,23.3
82741.0,92.66666666666667,70.0,1.0,3.0,41.6
82742.0,103.33333333333333,52.0,2.0,6.0,19.3
82743.0,112.0,47.0,2.0,3.0,22.7
82745.0,128.66666666666666,38.0,1.0,3.0,29.0
82746.0,113.33333333333333,33.0,1.0,3.0,29.6
82748.0,126.0,43.0,2.0,4.0,49.0
82749.0,136.66666666666666,64.0,1.0,3.0,50.7
82750.0,92.66666666666667,27.0,2.0,6.0,23.2
82755.0,141.0,32.0,2.0,3.0,50.8
82756.0,118.66666666666667,55.0,1.0,3.0,24.0
82757.0,142.66666666666666,80.0,1.0,3.0,20.3
82758.0,130.66666666666666,52.0,1.0,3.0,33.5
82759.0,124.66666666666667,24.0,1.0,3.0,27.7
82762.0,98.66666666666667,26.0,2.0,7.0,24.9
82763.0,113.33333333333333,12.0,2.0,3.0,21.3
82766.0,91.33333333333333,48.0,2.0,2.0,21.0
82768.0,102.0,9.0,2.0,4.0,18.8
82769.0,106.0,55.0,2.0,6.0,27.3
82770.0,123.33333333333333,46.0,2.0,3.0,23.9
82771.0,141.33333333333334,41.0,1.0,3.0,36.8
82772.0,113.33333333333333,60.0,2.0,3.0,33.1
82773.0,136.66666666666666,67.0,1.0,1.0,26.2
82774.0,117.33333333333333,19.0,2.0,4.0,29.2
82775.0,180.66666666666666,57.0,1.0,2.0,27.2
82776.0,124.66666666666667,37.0,1.0,6.0,23.6
82778.0,127.33333333333333,57.0,1.0,4.0,38.7
82779.0,99.33333333333333,63.0,2.0,3.0,26.5
82780.0,106.66666666666667,28.0,2.0,7.0,31.9
82781.0,111.33333333333333,17.0,2.0,1.0,38.8
82782.0,130.0,53.0,1.0,2.0,25.8
82784.0,119.33333333333333,32.0,2.0,1.0,54.3
82786.0,106.0,11.0,1.0,7.0,25.1
82787.0,111.33333333333333,14.0,1.0,3.0,15.7
82788.0,106.66666666666667,43.0,1.0,6.0,21.4
82789.0,93.33333333333333,9.0,1.0,4.0,15.5
82790.0,134.66666666666666,72.0,1.0,3.0,29.2
82791.0,117.33333333333333,56.0,2.0,3.0,33.0
82794.0,100.66666666666667,55.0,2.0,2.0,18.6
82796.0,101.33333333333333,11.0,1.0,6.0,16.2
82797.0,107.33333333333333,18.0,2.0,1.0,21.1
82798.0,110.0,31.0,2.0,4.0,24.2
82799.0,91.33333333333333,9.0,1.0,3.0,16.6
82802.0,110.0,76.0,1.0,3.0,20.9
82803.0,110.66666666666667,23.0,2.0,1.0,31.7
82804.0,113.33333333333333,11.0,1.0,7.0,30.4
82805.0,113.33333333333333,34.0,2.0,3.0,36.6
82808.0,120.66666666666667,9.0,1.0,1.0,31.1
82809.0,110.0,8.0,2.0,7.0,37.7
82811.0,98.0,51.0,2.0,3.0,19.9
82812.0,139.33333333333334,62.0,1.0,4.0,17.7
82813.0,120.0,24.0,2.0,3.0,23.4
82814.0,120.0,44.0,1.0,4.0,51.2
82816.0,154.66666666666666,66.0,1.0,4.0,31.7
82818.0,108.0,11.0,1.0,4.0,18.1
82820.0,168.0,78.0,1.0,3.0,26.9
82821.0,108.66666666666667,13.0,1.0,4.0,17.5
82822.0,161.33333333333334,56.0,1.0,4.0,32.8
82823.0,114.0,70.0,2.0,3.0,19.5
82824.0,112.66666666666667,16.0,1.0,3.0,23.2
82825.0,102.66666666666667,18.0,2.0,4.0,28.0
82826.0,155.33333333333334,64.0,1.0,6.0,29.1
82829.0,119.33333333333333,63.0,1.0,3.0,31.3
82832.0,109.33333333333333,49.0,2.0,3.0,23.2
82834.0,122.0,12.0,2.0,6.0,18.5
82838.0,112.66666666666667,26.0,2.0,4.0,43.1
82839.0,107.33333333333333,32.0,2.0,3.0,19.1
82840.0,111.33333333333333,59.0,1.0,3.0,31.7
82841.0,127.33333333333333,45.0,1.0,6.0,25.4
82842.0,133.0,68.0,2.0,3.0,19.0
82843.0,107.33333333333333,14.0,2.0,4.0,18.0
82844.0,128.0,58.0,1.0,3.0,24.4
82845.0,134.66666666666666,64.0,1.0,6.0,19.5
82846.0,105.33333333333333,33.0,2.0,6.0,22.0
82848.0,108.0,18.0,2.0,7.0,29.3
82849.0,111.33333333333333,80.0,1.0,3.0,25.8
82850.0,114.66666666666667,30.0,1.0,3.0,28.4
82851.0,110.0,51.0,2.0,1.0,21.1
82854.0,126.0,68.0,1.0,1.0,31.9
82855.0,104.0,80.0,1.0,3.0,25.8
82856.0,123.33333333333333,44.0,1.0,7.0,31.2
82857.0,160.0,47.0,2.0,4.0,48.4
82859.0,112.0,80.0,2.0,6.0,20.1
82860.0,108.66666666666667,48.0,1.0,3.0,25.7
82862.0,114.66666666666667,39.0,2.0,6.0,20.7
82864.0,109.33333333333333,31.0,1.0,3.0,20.2
82865.0,118.66666666666667,14.0,2.0,2.0,28.6
82868.0,134.0,78.0,1.0,3.0,22.2
82874.0,133.33333333333334,59.0,2.0,3.0,51.3
82876.0,136.66666666666666,80.0,1.0,6.0,28.6
82879.0,134.66666666666666,76.0,2.0,4.0,27.3
82881.0,138.0,70.0,1.0,3.0,26.1
82882.0,141.33333333333334,80.0,2.0,6.0,20.8
82884.0,116.66666666666667,18.0,1.0,3.0,16.2
82885.0,93.33333333333333,10.0,1.0,4.0,16.1
82886.0,185.33333333333334,80.0,1.0,3.0,30.0
82888.0,141.33333333333334,21.0,1.0,4.0,18.9
82889.0,128.0,66.0,1.0,3.0,31.7
82891.0,101.33333333333333,11.0,1.0,2.0,21.0
82893.0,87.33333333333333,15.0,2.0,3.0,22.2
82894.0,95.33333333333333,49.0,1.0,6.0,25.6
82895.0,122.66666666666667,57.0,2.0,2.0,30.6
82896.0,110.0,22.0,2.0,4.0,27.3
82897.0,102.66666666666667,46.0,2.0,3.0,23.6
82898.0,109.33333333333333,66.0,1.0,1.0,25.8
82899.0,136.66666666666666,66.0,1.0,1.0,29.5
82900.0,166.66666666666666,80.0,1.0,3.0,25.5
82901.0,135.33333333333334,68.0,1.0,1.0,32.6
82902.0,129.0,41.0,2.0,3.0,51.0
82903.0,121.33333333333333,57.0,2.0,2.0,30.0
82904.0,114.0,68.0,2.0,3.0,29.4
82906.0,106.66666666666667,72.0,1.0,3.0,19.8
82907.0,124.66666666666667,21.0,1.0,4.0,19.8
82909.0,103.33333333333333,55.0,1.0,3.0,45.8
82912.0,87.33333333333333,10.0,2.0,3.0,17.4
82913.0,114.66666666666667,28.0,1.0,4.0,18.8
82915.0,116.66666666666667,70.0,1.0,3.0,42.3
82916.0,121.33333333333333,53.0,2.0,3.0,24.0
82917.0,102.0,42.0,1.0,6.0,30.7
82918.0,174.0,80.0,1.0,3.0,27.1
82920.0,98.0,45.0,2.0,3.0,19.1
82921.0,94.66666666666667,9.0,1.0,2.0,24.4
82924.0,132.0,21.0,2.0,3.0,22.0
82925.0,166.66666666666666,38.0,1.0,6.0,28.0
82926.0,144.0,57.0,2.0,6.0,24.1
82929.0,109.33333333333333,51.0,2.0,3.0,20.0
82930.0,108.66666666666667,14.0,2.0,6.0,30.4
82931.0,156.0,70.0,1.0,2.0,28.9
82932.0,102.66666666666667,23.0,2.0,3.0,40.5
82933.0,138.0,29.0,1.0,7.0,35.0
82938.0,125.33333333333333,52.0,2.0,4.0,32.4
82939.0,126.66666666666667,23.0,1.0,4.0,35.1
82940.0,114.66666666666667,21.0,2.0,3.0,22.8
82942.0,100.66666666666667,12.0,1.0,3.0,21.6
82943.0,122.0,45.0,1.0,6.0,22.7
82945.0,110.0,80.0,2.0,3.0,36.9
82946.0,134.0,45.0,2.0,3.0,42.3
82948.0,104.66666666666667,45.0,2.0,3.0,27.1
82949.0,128.66666666666666,67.0,1.0,3.0,33.6
82951.0,134.66666666666666,65.0,2.0,4.0,36.3
82952.0,131.33333333333334,66.0,2.0,3.0,25.6
82953.0,131.33333333333334,68.0,1.0,3.0,17.7
82956.0,142.66666666666666,72.0,1.0,7.0,17.7
82957.0,102.0,38.0,2.0,2.0,24.9
82958.0,104.66666666666667,11.0,1.0,1.0,26.7
82959.0,129.33333333333334,55.0,1.0,4.0,21.8
82961.0,130.0,61.0,2.0,4.0,30.7
82962.0,111.33333333333333,47.0,1.0,4.0,19.6
82963.0,116.66666666666667,60.0,2.0,3.0,38.9
82964.0,141.33333333333334,60.0,1.0,4.0,32.4
82965.0,108.66666666666667,38.0,2.0,1.0,45.6
82967.0,114.66666666666667,80.0,2.0,3.0,22.8
82968.0,132.0,79.0,2.0,3.0,27.4
82969.0,142.0,54.0,1.0,1.0,41.7
82970.0,148.0,60.0,1.0,1.0,32.0
82971.0,116.0,34.0,2.0,3.0,37.1
82974.0,153.0,54.0,1.0,1.0,25.5
82975.0,104.0,44.0,2.0,3.0,27.9
82976.0,110.66666666666667,22.0,1.0,3.0,21.9
82977.0,110.66666666666667,10.0,2.0,7.0,18.3
82978.0,117.33333333333333,41.0,2.0,6.0,21.7
82980.0,115.33333333333333,12.0,2.0,4.0,24.1
82983.0,106.0,10.0,2.0,6.0,13.4
82984.0,113.33333333333333,12.0,2.0,1.0,29.7
82986.0,125.33333333333333,15.0,1.0,6.0,16.8
82987.0,161.0,60.0,1.0,3.0,36.4
82989.0,146.66666666666666,80.0,1.0,4.0,36.9
82990.0,110.66666666666667,66.0,1.0,1.0,26.6
82991.0,106.0,16.0,2.0,4.0,30.6
82992.0,106.0,17.0,2.0,3.0,23.9
82993.0,92.0,8.0,2.0,4.0,15.8
82995.0,102.0,72.0,1.0,3.0,23.9
82996.0,148.0,37.0,2.0,1.0,25.6
82997.0,142.66666666666666,53.0,2.0,1.0,36.4
82998.0,133.33333333333334,61.0,1.0,4.0,30.7
82999.0,113.33333333333333,35.0,1.0,1.0,28.6
83001.0,115.33333333333333,43.0,2.0,6.0,26.0
83002.0,99.33333333333333,50.0,1.0,1.0,28.5
83003.0,107.33333333333333,32.0,2.0,3.0,21.5
83004.0,102.66666666666667,34.0,1.0,3.0,23.4
83005.0,117.33333333333333,72.0,1.0,3.0,31.3
83006.0,120.0,71.0,2.0,2.0,31.7
83007.0,123.33333333333333,66.0,1.0,1.0,29.3
83008.0,103.33333333333333,10.0,2.0,4.0,25.9
83009.0,103.33333333333333,24.0,1.0,2.0,24.0
83011.0,98.66666666666667,21.0,2.0,2.0,24.5
83012.0,98.0,12.0,2.0,7.0,16.9
83014.0,114.66666666666667,29.0,1.0,1.0,36.7
83015.0,103.33333333333333,8.0,1.0,3.0,16.9
83016.0,111.33333333333333,80.0,2.0,4.0,24.3
83017.0,104.66666666666667,17.0,2.0,1.0,26.6
83018.0,108.0,20.0,2.0,2.0,19.2
83019.0,156.0,57.0,2.0,4.0,27.2
83020.0,161.33333333333334,62.0,1.0,4.0,29.8
83021.0,100.66666666666667,15.0,2.0,1.0,26.3
83022.0,96.0,10.0,1.0,3.0,14.3
83024.0,112.0,13.0,2.0,2.0,17.3
83025.0,94.66666666666667,15.0,2.0,4.0,27.1
83026.0,155.33333333333334,76.0,1.0,6.0,24.2
83027.0,109.33333333333333,50.0,2.0,4.0,27.2
83029.0,100.66666666666667,8.0,1.0,3.0,21.5
83031.0,116.0,49.0,1.0,2.0,30.2
83032.0,92.0,8.0,1.0,4.0,16.0
83033.0,181.33333333333334,60.0,2.0,4.0,24.2
83035.0,84.66666666666667,9.0,1.0,2.0,19.4
83036.0,91.33333333333333,17.0,2.0,1.0,22.4
83037.0,140.0,66.0,2.0,4.0,31.0
83038.0,114.66666666666667,12.0,1.0,3.0,20.8
83039.0,122.0,19.0,1.0,3.0,16.2
83040.0,102.0,11.0,2.0,4.0,21.7
83041.0,104.0,32.0,2.0,3.0,26.9
83042.0,130.0,26.0,2.0,4.0,41.5
83044.0,98.66666666666667,14.0,1.0,4.0,17.7
83045.0,109.33333333333333,51.0,1.0,1.0,22.9
83046.0,132.66666666666666,79.0,2.0,4.0,28.1
83047.0,117.33333333333333,31.0,1.0,6.0,20.9
83048.0,110.0,48.0,1.0,3.0,32.1
83050.0,118.66666666666667,46.0,2.0,2.0,22.2
83051.0,110.0,13.0,1.0,4.0,17.1
83052.0,144.0,76.0,1.0,4.0,28.1
83053.0,114.0,11.0,2.0,3.0,17.1
83054.0,88.0,12.0,1.0,3.0,17.5
83055.0,103.33333333333333,10.0,2.0,4.0,20.2
83056.0,92.0,16.0,2.0,1.0,19.3
83058.0,120.66666666666667,27.0,1.0,7.0,22.4
83059.0,110.66666666666667,19.0,1.0,3.0,22.6
83060.0,106.0,15.0,2.0,3.0,17.3
83061.0,136.66666666666666,55.0,2.0,1.0,39.2
83062.0,109.33333333333333,14.0,1.0,1.0,21.6
83063.0,127.33333333333333,53.0,2.0,4.0,30.1
83064.0,163.33333333333334,41.0,1.0,4.0,35.2
83065.0,101.33333333333333,44.0,2.0,4.0,26.2
83066.0,110.0,9.0,1.0,4.0,24.5
83068.0,123.0,59.0,2.0,1.0,47.2
83069.0,100.0,25.0,2.0,6.0,23.7
83070.0,125.33333333333333,71.0,2.0,6.0,29.6
83071.0,88.66666666666667,10.0,2.0,3.0,16.2
83073.0,115.33333333333333,53.0,2.0,3.0,25.9
83074.0,97.33333333333333,27.0,2.0,3.0,24.6
83075.0,169.33333333333334,77.0,2.0,6.0,21.9
83077.0,85.33333333333333,8.0,2.0,6.0,21.1
83078.0,121.33333333333333,32.0,1.0,3.0,30.3
83081.0,133.33333333333334,41.0,1.0,3.0,42.1
83082.0,122.0,27.0,1.0,4.0,29.9
83083.0,118.66666666666667,23.0,2.0,2.0,31.7
83084.0,133.33333333333334,50.0,1.0,1.0,27.1
83085.0,103.33333333333333,18.0,1.0,6.0,21.4
83087.0,120.0,39.0,1.0,3.0,35.0
83088.0,112.0,78.0,2.0,4.0,20.0
83092.0,130.0,57.0,1.0,1.0,26.8
83093.0,94.0,16.0,1.0,1.0,23.6
83094.0,111.33333333333333,43.0,1.0,6.0,24.6
83096.0,110.0,23.0,2.0,1.0,34.3
83097.0,116.66666666666667,51.0,1.0,3.0,22.1
83098.0,116.0,80.0,2.0,3.0,25.4
83099.0,125.33333333333333,32.0,1.0,6.0,20.6
83100.0,133.33333333333334,57.0,2.0,4.0,42.9
83101.0,102.66666666666667,21.0,2.0,7.0,27.4
83102.0,114.66666666666667,11.0,1.0,1.0,30.3
83103.0,133.33333333333334,32.0,2.0,4.0,38.3
83104.0,106.0,59.0,1.0,6.0,22.7
83106.0,126.0,44.0,1.0,4.0,26.4
83108.0,134.0,49.0,2.0,4.0,33.6
83109.0,140.0,80.0,1.0,3.0,19.6
83110.0,116.66666666666667,34.0,1.0,1.0,32.2
83111.0,138.0,64.0,2.0,6.0,22.5
83113.0,91.33333333333333,8.0,2.0,3.0,16.4
83114.0,142.0,69.0,1.0,3.0,28.8
83116.0,209.33333333333334,65.0,2.0,4.0,17.2
83117.0,92.66666666666667,16.0,2.0,2.0,26.0
83118.0,125.33333333333333,71.0,2.0,6.0,20.7
83119.0,106.0,9.0,1.0,4.0,19.7
83121.0,97.33333333333333,14.0,2.0,6.0,14.3
83122.0,113.33333333333333,48.0,2.0,3.0,30.4
83123.0,144.66666666666666,50.0,1.0,4.0,33.5
83124.0,119.33333333333333,64.0,1.0,3.0,36.4
83125.0,120.66666666666667,45.0,1.0,6.0,26.6
83127.0,133.33333333333334,38.0,1.0,1.0,32.1
83128.0,104.66666666666667,35.0,1.0,4.0,30.4
83130.0,120.0,38.0,1.0,6.0,31.0
83131.0,115.33333333333333,30.0,2.0,6.0,21.4
83133.0,108.66666666666667,10.0,2.0,4.0,15.4
83134.0,109.33333333333333,13.0,2.0,3.0,24.8
83136.0,100.0,31.0,1.0,3.0,25.4
83138.0,116.66666666666667,54.0,1.0,4.0,30.7
83139.0,110.66666666666667,16.0,1.0,3.0,19.8
83140.0,116.66666666666667,44.0,2.0,6.0,32.3
83142.0,139.0,79.0,2.0,3.0,28.5
83143.0,132.0,71.0,1.0,4.0,26.3
83144.0,124.66666666666667,34.0,2.0,3.0,40.5
83145.0,114.66666666666667,16.0,1.0,3.0,18.6
83146.0,114.66666666666667,67.0,1.0,2.0,28.8
83147.0,128.66666666666666,73.0,1.0,3.0,39.4
83148.0,110.66666666666667,54.0,1.0,4.0,22.9
83150.0,111.33333333333333,43.0,2.0,2.0,32.3
83151.0,104.66666666666667,23.0,2.0,1.0,32.1
83152.0,134.0,27.0,1.0,4.0,26.4
83153.0,122.0,20.0,1.0,6.0,18.6
83154.0,122.0,26.0,1.0,3.0,24.4
83156.0,110.0,13.0,2.0,6.0,20.0
83157.0,111.33333333333333,31.0,1.0,6.0,29.6
83158.0,111.33333333333333,38.0,1.0,3.0,23.3
83159.0,108.0,47.0,1.0,4.0,27.1
83160.0,120.0,80.0,2.0,3.0,30.4
83162.0,92.0,19.0,2.0,3.0,22.9
83163.0,140.66666666666666,57.0,1.0,1.0,24.5
83164.0,93.33333333333333,8.0,1.0,3.0,16.1
83165.0,104.0,47.0,2.0,6.0,21.5
83168.0,100.0,8.0,1.0,6.0,15.2
83170.0,138.66666666666666,68.0,2.0,1.0,32.4
83171.0,111.33333333333333,52.0,2.0,3.0,32.9
83172.0,108.66666666666667,23.0,1.0,1.0,28.7
83173.0,107.33333333333333,16.0,2.0,6.0,20.2
83174.0,128.0,44.0,2.0,6.0,25.0
83176.0,97.33333333333333,9.0,2.0,4.0,20.9
83177.0,105.33333333333333,36.0,2.0,3.0,23.2
83179.0,146.0,64.0,1.0,4.0,32.3
83181.0,113.33333333333333,18.0,1.0,6.0,25.5
83182.0,118.66666666666667,45.0,2.0,4.0,22.7
83183.0,128.0,76.0,1.0,1.0,32.3
83184.0,152.66666666666666,59.0,2.0,3.0,22.7
83185.0,126.66666666666667,17.0,2.0,3.0,21.5
83187.0,116.0,65.0,1.0,3.0,20.7
83188.0,107.33333333333333,18.0,1.0,3.0,18.5
83191.0,116.66666666666667,62.0,2.0,6.0,27.5
83192.0,112.66666666666667,57.0,1.0,1.0,32.5
83193.0,186.66666666666666,80.0,2.0,7.0,24.6
83196.0,122.0,61.0,2.0,4.0,34.7
83197.0,107.33333333333333,25.0,2.0,1.0,19.2
83199.0,97.33333333333333,9.0,2.0,3.0,18.7
83201.0,113.33333333333333,53.0,2.0,3.0,24.6
83202.0,118.0,73.0,1.0,3.0,33.1
83203.0,115.0,61.0,2.0,3.0,27.9
83204.0,92.0,11.0,1.0,3.0,14.7
83206.0,114.0,36.0,1.0,3.0,28.6
83207.0,142.0,60.0,1.0,1.0,38.8
83208.0,103.33333333333333,30.0,2.0,6.0,23.3
83210.0,116.0,63.0,2.0,3.0,22.8
83211.0,115.33333333333333,13.0,1.0,3.0,20.0
83213.0,110.0,10.0,1.0,2.0,25.3
83214.0,99.33333333333333,42.0,2.0,1.0,30.5
83215.0,135.33333333333334,42.0,2.0,3.0,34.2
83218.0,118.66666666666667,52.0,1.0,3.0,25.4
83219.0,92.0,8.0,2.0,6.0,17.9
83220.0,128.0,23.0,1.0,2.0,31.8
83222.0,131.33333333333334,51.0,2.0,2.0,27.8
83226.0,94.0,8.0,1.0,4.0,15.7
83227.0,108.66666666666667,15.0,1.0,1.0,26.1
83228.0,97.33333333333333,8.0,1.0,1.0,16.0
83229.0,108.0,10.0,1.0,4.0,27.5
83233.0,142.66666666666666,51.0,1.0,7.0,19.5
83234.0,92.66666666666667,19.0,2.0,6.0,23.1
83235.0,92.66666666666667,10.0,2.0,1.0,16.7
83236.0,129.33333333333334,52.0,2.0,3.0,24.8
83237.0,109.33333333333333,52.0,2.0,3.0,31.9
83238.0,154.66666666666666,79.0,2.0,6.0,24.3
83239.0,150.66666666666666,80.0,1.0,2.0,26.9
83241.0,122.0,51.0,1.0,2.0,32.7
83242.0,104.66666666666667,10.0,1.0,2.0,23.7
83244.0,118.0,80.0,1.0,3.0,20.9
83246.0,98.66666666666667,17.0,2.0,6.0,21.8
83248.0,106.66666666666667,35.0,2.0,1.0,29.4
83249.0,128.0,28.0,2.0,3.0,34.7
83250.0,132.0,66.0,1.0,7.0,28.0
83251.0,87.33333333333333,23.0,2.0,3.0,16.9
83252.0,110.66666666666667,41.0,2.0,4.0,28.8
83253.0,98.0,55.0,2.0,4.0,23.9
83255.0,113.33333333333333,80.0,2.0,3.0,21.3
83256.0,96.66666666666667,19.0,2.0,3.0,16.8
83257.0,102.0,9.0,2.0,1.0,15.0
83258.0,114.66666666666667,33.0,2.0,4.0,25.4
83259.0,102.66666666666667,15.0,1.0,4.0,20.1
83260.0,101.33333333333333,24.0,2.0,7.0,21.4
83262.0,132.66666666666666,80.0,1.0,3.0,25.2
83263.0,121.33333333333333,41.0,1.0,6.0,22.1
83267.0,111.33333333333333,13.0,1.0,2.0,19.3
83268.0,116.0,25.0,1.0,3.0,27.3
83270.0,114.66666666666667,18.0,1.0,6.0,24.6
83271.0,112.0,21.0,1.0,3.0,24.9
83272.0,207.33333333333334,65.0,2.0,1.0,27.0
83273.0,125.0,10.0,2.0,7.0,17.8
83274.0,100.0,10.0,2.0,4.0,20.9
83275.0,107.33333333333333,17.0,1.0,1.0,24.1
83276.0,116.0,35.0,1.0,3.0,24.2
83277.0,127.33333333333333,51.0,1.0,4.0,22.7
83278.0,107.33333333333333,38.0,2.0,3.0,23.7
83279.0,130.66666666666666,75.0,2.0,3.0,27.1
83280.0,126.66666666666667,39.0,1.0,3.0,37.1
83282.0,125.33333333333333,71.0,2.0,3.0,27.8
83284.0,96.66666666666667,52.0,2.0,3.0,18.3
83285.0,114.0,29.0,1.0,3.0,24.5
83286.0,108.66666666666667,24.0,2.0,1.0,21.5
83287.0,129.33333333333334,63.0,2.0,4.0,24.9
83288.0,100.0,9.0,2.0,6.0,21.0
83289.0,132.0,23.0,1.0,4.0,51.9
83292.0,119.33333333333333,64.0,2.0,1.0,31.7
83293.0,97.0,10.0,2.0,1.0,20.6
83294.0,120.66666666666667,80.0,1.0,2.0,24.2
83295.0,116.66666666666667,14.0,2.0,2.0,26.8
83296.0,108.0,25.0,2.0,3.0,21.4
83297.0,116.0,75.0,2.0,3.0,27.3
83299.0,110.66666666666667,66.0,1.0,3.0,27.2
83300.0,129.33333333333334,80.0,2.0,3.0,38.3
83301.0,117.33333333333333,30.0,2.0,3.0,42.0
83303.0,94.0,10.0,1.0,1.0,21.2
83305.0,127.0,53.0,2.0,1.0,53.6
83307.0,116.66666666666667,10.0,2.0,3.0,24.6
83309.0,110.0,42.0,2.0,6.0,23.0
83311.0,110.66666666666667,63.0,1.0,3.0,28.0
83313.0,97.33333333333333,24.0,2.0,4.0,29.0
83314.0,126.0,54.0,1.0,4.0,39.7
83316.0,107.33333333333333,31.0,2.0,4.0,34.9
83319.0,118.0,15.0,1.0,6.0,21.5
83320.0,144.66666666666666,63.0,1.0,1.0,31.2
83321.0,156.66666666666666,80.0,2.0,4.0,27.9
83323.0,191.0,68.0,1.0,4.0,30.6
83325.0,97.33333333333333,13.0,2.0,3.0,16.6
83326.0,136.0,65.0,2.0,3.0,25.7
83328.0,104.0,48.0,2.0,1.0,34.5
83329.0,108.66666666666667,21.0,2.0,2.0,19.9
83331.0,127.33333333333333,18.0,1.0,1.0,21.9
83332.0,100.0,14.0,2.0,1.0,31.6
83333.0,124.0,47.0,1.0,6.0,25.5
83334.0,123.33333333333333,27.0,1.0,4.0,25.6
83335.0,115.33333333333333,12.0,1.0,4.0,16.6
83336.0,136.66666666666666,32.0,2.0,1.0,27.8
83338.0,118.66666666666667,52.0,1.0,6.0,22.5
83339.0,98.66666666666667,12.0,1.0,2.0,18.4
83341.0,108.66666666666667,68.0,2.0,4.0,19.7
83344.0,104.66666666666667,15.0,1.0,6.0,24.3
83345.0,139.33333333333334,54.0,1.0,3.0,34.0
83347.0,117.33333333333333,80.0,2.0,3.0,24.9
83348.0,114.0,15.0,1.0,2.0,20.3
83349.0,104.66666666666667,18.0,2.0,4.0,20.3
83350.0,114.66666666666667,15.0,1.0,1.0,36.1
83351.0,131.33333333333334,63.0,1.0,3.0,35.6
83352.0,140.66666666666666,20.0,1.0,4.0,28.1
83354.0,115.0,48.0,2.0,4.0,31.3
83355.0,94.0,15.0,1.0,4.0,24.4
83356.0,109.33333333333333,21.0,2.0,3.0,25.9
83357.0,105.33333333333333,10.0,1.0,4.0,22.0
83358.0,124.0,37.0,1.0,4.0,36.9
83359.0,134.66666666666666,60.0,2.0,1.0,41.1
83360.0,113.33333333333333,25.0,1.0,3.0,21.9
83362.0,106.0,31.0,2.0,6.0,20.6
83363.0,106.66666666666667,28.0,1.0,3.0,27.5
83364.0,137.33333333333334,46.0,1.0,1.0,33.7
83365.0,109.33333333333333,48.0,2.0,2.0,32.5
83368.0,95.33333333333333,43.0,2.0,6.0,20.3
83369.0,120.0,63.0,2.0,4.0,24.4
83370.0,102.0,9.0,2.0,1.0,21.6
83371.0,115.33333333333333,15.0,1.0,3.0,26.3
83372.0,95.33333333333333,25.0,2.0,2.0,25.5
83373.0,118.66666666666667,15.0,1.0,4.0,22.7
83374.0,121.33333333333333,61.0,1.0,3.0,34.6
83375.0,120.0,70.0,1.0,2.0,30.4
83376.0,109.33333333333333,43.0,2.0,4.0,50.0
83377.0,98.66666666666667,11.0,2.0,3.0,31.9
83379.0,118.66666666666667,48.0,2.0,3.0,23.7
83380.0,123.33333333333333,46.0,2.0,3.0,24.1
83381.0,125.33333333333333,59.0,1.0,7.0,36.6
83382.0,115.33333333333333,44.0,1.0,3.0,27.1
83383.0,99.33333333333333,12.0,2.0,3.0,24.0
83384.0,106.0,9.0,1.0,3.0,13.5
83385.0,126.0,50.0,2.0,3.0,20.1
83388.0,118.66666666666667,50.0,1.0,3.0,28.2
83389.0,120.66666666666667,30.0,1.0,3.0,35.7
83390.0,128.0,71.0,1.0,1.0,31.9
83391.0,127.33333333333333,56.0,2.0,1.0,37.7
83392.0,118.0,35.0,1.0,3.0,30.9
83394.0,110.0,80.0,1.0,3.0,30.4
83395.0,154.0,75.0,2.0,2.0,34.5
83396.0,102.66666666666667,21.0,1.0,6.0,16.7
83398.0,124.0,56.0,2.0,1.0,24.8
83399.0,125.33333333333333,23.0,1.0,7.0,19.4
83400.0,99.33333333333333,16.0,2.0,1.0,23.0
83403.0,134.66666666666666,80.0,2.0,3.0,30.0
83405.0,112.0,11.0,2.0,7.0,28.0
83406.0,104.66666666666667,80.0,2.0,3.0,23.4
83407.0,102.0,15.0,2.0,4.0,24.5
83408.0,109.33333333333333,36.0,1.0,3.0,22.5
83409.0,124.66666666666667,43.0,2.0,2.0,30.1
83411.0,124.0,41.0,2.0,1.0,22.2
83412.0,127.0,33.0,2.0,4.0,22.5
83413.0,106.0,10.0,2.0,4.0,17.3
83414.0,124.66666666666667,47.0,1.0,1.0,36.8
83415.0,98.66666666666667,26.0,2.0,6.0,19.9
83417.0,124.0,33.0,1.0,2.0,27.4
83418.0,97.33333333333333,10.0,2.0,6.0,17.7
83420.0,165.33333333333334,80.0,2.0,3.0,25.8
83423.0,111.33333333333333,66.0,1.0,2.0,25.9
83424.0,116.0,57.0,2.0,4.0,27.6
83425.0,112.66666666666667,34.0,2.0,6.0,21.8
83426.0,148.0,56.0,2.0,3.0,36.5
83427.0,94.66666666666667,27.0,2.0,1.0,28.8
83428.0,148.0,63.0,2.0,3.0,25.1
83430.0,116.66666666666667,23.0,2.0,4.0,24.6
83431.0,124.0,64.0,2.0,3.0,23.7
83432.0,142.66666666666666,62.0,1.0,3.0,32.6
83433.0,98.0,29.0,2.0,3.0,22.8
83435.0,105.33333333333333,8.0,2.0,4.0,19.0
83436.0,170.66666666666666,76.0,1.0,1.0,24.1
83437.0,167.33333333333334,49.0,2.0,4.0,38.9
83438.0,120.66666666666667,57.0,1.0,4.0,28.3
83439.0,116.66666666666667,30.0,1.0,6.0,24.6
83440.0,100.0,13.0,2.0,6.0,19.7
83441.0,116.0,62.0,1.0,1.0,22.3
83445.0,124.0,80.0,2.0,3.0,25.9
83446.0,144.66666666666666,68.0,1.0,4.0,31.2
83447.0,125.33333333333333,32.0,1.0,2.0,38.2
83448.0,126.0,43.0,2.0,6.0,32.8
83450.0,155.33333333333334,68.0,1.0,2.0,29.4
83451.0,111.33333333333333,16.0,1.0,2.0,20.7
83452.0,168.0,48.0,1.0,3.0,31.3
83453.0,102.0,19.0,2.0,3.0,21.0
83454.0,97.33333333333333,15.0,1.0,3.0,20.0
83455.0,94.0,44.0,2.0,3.0,21.6
83456.0,98.0,65.0,2.0,1.0,21.9
83457.0,98.0,13.0,2.0,6.0,16.4
83458.0,90.66666666666667,11.0,2.0,3.0,15.5
83459.0,104.66666666666667,31.0,2.0,3.0,45.1
83460.0,116.0,79.0,1.0,4.0,26.0
83461.0,133.33333333333334,42.0,2.0,2.0,23.4
83463.0,104.66666666666667,10.0,1.0,3.0,16.6
83464.0,106.0,75.0,2.0,4.0,28.6
83465.0,129.33333333333334,24.0,1.0,3.0,25.1
83467.0,104.66666666666667,20.0,1.0,4.0,25.0
83468.0,108.0,15.0,1.0,3.0,20.4
83472.0,132.66666666666666,63.0,2.0,3.0,25.1
83474.0,97.33333333333333,11.0,2.0,1.0,16.3
83475.0,91.33333333333333,13.0,2.0,2.0,20.4
83476.0,134.0,22.0,1.0,1.0,23.0
83477.0,132.66666666666666,20.0,1.0,4.0,25.3
83478.0,106.0,33.0,1.0,3.0,26.7
83479.0,92.0,8.0,2.0,4.0,13.5
83480.0,88.0,24.0,2.0,3.0,22.0
83481.0,132.66666666666666,80.0,1.0,4.0,32.9
83482.0,122.66666666666667,11.0,2.0,2.0,25.2
83483.0,126.0,54.0,2.0,4.0,36.1
83484.0,114.66666666666667,67.0,2.0,3.0,32.9
83485.0,120.0,18.0,1.0,4.0,19.7
83487.0,105.33333333333333,33.0,1.0,3.0,27.0
83490.0,111.33333333333333,8.0,1.0,1.0,15.0
83491.0,118.66666666666667,39.0,2.0,4.0,40.0
83492.0,101.33333333333333,22.0,1.0,7.0,24.3
83494.0,118.0,19.0,2.0,3.0,30.0
83496.0,111.33333333333333,18.0,2.0,4.0,23.8
83497.0,102.66666666666667,29.0,2.0,3.0,23.2
83499.0,132.0,30.0,1.0,4.0,32.0
83501.0,115.0,10.0,1.0,3.0,33.6
83502.0,102.66666666666667,8.0,2.0,1.0,15.9
83503.0,116.0,24.0,1.0,4.0,33.2
83505.0,160.66666666666666,70.0,2.0,6.0,23.0
83507.0,126.0,50.0,1.0,2.0,27.5
83510.0,130.66666666666666,54.0,1.0,4.0,32.8
83512.0,106.0,9.0,1.0,1.0,21.7
83514.0,127.33333333333333,53.0,2.0,1.0,26.3
83516.0,142.66666666666666,66.0,2.0,6.0,23.9
83517.0,105.0,17.0,2.0,6.0,19.6
83518.0,121.33333333333333,33.0,2.0,4.0,30.2
83519.0,138.0,19.0,1.0,3.0,40.9
83520.0,112.0,49.0,2.0,2.0,22.4
83522.0,144.66666666666666,35.0,2.0,6.0,24.1
83523.0,104.66666666666667,17.0,2.0,3.0,20.0
83524.0,143.33333333333334,55.0,2.0,6.0,19.9
83525.0,131.0,33.0,1.0,3.0,35.7
83526.0,133.33333333333334,58.0,1.0,1.0,37.8
83527.0,116.66666666666667,18.0,1.0,2.0,25.8
83528.0,110.66666666666667,69.0,1.0,4.0,24.7
83529.0,146.66666666666666,59.0,2.0,6.0,21.1
83531.0,102.0,15.0,1.0,4.0,23.3
83532.0,120.0,17.0,2.0,1.0,45.2
83533.0,122.0,63.0,1.0,4.0,28.4
83535.0,142.0,69.0,1.0,4.0,31.7
83536.0,100.66666666666667,20.0,2.0,1.0,38.9
83539.0,153.0,73.0,2.0,6.0,20.9
83540.0,103.33333333333333,30.0,1.0,3.0,26.9
83541.0,114.0,44.0,1.0,1.0,27.1
83542.0,137.33333333333334,71.0,2.0,4.0,35.1
83543.0,131.33333333333334,71.0,1.0,4.0,22.7
83544.0,129.33333333333334,68.0,1.0,1.0,29.6
83546.0,134.0,59.0,1.0,3.0,26.4
83548.0,104.66666666666667,10.0,1.0,3.0,17.5
83550.0,111.33333333333333,8.0,1.0,3.0,21.1
83552.0,134.0,60.0,1.0,2.0,27.9
83553.0,126.0,71.0,1.0,7.0,36.1
83554.0,102.0,49.0,1.0,7.0,31.3
83555.0,98.66666666666667,9.0,2.0,4.0,16.5
83556.0,134.0,55.0,2.0,6.0,26.8
83557.0,132.0,61.0,1.0,4.0,26.5
83558.0,112.0,43.0,2.0,4.0,28.0
83559.0,120.66666666666667,14.0,1.0,6.0,25.2
83561.0,112.66666666666667,14.0,1.0,3.0,20.5
83562.0,100.0,21.0,2.0,3.0,21.1
83563.0,127.33333333333333,59.0,2.0,3.0,30.1
83564.0,104.66666666666667,15.0,2.0,1.0,31.4
83565.0,112.66666666666667,34.0,1.0,7.0,34.9
83566.0,94.0,14.0,2.0,3.0,16.6
83567.0,125.33333333333333,68.0,1.0,4.0,23.6
83568.0,113.33333333333333,32.0,2.0,4.0,26.9
83569.0,134.66666666666666,53.0,1.0,3.0,27.6
83574.0,118.66666666666667,19.0,1.0,6.0,18.1
83575.0,132.66666666666666,20.0,1.0,4.0,22.6
83576.0,122.66666666666667,65.0,2.0,3.0,44.0
83577.0,111.33333333333333,10.0,2.0,3.0,16.0
83578.0,131.33333333333334,63.0,2.0,3.0,27.1
83580.0,114.66666666666667,28.0,1.0,3.0,29.8
83581.0,103.33333333333333,41.0,2.0,4.0,24.6
83582.0,94.0,9.0,2.0,1.0,21.2
83583.0,122.0,20.0,1.0,3.0,37.4
83584.0,116.0,56.0,2.0,3.0,32.9
83585.0,118.66666666666667,43.0,1.0,3.0,37.3
83586.0,121.33333333333333,50.0,1.0,3.0,21.9
83587.0,96.66666666666667,11.0,2.0,4.0,18.1
83588.0,93.33333333333333,10.0,1.0,4.0,21.5
83589.0,106.66666666666667,59.0,1.0,3.0,26.6
83590.0,154.66666666666666,77.0,1.0,4.0,36.0
83591.0,109.0,16.0,2.0,6.0,20.2
83592.0,126.0,58.0,1.0,3.0,29.0
83595.0,129.0,63.0,1.0,4.0,33.9
83596.0,89.33333333333333,8.0,2.0,1.0,17.9
83597.0,103.33333333333333,42.0,2.0,3.0,29.4
83600.0,184.0,80.0,2.0,3.0,28.0
83604.0,122.0,60.0,1.0,6.0,24.5
83609.0,98.66666666666667,10.0,2.0,3.0,14.2
83610.0,120.0,18.0,1.0,3.0,23.8
83612.0,127.33333333333333,72.0,1.0,3.0,30.5
83613.0,92.66666666666667,23.0,1.0,3.0,23.8
83614.0,120.66666666666667,62.0,1.0,4.0,23.1
83615.0,116.0,80.0,1.0,3.0,24.9
83616.0,130.0,60.0,2.0,1.0,34.7
83618.0,101.33333333333333,40.0,1.0,2.0,29.4
83619.0,111.33333333333333,31.0,1.0,3.0,26.7
83620.0,114.0,29.0,2.0,6.0,20.0
83623.0,110.66666666666667,80.0,1.0,3.0,28.4
83624.0,137.33333333333334,50.0,2.0,4.0,34.3
83625.0,100.66666666666667,58.0,2.0,1.0,24.6
83626.0,102.66666666666667,8.0,1.0,4.0,16.8
83627.0,132.0,49.0,1.0,3.0,28.5
83628.0,116.66666666666667,13.0,1.0,3.0,36.4
83630.0,169.33333333333334,80.0,2.0,3.0,26.0
83631.0,98.66666666666667,9.0,2.0,1.0,18.4
83632.0,123.33333333333333,47.0,1.0,3.0,29.1
83633.0,122.66666666666667,45.0,1.0,3.0,29.7
83634.0,114.0,51.0,1.0,3.0,27.5
83636.0,118.66666666666667,25.0,1.0,3.0,26.7
83637.0,117.33333333333333,40.0,1.0,1.0,48.0
83638.0,114.0,80.0,1.0,3.0,24.2
83639.0,118.0,80.0,2.0,3.0,14.2
83640.0,131.33333333333334,79.0,2.0,2.0,28.0
83641.0,89.33333333333333,15.0,2.0,4.0,19.2
83642.0,114.0,33.0,1.0,7.0,27.4
83643.0,102.66666666666667,29.0,2.0,3.0,22.3
83644.0,103.33333333333333,8.0,1.0,1.0,19.3
83646.0,116.66666666666667,56.0,1.0,4.0,21.7
83647.0,108.66666666666667,20.0,2.0,3.0,29.3
83648.0,106.66666666666667,18.0,2.0,3.0,20.5
83650.0,132.0,67.0,2.0,2.0,23.9
83651.0,101.33333333333333,10.0,1.0,1.0,20.4
83654.0,102.66666666666667,8.0,1.0,4.0,19.5
83658.0,122.0,50.0,2.0,2.0,32.7
83659.0,101.33333333333333,19.0,1.0,1.0,27.3
83660.0,134.66666666666666,69.0,1.0,1.0,29.5
83663.0,116.0,72.0,2.0,3.0,27.9
83664.0,116.0,37.0,1.0,4.0,19.7
83665.0,110.0,31.0,2.0,6.0,26.2
83666.0,109.33333333333333,13.0,1.0,4.0,17.4
83667.0,104.0,30.0,2.0,6.0,31.4
83668.0,102.0,21.0,2.0,6.0,20.7
83669.0,115.0,41.0,1.0,3.0,22.4
83672.0,125.33333333333333,36.0,1.0,4.0,35.7
83673.0,108.0,17.0,2.0,1.0,29.1
83674.0,126.0,40.0,1.0,3.0,32.8
83675.0,92.66666666666667,12.0,1.0,3.0,34.0
83676.0,118.0,51.0,2.0,1.0,25.9
83677.0,103.33333333333333,18.0,2.0,1.0,26.8
83678.0,122.0,42.0,2.0,3.0,18.3
83679.0,119.33333333333333,14.0,2.0,4.0,19.3
83680.0,109.33333333333333,12.0,1.0,2.0,30.2
83682.0,104.66666666666667,12.0,1.0,4.0,35.3
83683.0,104.0,33.0,2.0,1.0,30.0
83684.0,134.66666666666666,80.0,1.0,3.0,28.8
83687.0,142.0,70.0,2.0,3.0,31.4
83688.0,108.0,29.0,2.0,3.0,22.5
83689.0,108.66666666666667,30.0,2.0,4.0,23.6
83690.0,95.33333333333333,49.0,2.0,3.0,28.6
83691.0,104.0,12.0,1.0,1.0,18.4
83692.0,100.0,68.0,1.0,4.0,19.1
83693.0,107.33333333333333,13.0,2.0,3.0,30.3
83694.0,114.66666666666667,36.0,2.0,7.0,25.3
83696.0,136.0,16.0,1.0,7.0,28.5
83699.0,115.33333333333333,37.0,2.0,3.0,20.8
83701.0,130.0,45.0,2.0,4.0,25.6
83702.0,152.0,80.0,2.0,3.0,27.9
83703.0,128.66666666666666,22.0,1.0,1.0,35.2
83704.0,112.66666666666667,15.0,1.0,3.0,39.3
83705.0,100.0,35.0,2.0,2.0,25.6
83707.0,105.33333333333333,18.0,1.0,1.0,22.5
83708.0,96.66666666666667,64.0,1.0,3.0,49.4
83709.0,118.66666666666667,24.0,1.0,3.0,24.3
83711.0,110.0,38.0,2.0,3.0,33.5
83712.0,125.33333333333333,61.0,1.0,3.0,30.0
83713.0,114.66666666666667,34.0,1.0,6.0,23.7
83714.0,112.66666666666667,19.0,2.0,3.0,28.1
83715.0,118.0,58.0,1.0,3.0,26.3
83716.0,98.66666666666667,17.0,1.0,3.0,24.1
83718.0,116.0,60.0,2.0,4.0,27.4
83720.0,131.0,36.0,1.0,4.0,23.9
83721.0,109.33333333333333,52.0,1.0,3.0,25.6
83723.0,140.0,61.0,1.0,1.0,33.1
83724.0,166.66666666666666,80.0,1.0,3.0,24.9
83727.0,112.66666666666667,26.0,1.0,2.0,24.5
83729.0,134.66666666666666,42.0,2.0,4.0,34.0
83731.0,92.66666666666667,11.0,1.0,6.0,19.3
